<root>

<document>
<entry>
<id>53.1</id>
<ti>L’école des filles ou mémoires de Constance</ti>
<det>
<pl>Londres.</pl>
<y>1753,</y>
<f>2 t. in -12,</f>
<p>413, 365p.</p>
</det>
<bib>At BNt (t.II mq.) LQE X, 15-22, juin 1753; LV Gay Momet</bib>
<ex>Aucun rapport avec les deux ouvrages du XVIIe siècle intitulés L’école des filles, cités par B; ceux-ci sont ‘ en dialogues ’.</ex>
<res>
<r_p>Ire personne;</r_p>
<r_pl>province, Paris;</r_pl>
<r_n>madame de Lys, M. le Président, Durval, Mme de la Chaise;</r_n>
<r_c>malheurs d’une jeune fille dont la famille est ruinée;</r_c>
<r_s>sensibilité.</r_s>
</res>
<ae>Autres éditions: — L’école des demoiselles ou..., Amsterdam, 1753, 4 part. in-8 (A, BMt, LV, Gay, Momet) -Amsterdam, Arkstée et Merkus, 1754, 4 part, in-12, 126, 114, 126, 88p. (Angrémyt ) -1759, 4 part, in-12 (A, BM. Gay) —1769, 4t. in-18 (Gay)</ae>
</entry>
</document>

<document>
<entry>
<id>53.2</id>
<au>
<a>ARBUTHNOT, John</a>
<trd>trad. par François VELLY</trd>
</au>
<s>t</s>
<ti>Le procès sans fin ou l’histoire de John Bull, publiée sur un manuscrit trouvé dans le cabinet du fameux sire Humfroy Polesworth en l’année 1712 par le docteur Swift.</ti>
<det>
<pl>Londres,</pl>
<pb>J. Nours</pb>
<y>(sic), 1753,</y>
<f>in -12,</f>
<p>xxiii + 248p.</p>
</det>
<bib>A BNt LQE IX, 169-178, mai 1753; LV Q Rochedieu Streeter</bib>
<tr>Trad. de The History of John Bull, 1712.</tr>
<ex>BUR 1787, juillet I, contient une analyse de l’ouvrage. ‘ L’histoire de John Bull est une allégorie critique de la guerre de 1702’, Avertissement, p.iii.</ex>
<res>
<r_p>3e personne;</r_p>
<r_pl>Philippe</r_pl>
<r_n>Baboon, le chevalier South, John Bull, Nicolas Frog;</r_n>
<r_c>récit allégorique.</r_c>
</res>
<ae>Autre édition : — Dresde, Walther, 1754 (Rochedieu)</ae>
</entry>
</document>

<document>
<entry>
<id>53.3</id>
<au>
<a>ARCQ, Philippe-Auguste de Sainte-Foix, chevalier d’</a>
</au>
<s>m</s>
<ti>Lettres d’Osman</ti>
<det>
<pl>Constantinople,</pl>
<y>1753,</y>
<f>3 part, in - 12,</f>
<p>178, 179, 179p.</p>
</det>
<bib>At BMt BN CorrLjuin 1753; LQE IX, 206- 13, mai 1753; Raynal, avril 1754; LV B Delcro Dufrenoy Momet Q</bib>
<res>
<r_st>En marge: lettres; Osman (à Paris) écrit à Zamar (à Constantinople); critique des moeurs. Osman rencontre, vers la fin du livre, un certain Igli, héros des Lettres iroquoises (v. 52.34).</r_st>
</res>
<ae>Autres éditions: - 1755, in - 12 (BN) —... nouvelle édition augmentée, Constantinople, 1756, in-8, 247p. (Amiens, La Hayet, NN)</ae>
</entry>
</document>

<document>
<entry>
<id>53.4</id>
<au>
<a>BASTIDE, Jean-François de</a>
</au>
<ti>Les têtes folles</ti>
<det>
<pl>Londres &amp; Paris,</pl>
<pb>Tilliard,</pb>
<y>1753,</y>
<f>in-12,</f>
<p>189p.</p>
</det>
<bib>A BNt LQE IX, 18-27, mars 1753; LV B Delcro Gay Momet Q</bib>
<ex>V. BUR 1781, nov., pp.l 13 -66, pour une version abrégée.</ex>
<res>
<r_p>Ire personne;</r_p>
<r_c>une jeune fille aimée par un génie, Zélidor; conversations sur l’amour; conte merveilleux. S2.R51 VOLTAIRE, François-Marie Arouet de Œuvres (1752-56) 52.43</r_c>
</res>
</entry>
</document>

<document>
<entry>
<id>53.5</id>
<au>
<a>BASTIDE, Jean-François de</a>
</au>
<ti>La trentaine de Cithère</ti>
<det>
<y>Londres 1753,</y>
<f>in-12,</f>
<p>236p.</p>
</det>
<bib>A BMt BNt LQE XII, 189-94, nov. 1753; LV B Momet Q</bib>
<ex>V. aussi 64.16</ex>
<res>
<r_p>3e personne avec récits intercalés Ire personne;</r_p>
<r_pl>cadre grec;</r_pl>
<r_n>Mélite, Moncade, Lise, Iphis;</r_n>
<r_c>rencontres galantes; anecdotes sur l’amour (l’Amour essaie de rétablir son influence en prêchant un carême, mais c’est Vénus, c.-à-d. le plaisir libertin, qui gagne la partie);</r_c>
<r_s>ton satirique.</r_s>
</res>
<ae>Autres éditions: - 1763, in-12 (Gay) — Le repentir des amants, Amsterdam &amp; Paris, Panckoucke, 1764 (B, Dufrenoy, Gay, Mornet, Q) V. 64.16. — Le repentir des amans, Amsterdam, 1766, 132p. (Oronf, MBAt, B, Gay, Q). B et Q donnent 1766 ou 1776. - 1776(Gay)</ae>
</entry>
</document>

<document>
<entry>
<id>53.6</id>
<au>
<a>BERINGTON, Simon</a>
<ed>adapt. par Jean-Baptiste nt DUPUY-DEMPORTES</ed>
</au>
<ti>Mémoires de Gaudence de Luques, prisonnier de l’Inquisition augmentés de plusieurs cahiers qui avoient été perdus à la douanne de Marseille, enrichis de sçavantes remarques de monsieur Rhedi et de figures en taille douce</ti>
<det>
<pl>Amsterdam,</pl>
<y>1753,</y>
<f>4 part, in - 12,</f>
<p>xiv+ lx + 123 (pour 132), 204, 204, 232p.</p>
</det>
<bib>At BNt LQE VIII, 313-325, mars 1753; LV Delcro Gove Kleinwàchter Rochedieu Streeter Wijngaarden</bib>
<tr>Trad. de The Memoirs ofSig’r Gaudentio di Lucca, 1737. Cet ouvrage avait déjà été traduit en 1746.</tr>
<res>
<r_p>Ire personne (le héros raconte sa vie aux</r_p>
<r_pl>Inquisiteurs);</r_pl>
<r_n>Italie, pays méditerranéens;</r_n>
<r_c>aventures romanesques, voyages.</r_c>
</res>
<ae>De nouveaux épisodes ont été rajoutés à la version de 1753, qui est d’ailleurs une traduction différente. Cette version, dans cette édition, constitue les tomes XIX - XX de la Bibliothèque de campagne, Amsterdam &amp; Paris, veuve Duchesne, 1778, 24 t. (BNt) ### Autres éditions: — Amsterdam &amp; Leipzig, 1754, 4 part, in -12 (BM, Gove, Rochedieu) — Amsterdam &amp; Liège, F.-J. Desoer, 1777, 4 t. (A, Gove, Rochedieu) — ds Voyages imaginaires. t.VI, 1787-89 (v. 87.R16) — Paris, J.-B. Rousseau, 1797,4 t. (DLC,Gove, Rochedieu)</ae></entry>
</document>

<document>
<entry>
<id>53.7</id>
<au>
<a>BLANES, Henri-Barthélemy</a>
</au>
<ti>Roman oriental</ti>
<det>
<pl>Paris,</pl>
<pb>Huart et Moreau,</pb>
<y>1753,</y>
<f>2 part, in -12,</f>
<p>191, 197p.</p>
</det>
<bib>At BNt LQE IX, 80-84, avril 1753 B Dufrenoy Momet Q</bib>
<ex>‘ Satire de l’éducation du prince héritier ’, Dufrenoy.</ex>
<res>
<r_p>3e personne avec récits intercalés Ire personne;</r_p>
<r_n>Arménie, Omar, le seigneur Fan-Fre Luche, Salnaïm;</r_n>
<r_c>aventures merveilleuses d’un prince qui cherche sa bien-aimée;</r_c>
<r_s>conte de fées.</r_s>
</res>
<ae>Autres éditions: — Paris, Duchesne, 1753, 2 t. in -12 (A, BN) — 3e édition, Paris, Pissot, 1753 (At, LV, Momet)</ae>
</entry>
</document>

<document>
<entry>
<id>53.8</id>
<au>
<a>BOUDIER DE VILLEMERT, Pierre-Joseph</a>
</au>
<ti>Le monde joué ou mémoires pour servir à l’histoire du genre humain</ti>
<det>
<pl>Berlin,</pl>
<y>1753,</y>
<f>in -12,</f>
<p>vi + 108p.</p>
</det>
<bib>A BNt Delcro Momet Q</bib>
<ex>Publié sous le pseudonyme : Abel Polythalasse.</ex>
<res>
<r_p>3e personne;</r_p>
<r_c>le génie Zouzou tire l’humanité de son heureuse léthargie et sème des folies chez les hommes;</r_c>
<r_s>ton satirique.</r_s>
</res>
</entry>
</document>

<document>
<entry>
<id>53.9</id>
<au>
<a>CHEVRIER, François-Antoine</a>
</au>
<ti>Mémoires de madame la baronne de Saint Clair</ti>
<det>
<pl>La Haye,</pl>
<y>1753,</y>
<f>2 part, in-12,</f>
<p>vi + 199, 191p.</p>
</det>
<bib>A BMf BNt AL 1754, VI, 215-6; LQE IX, 178-82, mais 1753 Delcro Gay Gillet Mornet Q</bib>
<ex>Attribué aussi à Jean-François de Bastide.</ex>
<res>
<r_p>3e personne avec lettres;</r_p>
<r_pl>France;</r_pl>
<r_n>M. de Monbuisson, le marquis de Sursac, Mme de Saint Clair;</r_n>
<r_c>intrigue sentimentale entre une veuve et l’ami de feu son mari.</r_c>
</res>
</entry>
</document>

<document>
<entry>
<id>53.10</id>
<au>
<a>CHEVRIER, François-Antoine</a>
</au>
<ti>Mémoires d’une honnête femme écrits par elle-même et publiés par M. de Chevrier</ti>
<det>
<pl>Londres,</pl>
<y>1753,</y>
<f>3 part, in-12,</f>
<p>119, 116, 144p.</p>
</det>
<bib>A BM BNt AL 1754, VI, 216-17; CorrL avril 1763; LV Delcro Gay Gillet Mornet Q</bib>
<res>
<r_p>Ire personne;</r_p>
<r_pl>Dijon, Paris, Londres;</r_pl>
<r_n>la marquise de Malbonne, la mère Sophie, le comte de Courmont;</r_n>
<r_c>voyages, rencontres, aventures de la femme d’un militaire.</r_c>
</res>
<ae>Autres éditions: - 1758(Gay) — Amsterdam, H. Constapel, 1762, 3 part. (BMt, Gillet) - .1763, 3 part. (BMt, BN, Gillet) - Londres, 1764 (Gay) — Amsterdam, H. Constapel, 1764, pet. in-8 (BN, Gillet) -1769 (Gay)</ae>
</entry>
</document>

<document>
<entry>
<id>53.11</id>
<au>
<a>CHEVRIER, François-Antoine</a>
</au>
<ti>Le quart d’heure d’une jolie femme ou les amusements de la toilette, ouvrage presque moral dédié à messieurs les habitans des coins du roi et de la reine et précédé d’une préface sur la comédie par mademoiselle de *****</ti>
<det>
<pl>Genève,</pl>
<pb>Antoine Philibert et se trouve chez les libraires qui connoissent les bons livres,</pb>
<y>1753,</y>
<f>in-12,</f>
<p>xxxiii + 114p.</p>
</det>
<bib>A BMt BN LV B Delcro Gay Gillet Mornet Q</bib>
<ex>ne cite pas d’édition avant 1783, sans doute par erreur pour 1753.</ex>
<res>
<r_p>3e personne;</r_p>
<r_pl>Paris;</r_pl>
<r_n>la comtesse de Norval, Alcour, Merveaux;</r_n>
<r_c>aventures galantes.</r_c>
</res>
<ae>Autres éditions: -Nouvelle édition, 1754, in-8 (BM) —1761 (Bordeaux)</ae>
</entry>
</document>

<document>
<entry>
<id>53.12</id>
<au>
<a>CHICANEAU DE NEUVILLE, Didier-Pierre L’oracle de</a>
</au>
<ti>Cithère</ti>
<det>
<y>1753,</y>
<f>in-8,</f>
<p>80p.</p>
</det>
<bib>At LV Momet</bib>
<ex>Gay, suivi de B et Q, cite une édition de 1752, mais c’est probablement une erreur. Selon Gay, ce n’est pas le même ouvrage que VOracle de Cythère ou almanach du berger 1757. Il ne faut pas non plus confondre VOracle de Cithère avec un autre ouvrage de Chicaneau de Neuville, Le moyen d’être heureux ou le temple de Cythère, 1750, réédité en 1752 sous le titre: Voyage et description du temple de Cythère (v. Jones).</ex>
<res>
<r_p>Ire personne;</r_p>
<r_pl>cadre pastoral grec;</r_pl>
<r_n>Delphire, Aglaè;</r_n>
<r_c>intrigue sentimentale avec scènes voluptueuses;</r_c>
<r_s>style poétique.</r_s>
</res>
</entry>
</document>

<document>
<entry>
<id>53.13</id>
<au>
<a>FAGNAN, Marie-Antoinette, Aimé-Ambroise-Joseph FEUTRY, Henri-François de LA SOLLE, madame Marie LÉPRINCE DE BEAUMONT et quelques AUTEURS INCONNUS</a>
</au>
<ti>Lectures sérieuses et amusantes</ti>
<det>
<pl>Genève,</pl>
<pb>Antoine Philibert,</pb>
<y>1753,</y>
<f>6 t. in -12,</f>
<p>352, 359, 366, 358, 333, 362p.</p>
</det>
<bib>BMt LV Gay</bib>
<bib>1752) Gay</bib>
<ex>La plupart des bibliographes citent comme première édition celle de 1756.</ex>
<res>
<r_p>Lettres;</r_p>
<r_pl>France, Italie;</r_pl>
<r_n>la baronne de R..., le comte de Montjoye. Mastrilli;</r_n>
<r_c>Mme du Montier envoie à sa fille des conseils sur des problèmes du mariage, de la vie de cour etc.;</r_c>
<r_s>intentions moralisatrices, sensibilité.</r_s>
</res>
<ae>Le recueil contient (i) des poésies, réflexions, etc.; (ii) quelques ouvrages romanesques déjà publiés en forme de livres (v. ci-dessous, Rééditions); (iii) des ouvrages romanesques tirés du Mercure de France, du Magazin françois, et du Petit réservoir. I AUTEURS INCONNUS Contes: I, 1 -35, La force de l’amitié (Mag. fr. jan. 1750) I, 323 -345 et 111, I -76, Le triomphe de la constance (Mag. fr. mars 1750) V, 200 -226, La pistole (Petit rés. No. 23) V, 226 -250, Préservatif contre le suicide ou Histoire de Camille (Petit rés. No. 41) V, 250 -276, La paysanne généreuse (Mag. fr. août et sep. 1750) V, 277 -299, Histoire de made Elisabeth de S*** (Mag. fr. sep. 1750) V, 300 -324, L’amant ennobli (Mag. fr. oct. 1750) V, 324-333, La force de l’honneur (Mag. fr. oct. 1750) II FAGNAN, Marie-Antoinette III, 142-169, Conte (Mercure, sep. 1750) C’est Minet-bleu et Louvette, conte de fée. Autres éditions: — ds Bibliothèque des génies et des fées, éd. Laporte, Paris, Duchesne, 1765, 2t. in-12 (v. 65.R2) — Minet-bleu..., 1768, in-12 (B, Gay, Q) — ds Cabinet des fées, CXXXN, 1785-89 (v. 85. R2) — s.d. vers 1800 (BMt) III FEUTRY, Aimé-Ambroise-Joseph IV, 102-140, Les amours infortunées de Juliette et de Roméo, nouvelle tirée du théâtre anglois par M. Feutry (Mercure, juin 1752) IV LA SOLLE, Henri-François de IV, 262 -323, Le comte de Valmire par Mr de la Sole (Mercure, nov. 1752) Conte moral sur les dangers du jeu. Autre édition : — ds Amusements des eaux de Passy, 1787, sous le titre: Histoire de M. de Bontal V LEPRINCE DE BEAUMONT, madame Marie I, 53 -69; II, 1 -297; V, 1 -139: Lettres de mademoiselle du Montier; dans les tomes II et V, le titre devient: Lettres de madame du Montier et de la marquise de *** sa fille (Mag. fr., de mois en mois entre fév. 1750 et nov. ### Autres éditions: — Lyon, P. Bruyset-Ponthus, 1756, in-12, 406p. (BNt, B, Delcro, Momet, Q) — Paris &amp; Bruxelles, J. Vanden Berghen, 1757, in-8, viii + 278p. (BMt) — Francfort &amp; Leipsic, Knock et Eslinger, 1757, in-16, 415p. (BNt) — La Haye, Pierre Gosse junior, 1757, in-8, iv + 260p. (La Haye) — La Haye, Pierre Gosse junior, 1757, in-8, iv + 239p. (La Haye) — Lyon, P. Bruyset-Ponthus, 1758, in-12 (BN, Momet, (Q) — Francfort &amp; Mannheim, Knoch et Eslinger, 1761 (Neuchâtel) — Paris &amp; se vend à Liège, J.F Bassompicrre et J. van den Berghen, 1762, in-8,271p. (VGM) — 1766, 2t. in-12 (Momet, Q) (Edition augmentée/ — Lettres de Mme du Montier recueillies par Mme Le Prince de Beaumont, Lyon, P. Bruyset-Ponthus, 1767, 2t. in-12 (A, BN, Momet) - Lyon, 1773-5, 2t. in-12 (BN, Momet) — Nouvelle édition, Paris, Renard, an XIII, 3t. in-8 (BM) Rééditions d’ouvrages déjà publiés: I, Haywood, Cléomélie (v. 51.30) II, Haywood, L’amant capricieux (v. 51.30) III, Haywood, L’heureux enlèvement (v. 51.30) Voisenon, Histoire de la félicité (51.42) IV, Rémond de Saint-Mard, Histoire de Mad. de *** (Jones) Cet ouvrage avait déjà paru dans Lettres galantes et philosophiques 1721 (2), 1725, 1737, ds Œuvres mêlées 1742 (BN), ds Œuvres 1749. Dufresny, Le puits de la vérité, nouvelle gauloise Ouvrage déjà publié en 1679 (Gay) et 1698 (A, BN, Williams).</ae></entry>
</document>

<document>
<entry>
<id>53.14</id>
<au>
<a>FALQUES, Marianne-Agnès</a>
</au>
<ti>Abbassai, histoire orientale De l’imprimerie de Bagdad et se trouve à</ti>
<det>
<pl>Paris,</pl>
<pb>Bauche fils,</pb>
<y>1753,3</y>
<f>t. in - 12,</f>
<p>206,217, 176p.</p>
</det>
<bib>A BMt BN AL</bib>
<det>
<pl>La Haye,</pl>
<y>1753,</y>
<f>in-12,</f>
<p>163p.</p>
</det>
<bib>LV B Delcro Dufrenoy Gay Momet Q Saint-Fargeau</bib>
<res>
<r_p>3e personne avec récits intercalés à tiroir;</r_p>
<r_pl>Bagdad;</r_pl>
<r_n>le calife Haroun, Zulima, Zesbet, Fatime:</r_n>
<r_c>intrigues sentimentales du sérail;</r_c>
<r_s>réflexions morales, sensibilité.</r_s>
</res>
<ae>Autre édition : — ds Supplément à la Bibliothèque de campagne, Genève, 1761, t.5 (BMt)</ae>
</entry>
</document>

<document>
<entry>
<id>53.15</id>
<au>
<a>FALQUES, Marianne-Agnès</a>
</au>
<ti>Contes du sérail traduits du turc</ti>
<det>
<pl>Londres &amp; Paris,</pl>
<pb>Durand, Pissot,</pb>
<y>1753,</y>
<f>4 part, in.- 12,</f>
<p>xü+ 197, 190, 192, 172p.</p>
</det>
<bib>A BNt LV B Delcro Dufrenoy Gay Momet Q</bib>
<res>
<r_st>Saint-Fargeau Pp.l - 62, Cutchuc ou le géant puni; pp.63 - J16, Durbou-lour ou la bonne lionne; pp. 117-163, Histoire de Falillah, d’Ebuh-Hasserl, d’un cadi et d’une jeune fille.</r_st>
</res>
</entry>
</document>

<document>
<entry>
<id>53.16</id>
<au>
<a>FEUTRY, Aimé-Ambroise-Joseph et un AUTEUR INCONNU</a>
</au>
<s>c</s>
<res>
<r_c>Choix d’histoires tirées de Bandel, Italien; de Belleforest, Commingeois; de Boistuau, dit Launi;</r_c>
<r_s>et de</r_s>
</res>
<ti>quelques autres auteurs, en quatre parties, par M. Feutry . ..</ti>
<det>
<pl>Amsterdam,</pl>
<f>in - 12,</f>
<p>185p.</p>
</det>
<bib>BNt LQE</bib>
<det>
<y>1753,</y>
<f>in-8,</f>
<p>48p.</p>
</det>
<bib>aôut 1753</bib>
<ex>Selon Fréron (p.25O): ‘ une personne qui ne veut pas être connue a remis une douzaine d’histoires à M. Feutry, qui a bien voulu les ajouter à son recueil. Ces histoires sont marquées par un D; celles de M. Feutry sont marquées de la lettre F ’. Pour les histoires fondées sur les Novelle de Bandello, il ne semble pas que Feutry ait consulté le texte italien; il s’est servi plutôt des versions de Belleforest et de Boistuau, publiées sous le titre Histoires tragiques. Feutry explique d’ailleurs dans sa Préface (p.v): ‘Les histoires que nous offrons ne sont ni traduites, ni exactement imitées; nous n’avons conservé dans ce Choix que les faits principaux et quelques réflexions morales.’ I.</ex>
<res>
<r_p>Ire personne avec des histoires intercalées;</r_p>
<r_pl>noblesse, bourgeoisie et paysans;</r_pl>
<r_n>madame de Blémicourt, M. Hugon (procureur), Colette, Babouin;</r_n>
<r_c>intrigues galantes;</r_c>
<r_s>ton réaliste et humoristique.</r_s>
</res>
<ae>Galdrade; 17-83, Moeurs des Mezzoraniens ou avantures de Gaudentio [morceau tiré de l’Atlantide de Bacon | ; 84 - 107, Tristes effets de la jalousie; 108-166, Avantures de Jacques Scroope [tirées des Voyages de Jean Lédiard, en anglais] ; 167 - 189, Actions généreuses de Saïd, roi de Fez et Mahomet, seigneur de Dubudu; IV, 1 - 41, Avantures d’Antonio; 42 - 56, Etrange punition d’une infidélité; 57 - 95. Avantures de Lindsay; 96 - 123, L’amour en fureur; 124 - 172, Avantures d’Elise. Autres éditions: - Paris. 1779, 2 t. in - 12 (BN, LV, Gay, Q) —... nouvelle édition, Londres &amp; Paris, Bastien, 1780, 2t. in— 12, xii + 315 + ii, 294p. (VGM) -1782 (JP 9 vii 1782;JLxxv 1782) -Paris, 1783, 2t. in-12 (Q)</ae>
</entry>
</document>

<document>
<entry>
<id>53.17</id>
<au>
<a>GIMAT DE BONNEVAL, Jean-Baptiste</a>
</au>
<ti>Le voyage de Mantes</ti>
<det>
<pl>Bruxelles,</pl>
<pb>Vase</pb>
<y>(sic), 1753,</y>
<f>6 t. in -12,</f>
<p>ccxxiv + 178, 345, 357, 468, 504, 628p.</p>
</det>
<bib>A BMt BN CorrL août 1753; LQE X, 161 - 167, juillet 1753; LV B Delcro Gay Momet Q</bib>
<res>
<r_p>Ire personne;</r_p>
<r_c>le héros, un compositeur, entend une voix qui lui révèle que la musique italienne est la seule vraie musique, et que ceux qui admirent la musique française ont adoré de faux dieux; il est transporté dans un rêve à l’Opéra de Paris;</r_c>
<r_s>Guerre des Bouffons.</r_s>
</res>
<ae>Autre édition: - ds Voyages imaginaires, t.XXIX, 1787-89 (v. 87.R16)</ae>
</entry>
</document>

<document>
<entry>
<id>53.18</id>
<au>
<a>GRIMM, Friedrich Melchior, baron</a>
</au>
<ti>Le petit prophète de Boehmischbroda</ti>
<det>
<pl>Paris,</pl>
<pb>Bauche,</pb>
<y>1753,</y>
<f>4 t. in-12,</f>
<p>xii + 447, 490, 553, 530p.</p>
</det>
<bib>BNt B Q</bib>
<ex>11 est difficile d’affirmer quelle est la première édition, parmi les éditions sans date et celles de 1753. La page de titre de quelques éditions porte: Ici sont écrits les vingt-un chapitres de la prophétie de Gabriel Joannes Nepomucenus Franciscus de Paula Waldstorch [ou Waldstorc], dit Waldstoerchel, natif de Boehmischbroda en Bohême.</ex>
<res>
<r_p>3e personne;</r_p>
<r_c>événements du Nouveau Testament racontés sous la forme d’une épopée;</r_c>
<r_s>poème en prose.</r_s>
</res>
<ae>Autres éditions: - 1753, in-8, 43p. (BMt) - 1753, in-8, pp. 1-50 dans un volume de 136p. (BN) - ds t. II, Œuvres de M. Rousseau de Genève, Neufchâtel, 1764, 10t. in-8(v. 61.18) - La Haye, 1774, in-8, 58p. (BN, B, Q) - s.d., in-8, 48p. (BMt, BN) - s.d., 56p. (DLC) - s.d., in-8, 58p. (BMt, BNt, B)</ae>
</entry>
</document>

<document>
<entry>
<id>53.19</id>
<au>
<a>LABAUME-DESDOSSAT, abbé Jacques-François de</a>
</au>
<ti>La Christiade ou le Paradis reconquis, pour servir de suite au Paradis perdu de Milton</ti>
<det>
<y>1753,</y>
<f>in-8</f>
</det>
<bib>A BNt AL 1754 I, 145-172; CorrL fév. 1754 Clayton Q</bib>
<ex>Q dit: ‘Il y a dans cet ouvrage quelques indécences; on y voit tenté Jésus Christ par la Madelaine: c’est sans doute ce qui porta le Parlement â flétrir l’ouvrage, et à condamner l’auteur à une amende.’</ex>
<res>
<r_p>3e personne avec récits Ire personne;</r_p>
<r_pl>Allemagne, Gaule, fin de l’Empire romain;</r_pl>
<r_n>cour, guerriers: Marcomise, Genebaud, Faramond:</r_n>
<r_c>aventures sentimentales et militaires.</r_c>
</res>
</entry>
</document>

<document>
<entry>
<id>53.20</id>
<au>
<a>LA CALPRENÈDE, Gautier de</a>
</au>
<ti>Coste de, et Pierre d’Ortigue de VAUMORIÈRE, adapt. par Alexandre-Nicolas de La Rochefoucauld, marquis de SURGÈRES n Faramond, roman</ti>
<det>
<pl>Lazzarine,</pl>
<y>1753,</y>
<f>in-12,</f>
<p>viii + 130p.</p>
</det>
<bib>A BNt LV B Delcro Momet Q</bib>
<ex>Version abrégée du roman de La Calprenède et Vaumorière (4 t. au lieu de 12). Une analyse de l’histoire principale se trouve dans la BUR 1776, juillet I, pp. 149-195 (sous Pharamond).</ex>
<res>
<r_p>Lettres;</r_p>
<r_s>quelques scènes un peu libres.</r_s>
</res>
</entry>
</document>

<document>
<entry>
<id>53.21</id>
<au>
<a>LEFEBVRE, Philippe</a>
</au>
<s>*</s>
<ti>Histoire de Ménocrate et de Zénothémis</ti>
<det>
<pl>Londres,</pl>
<y>1753,</y>
<f>in-12,</f>
<p>136p.</p>
</det>
<bib>Delcro Dufrenoy Momet Q</bib>
</entry>
</document>

<document>
<entry>
<id>53.22</id>
<au>
<a>LEZAY-MARNEZIA, Charlotte-Antoinette de Bressay, marquise de</a>
</au>
<ti>Lettres de Julie à Ovide Rome, Bemabo et</ti>
<det>
<pl>Dresde,</pl>
<y>1753,</y>
<f>George</f>
<pb>Conrad Walther,</pb>
<f>2 t. in -12,</f>
<p>260, 320p.</p>
</det>
<bib>At B Delcro Gay Momet Q</bib>
<res>
<r_p>3e personne;</r_p>
<r_c>un bonze chinois, Chachi, raconte des histoires pour expliquer une série de feuilles peintes qu "il montre à des Sirapiennes;</r_c>
<r_s>conte oriental merveilleux.</r_s>
</res>
<ae>Autres éditions: - ds Lettres anonymes, 1754, in-12 (BNt) - Lettres galantes de Julie à Ovide par M. M***, Paris, Bastien, 1774, in-12 (A, B, Delcro, Gay, Momet, Q) - ds Lettres de tendresse et d’amour 1778 (v. 78.RI 5) - ds Lettres de tendresse..., 1780 (v. 78.RI 5) — Lettres de Julie..., Rome &amp; Paris, Gattey, 1789 (BN) — Lettres de Julie ..., Paris, an V, in-12 (Gay, Q). Serait- ce la version dans Lettres de tendresse, ‘vers 1798’, qui suit? - ds Lettres de tendresse .... vers 1798 (v. 78.R15) - ds Lettres de tendresse ..., 1808 (v. 78.RI 5) - Lettres amoureuses de Julie et d’Ovide, Paris, Tardieu, 1828 (BN, Q)</ae>
</entry>
</document>

<document>
<entry>
<id>53.23</id>
<au>
<a>MAILHOL, Gabriel</a>
</au>
<ti>La nouvelle du jour ou les feuilles de la Chine</ti>
<det>
<pl>Amsterdam,</pl>
<y>1753,</y>
<f>in - 8,</f>
<p>76p.</p>
</det>
<bib>A BNt AL 1754, IV, 64-72; LV B Dufrenoy Momet Q</bib>
<res>
<r_p>re personne avec récits intercalés;</r_p>
<r_pl>France, Espagne;</r_pl>
<r_n>M. Hogard, M. de Villebrais, Mme de Crémy;</r_n>
<r_c>aventures sentimentales et militaires:</r_c>
<r_s>ton moralisateur.</r_s>
</res>
</entry>
</document>

<document>
<entry>
<id>53.24</id>
<au>
<a>MAUVILLON, Eléazar de</a>
</au>
<ti>Le soldat parvenu ou mémoires et avantures de Mr. de Verval, dit Bellerose, par Mr. de M***</ti>
<det>
<pl>société de libraires,</pl>
<y>1753,</y>
<f>2 t. in - 12,</f>
<p>xli + 216, 307p.</p>
</det>
<bib>A BMt BN LQE X, 172-80, juillet 1753; LV B Delcro Gay Gove Jones Momet Q</bib>
<ex>Quelques bibliographes ont confondu cet ouvrage avec le second volume des Mémoires d’un honnête homme, que Mauvillon a publié également en 1753 (v.53.30). Les deux ouvrages n’ont aucun rapport. 1</ex>
<res>
<r_c>En marge: dialogue; conversation de Sophie et de sa tante sur des préceptes moraux utiles aux jeunes filles; beaucoup de portraits, peu d’autres éléments romanesques;</r_c>
<r_s>but moralisateur.</r_s>
</res>
<ae>Autres éditions: - 1758 (Bodleian, Gove, Momet) - Dresde, Walther, 1759, 2 t. in - 8 (A, Gove, Momet) - 1761,4 part, in-12 (A, BN, LV, Gay) — Dresde, Walther, 1772, 2 v. (DLC)</ae>
</entry>
</document>

<document>
<entry>
<id>53.25</id>
<au>
<a>MOET, Jean-Pierre</a>
</au>
<s>m</s>
<ti>Conversation de la marquise D**** avec sa nièce nouvellement arrivée de province, ouvrage posthume de madame L***, recueilli et mis au jour par M*****</ti>
<det>
<pl>Paris,</pl>
<pb>Jorry, Duchesne,</pb>
<y>1753 (part. 1, II)-1754 (part. III—VI)</y>
<f>6 part, in- 12,</f>
<p>294, 358, 274, 267, 363, 387p.</p>
</det>
<bib>A BNt B Gay Q</bib>
<res>
<r_p>3e personne;</r_p>
<r_pl>cadre fantaisiste;</r_pl>
<r_n>Zeinzemin, Zavaher, Adel;</r_n>
<r_c>description d’une Utopie où l’on suit les lois de la nature; éléments merveilleux et allégoriques;</r_c>
<r_s>style poétique.</r_s>
</res>
</entry>
</document>

<document>
<entry>
<id>53.26</id>
<au>
<a>MORELLY</a>
</au>
<ti>Naufrage des isles flottantes ou la Basiliade du célèbre Pilpaï, poème héroïque traduit de l’indien par Mr. M****** Messine, par une</ti>
<det>
<pl>Paris,</pl>
<pb>Jorry, Duchesne,</pb>
<y>1753 (part. I, II)—1754 (part. III),</y>
<f>3 part, in -12,</f>
<p>vii + 288, 296, 217p.</p>
</det>
<bib>BNt LQEX, 145-54, juillet 1753 B Clayton Dufrenoy Gove Momet Q</bib>
<res>
<r_p>3e personne avec récits intercalés Ire personne;</r_p>
<r_pl>Tartarie;</r_pl>
<r_n>cour: Tanor, la princesse Zuney, Nadir, Halmesime, Chingu;</r_n>
<r_c>aventures romanesques, voyages;</r_c>
<r_s>sensibilité.</r_s>
</res>
<ae>Autres éditions: — Trois versions différentes de cet ouvrage datant de 1753 sont décrites par G. Chinard (dans son édition de Morelly, Code de la nature, 1950, pp. 74-75) et par R.N..Coe CA la recherche de Morelly. Étude bibliographique et bio-graphique’,Rtf£F, LV U (1957), p.326): a) sans portrait en frontispice; b) avec portrait regardant vers la droite de la page (c’est le cas de l’exemplaire de la BN décrit ci-dessus); c) avec le portrait regardant vers la gauche (contrefaçon de b)).</ae>
</entry>
</document>

<document>
<entry>
<id>53.27</id>
<au>
<a>MOUHY, Charles de Fieux, chevalier de</a>
</au>
<ti>Les délices du sentiment, dédiées à S.A.S. madame la duchesse d’Orléans, par M. le chevalier de Mouhy</ti>
<det>
<pl>Leyde,</pl>
<y>1753,</y>
<f>2 part, in-12,</f>
<p>188, 212p.</p>
</det>
<bib>A BNt CorrL déc. 1753; LQE</bib>
<bib>1753; LV Delcro Gay Q</bib>
<ex>Une version abrégée se trouve dans la BUR, 1789, avril II et mai.</ex>
<res>
<r_p>Lettres;</r_p>
<r_pl>France;</r_pl>
<r_n>noblesse;</r_n>
<r_c>amours malheureuses;</r_c>
<r_s>sensibilité.</r_s>
</res>
<ae>X, 305 - 311, août 1753 et XII, 206-215, nov. ### Autres éditions: — La Haye et NcD possèdent un exemplaire dont la première partie (294p.) porte: Paris, Jorry et Duchesne, 1754. Les autres cinq parties apartiennent à la réédition de 1763. - Paris, aux dépens de l’auteur, 1763, 6 part, in-12 (BMt)</ae></entry>
</document>

<document>
<entry>
<id>53.28</id>
<au>
<a>MOUHY, Charles de Fieux, chevalier de</a>
</au>
<ti>Lettres du commandeur de *♦* à mademoiselle de *** avec les réponses, publiées par M. le chevalier de Mouhy</ti>
<det>
<pl>Dresde,</pl>
<y>1753,</y>
<f>George</f>
<pb>Conrad Walther,</pb>
<f>2 t. in-12,</f>
<p>360, 296p.</p>
</det>
<bib>A BNt LQE X, 324-334, août 1753; LV B Delcro Gay Momet Q</bib>
<res>
<r_c>I, 142-188, Peau d’ours: la princesse Noble Epine, déguisée en ourse, évite le mariage avec un ogre, Rhinocéros, pour épouser Zélindor, prince du royaume de ta Félicité. U, 57-136, Etoilette: avec l’aide de la fée Erminette, le fils du roi Pacifique épouse Etoilette.</r_c>
</res>
</entry>
</document>

<document>
<entry>
<id>53.29</id>
<au>
<a>MURAT, Henriette-Julie de Castelnau, comtesse de et mademoiselle de LUBERT n</a>
</au>
<ti>Les lutins du château de Kernosy, nouvelle historique de mad. la comtesse de Murat, nouvelle édition, revûë, corrigée et augmentée de deux contes</ti>
<det>
<pl>Berlin &amp; Paris,</pl>
<pb>Bauche,</pb>
<y>1753,</y>
<f>2 t. in - 12,</f>
<p>220, 220p.</p>
</det>
<bib>At BN</bib>
<ex>Les deux nouveaux contes sont attribués à mademoiselle de Lubert par l’éditeur des Voyages imaginaires (v. ci-dessous, Autre édition). L’ouvrage de madame de Murat avait paru en 1710 et 1717 (Jones). V. aussi BUR 1787 janv. II, pp. 47-89.</ex>
<res>
<r_p>Ire personne;</r_p>
<r_pl>province (Vichi);</r_pl>
<r_n>Mlle de St. V., Mme de B..., M. de La ***, Mlle Lizon;</r_n>
<r_c>aventures romanesques.</r_c>
</res>
<ae>Autre édition: - ds Voyages imaginaires, t.XXXV, 1787-89 (v. 87.R16)</ae>
</entry>
</document>

<document>
<entry>
<id>53.30</id>
<au>
<a>PREVOST, abbé Antoine-François</a>
<ed>contin. par Eléazar de MAUVILLON</ed>
</au>
<ti>Mémoires d’un honnête homme, revûs, corrigés, augmentés d’un second volume et imprimés sur un nouveau manuscrit de l’auteur, publié par Mr. de M****</ti>
<det>
<pl>Amsterdam &amp; Leipzig,</pl>
<pb>Arkstée</pb>
<pl>&amp; Merkus,</pl>
<y>1753,</y>
<f>4 part, in-12,</f>
<p>251,256, 270, 232p.</p>
</det>
<bib>At BN LV B Harrisse Momet Q</bib>
<ex>Le premier tome, c’est-à-dire l’ouvrage de Prévost, parut en 1745, eut deux rééditions en 1746 (v. Jones) et une autre en 1749 (v. Sgard). D’après Harrisse, la suite fut écrite par Mauvillon. Cette suite ne paraît pas dans les Œuvres choisies de Prévost, 17834Î5, qui offrent la version originale des Mémoires (t.33).</ex>
<res>
<r_p>3e personne;</r_p>
<r_pl>province;</r_pl>
<r_n>le marquis de B***, le comte de Zurlac, mademoiselle de Valance, Soeur Sainte Thérèse;</r_n>
<r_c>intrigues sentimentales;</r_c>
<r_s>sensibilité, intentions moralisatrices.</r_s>
</res>
</entry>
</document>

<document>
<entry>
<id>53.31</id>
<au>
<a>PUISIEUX, Madeleine d’Arsant, madame de</a>
</au>
<ti>L’éducation du marquis de *** ou mémoires de la comtesse de Zurlac, par Mme de P**</ti>
<det>
<y>1753,</y>
<f>in-12,</f>
<p>xi+ 174p.</p>
</det>
<bib>At BMt BN AL 1754, III, 23- 26; LV B Gay Momet</bib>
<res>
<r_p>3e personne avec un long récit intercalé Ire personne: Aventures d’une dame de qualité;</r_p>
<r_pl>Angleterre;</r_pl>
<r_n>Miss Grizzle, Mr. Trunnion, Madame Gauntlet;</r_n>
<r_c>aventures romanesques;</r_c>
<r_s>ton humoristique.</r_s>
</res>
<ae>Autres éditions: — Berlin, 1754 (Delcro, Gay) — La Haye, 1755, in-12 (A, BN, Delcro, Gay, Q) — Vienne, Jean-Thomas Trattner, 1759, 2 part, in-8 86 88p. (VGM) — ds Nouvelle bibliothèque de campagne portative, t.II, La Haye, 1760, 12t. in-12 (Oront). V. 60. R6.</ae>
</entry>
</document>

<document>
<entry>
<id>53.32</id>
<au>
<a>SMOLLETT, Tobias</a>
<trd>trad. par François-Vincent TOUSSAINT</trd>
</au>
<s>t</s>
<ti>Histoire et avantures de Sir Williams Pickle, ouvrage traduit de l’anglois par l’auteur des Moeurs</ti>
<det>
<pl>Londres &amp; Paris,</pl>
<pb>Hochereau l’aîné,</pb>
<f>4 t. in -12,</f>
<p>vi + 172, 182, 178, 174p.</p>
</det>
<bib>A BMt CorrL août 1753; LQE X, 226-235, août 1753 B Q Joliat Streeter Rochedieu</bib>
<tr>Trad. de The Adventures of Peregrine Pickle, 1751.</tr>
<res>
<r_p>Ire personne;</r_p>
<r_pl>régions fantaisistes;</r_pl>
<r_n>Zamar, Amilec</r_n>
<r_c>et d’autres génies;</r_c>
<r_s>allégorie humoristique, en forme de rêve, sur des questions d’eugénique.</r_s>
</res>
<ae>Autres éditions: —Amsterdam, 1776, 4 t. in - 8 (Uppsala, Bibl. Royale de l’Univ., Joliat) — 1787, 4 t. (DLC, Joliat, Rochedieu) — Paris, Rabaut, nouvelle édition, an 7, 6 t. in -18 (Joliat, Rochedieu)</ae>
</entry>
</document>

<document>
<entry>
<id>53.33</id>
<au>
<a>TIPHAIGNE DE LA ROCHE, Charles-François</a>
</au>
<ti>Amilec ou la graine d’hommes</ti>
<det>
<pl>La Haye,</pl>
<y>1753,</y>
<f>in-12,</f>
<p>104p.</p>
</det>
<bib>A BMt BN CorrL nov. 1753; LQE X, 40-51, juillet 1753; LV B Dufrenoy Drujon Gay Momet Q</bib>
<ex>V. aussi 54.33.</ex>
<res>
<r_p>3e personne avec récits intercalés Ire personne;</r_p>
<r_pl>Paris;</r_pl>
<r_n>la marquise d’Astrel, Dupuy, Mlle de La Mothe, Flore;</r_n>
<r_c>intrigue sentimentale (le fils de la marquise tombe amoureux d’une petite marchande de lait et de légumes).</r_c>
</res>
<ae>Autres éditions; - s.l., 1753, in-12, x-t- 113p. (DNLM) — Nouvelle édition avec des remarques amusantes. Somniopolis, chez Morphée, 1754 (A, BMt, B, Drujon) — Amilec ou la graine d’hommes qui sert à peupler les planètes, par l’A.D.P***. Troisième édition, augmentée très considérablement. A Luneville, Chr. Hugene à l’enseigne de Fontenelle. [ 1754], 3 part, in- 16 (BMt, Drujon, Gay, Q) - Liège, 1754, in -12 (LV, Gay) - s.l.n.d., in -12, x + 126p. (B, Drujon)</ae>
</entry>
</document>

<document>
<entry>
<id>53.34</id>
<au>
<a>VILLENEUVE, Gabrielle-Suzanne Barbot de</a>
</au>
<ti>La jardinière de Vincennes, par madame de V***</ti>
<det>Londres &amp; Paris, Hochereau l’aîné, 4 t. in -12, vi + 172, 182, 178, 174p.</det>
<bib>A BNt AL 1754, 111, 20-23; Raynal juillet 1754; LV Gay Momet Q</bib>
<ex>NBR 2e année Vil (1799), pp.67-127, offre une version abrégée.</ex>
<res>
<r_p>Pp.l -50, Aventure déguisée: 3e personne;</r_p>
<r_pl>Athènes;</r_pl>
<r_n>Phanor, Eglé;</r_n>
<r_c>conte moral. Pp.54 -104, Aventure connue: conte moral.</r_c>
</res>
<ae>Autres éditions: — Nouvelle édition revue et corrigée, Londres &amp; Paris, Hochereau l’aîné, 1757, 5t. in-12 (BNt, Momet) — Londres &amp; se vend à Francfort en foire, &amp; Liège, J.F. Bassompierre, père et fils, 1757, 5t. in-12(BMt) — Londres, 1759 (Gay) — Londres &amp; Francfort, Bassompierre, 1761,4 part., vi + 125, 132, 119, 114p. (Oront) - Londres &amp; Paris, Hochereau, 1763 (Momet) — Londres, 1767 (Gay) - Avignon, 1771 (At, BM, B, Delcro, Momet) - Londres, 1771, 2t. in-12 (Q) — Londres, 1778, 5t. in-12 (Bordeaux) - Lille, Le Houcq, 1780, 5 part, in-12 (BN, B) — Rouen, 1783 (Gay) - Londres, 1784, 2t. in-12, 288, 277p. (Leeds) — Rouen, Labbey, 1788, 5 part, in-12 (A) — Paris, Pigoreau, 1811,3t. in-18 (BM, B)</ae>
</entry>
</document>

<document>
<entry>
<id>53.35</id>
<au>
<a>VILLIERS, P. de</a>
</au>
<ti>Aventure déguisée d’un Grec à la mode, et Aventure connue de tout le monde, anecdotes</ti>
<det>La Haye, 1753, in-12, 104p.</det>
<bib>At B Dufrenoy Momet</bib>
<res>Pp.l -50, Aventure déguisée: 3e personne; Athènes; Phanor, Eglé; conte moral. Pp.54 -104, Aventure connue: conte moral.</res>
</entry>
</document>

</root>