<root>

<document>
<entry>
<id>84.1</id>
<ti>L’apothéose moderne, conte poétique</ti>
<det>
<pb>De l’imprimerie françoise deCassel,</pb>
<y>1784,</y>
<f>in-8,</f>
<p>23p.</p>
</det>
<bib>BNt</bib>
<ex>Selon l’avertissement, c’est un extrait du Journal des gens du monde. Drujon cite une note parue dans l’Intermédiaire ( 10 oct. 1879, col. 583) d’après laquelle ce conte serait de madame de Montesson et les deux héros du récit représenteraient Louis XVI et Marie-Antoinette.</ex>
<res>
<r_p>Je personne;</r_p>
<r_pl>France;</r_pl>
<r_n>Florise, üetby, madame Dolmicour;</r_n>
<r_c>intrigue sentimentale (un amoureux enlève sa bien-aimée en ballon ... A prose poétique.</r_c>
</res>
<ae>Autre édition: Paris, imprimerie de Monsieur, 1784, pet. in-18, v+34p. (Drujon)</ae>
</entry>
</document>

<document>
<entry>
<id>84.2</id>
<ti>Les confessions d’une courtisane devenue philosophe</ti>
<det>
<pl>Londres &amp; Paris,</pl>
<pb>Couturier,</pb>
<y>1784,</y>
<f>2 part, in-12,</f>
<p>106, 107-152p.</p>
</det>
<bib>A BNf JL üi 1784</bib>
<ex>La seconde partie a pour titre de départ: Les réflexions d’une courtisane devenue philosophe. L’édition de 1774 donnée par Gay représente sans doute une erreur pour 1784.</ex>
<res>
<r_p>Ire personne;</r_p>
<r_pl>Paris;</r_pl>
<r_n>Mélicourt, M. de Clainville, Emilie, M. Derigni;</r_n>
<r_c>aventures galantes d’une prostituée, suivies de ses réflexions morales;</r_c>
<r_s>but moralisateur.</r_s>
</res>
<ae>Autres éditions: - Londres &amp; Paris, Couturier, 1784, 128p. (Oront) - Londres &amp; Bruxelles, B. Le Francq, 1784, in-12, 132p. (BMt. Gay) — Londres et se trouve aux foires des principales villes des Pays Bas, de France, d’Allemagne et de la Hollande, 1784, in-8, 132p. (Lausannet)</ae>
</entry>
</document>

<document>
<entry>
<id>84.3</id>
<ti>Le diner du Lion d’Or, ou aventures singulières arrivées en juillet 1783 au Sr. Manzon, alias Fort-en-Gueule, rédacteur de la gazette intitulée le Courier du Bas-Rhin</ti>
<det>
<pl>A Athènes,</pl>
<pb>chez Jean qui-pique, rue de la Guêpe, à l’Aiguillon,</pb>
<y>1784,</y>
<f>in-8,</f>
<p>xvi + 175p.</p>
</det>
<bib>Bruxelles MB MHt NN</bib>
<res>
<r_p>Je personne avec de longs dialogues;</r_p>
<r_pl>Clèves;</r_pl>
<r_n>Manzon, sa femme, le Rotterdamois, Martin (valet anglois), Hortensias (savant allemand);</r_n>
<r_c>satire personnelle contre Manzon sous la forme d’un voyage burlesque et des conversations sur la situation politique de la Hollande;</r_c>
<r_s>critique polémique.</r_s>
</res>
</entry>
</document>

<document>
<entry>
<id>84.4</id>
<ti>Histoire et aventures merveilleuses du médecin Kamel</ti>
<det>
<pl>Liège,</pl>
<pb>de Boubers,</pb>
<y>1784,</y>
<f>in-18,</f>
<p>22p.</p>
</det>
<bib>Bruxellest</bib>
<res>
<r_p>Je personne;</r_p>
<r_pl>Bagdad, Chine;</r_pl>
<r_n>Kamel (fils d’un tailleur), Acrab, Roukia, Babur;</r_n>
<r_c>rivalité entre le bon Kamel et le cruel Acrab, voyage, actes de bienfaisance, aventures;</r_c>
<r_s>ton moralisateur.</r_s>
</res>
</entry>
</document>

<document>
<entry>
<id>84.5</id>
<ti>Le livre fait par force ou le mystificateur mystifié et corrigé, m par un persiffleur persifflé</ti>
<det>
<pl>Mystificatopolis,</pl>
<pb>chez Momus, à la Marotte,</pb>
<y>5784,</y>
<f>in-8,</f>
<p>xvi + 286p.</p>
</det>
<bib>BMt Drujon</bib>
<ex>La Lettre dédicatoirc est signée: A.R.C.D.L.</ex>
<res>
<r_p>En marge: Ire personne;</r_p>
<r_pl>France (?);</r_pl>
<r_n>le chevalier de S****, la comtesse, le</r_n>
<r_c>vieil auteur; le narrateur est enlevé par un groupe de gens masqués (en réalité, ses amis), qui l’obligent à écrire un livre, ce qu’il fait en reliant quelques anecdotes et ses réflexions sur les modes littéraires:</r_c>
<r_s>ton critique et humoristique.</r_s>
</res>
</entry>
</document>

<document>
<entry>
<id>84.6</id>
<ti>Le petit fils d’Hercule</ti>
<det>
<y>1701,</y>
<f>in-12,</f>
<p>166p.</p>
</det>
<bib>BNt Gay</bib>
<ex>Selon Gay, la date de 1701 représente 1781. Cependant, les allusions à l’actualité (mademoiselle Saint-Huberti dans Didon (p.77), les succès de Carat (p.90), les ‘ballons aërostatiques’ de Montgolfier et de Charles (pp. 100, 120, 149) laissent supposer plutôt la date de 1784 que nous avons adoptée.</ex>
<res>
<r_p>Ire personne;</r_p>
<r_pl>France;</r_pl>
<r_c>aventures lubriques.</r_c>
</res>
<ae>Autres éditions: - Le lutteur ou le petit fils d’Hercule, 1787, 153p. (DLCt, Cohen, Gay) - Le petit-fils. .. , 1788, in-18 (Gay)</ae>
</entry>
</document>

<document>
<entry>
<id>84.7</id>
<au>
<a>?</a>
<trd>trad. par l’abbé François BLANCHET et</trd>
</au>
<ti>Variétés morales et amusantes tirées des journaux anglois, traduction nouvelle</ti>
<det>
<pl>Paris.</pl>
<pb>De Bure l’aîné,</pb>
<y>1784,</y>
<f>2t. in-12,</f>
<p>xxiv + 348, 335p.</p>
</det>
<bib>BNt AL 1784 I 145-171 B 0</bib>
<res>
<r_c>Parmi ces extraits de périodiques anglais, nous ne citons que ceux qui se rapprochent du genre</r_c>
<r_st>romanesque. /, 28-84, Histoire de Thomas Inkle et d’Yariko; 85-95, Histoire d’Eudoxie et de Léonce; 105-116, Vision de Mirzah; 117-130, Histoire de Théodore et de Constance; 167-175, Le promontoire de Leucade; 230-240, Histoire d’une famille vertueuse et affligée; 241-250, Les prières ou la trappe de Jupiter; 251-261, Les trois Valentins; Shalum et Hilpa, nouvelle antédiluvienne. II, 61-70, Histoire de miss Betty et de Molly; 88-102, Histoire d’Abdallah et de Balsora.</r_st>
</res>
</entry>
</document>

<document>
<entry>
<id>84.8</id>
<au>
<a>ARBLAY, Frances Burney, madame</a>
<trd>d’trad. par Antoine-nt Gilbert GRIFFET DE LA BAUME Evelina, traduite de l’anglois</trd>
</au>
<det>
<pl>Londres &amp; Paris,</pl>
<pb>Mérigot,</pb>
<y>1784,</y>
<f>3t. in-12</f>
</det>
<bib>AL 1784 III 142, 1785 II 31-36 0 Rochedieu</bib>
<tr>Trad. de Evelina or the History of a Young Lady’s Entrance into the World, 1778. Pour la première traduction de cet ouvrage et d’autres détails, v. 79.7.</tr>
<ae>Autres éditions: - Bouillon, 1785, 2t. in-12 (B) — Paris, Maradan, 1816, 2t. in-12 (Q)</ae>
</entry>
</document>

<document>
<entry>
<id>84.9</id>
<au>
<a>ARNAUD, François-Thomas-Marie de Baculard d’</a>
</au>
<ti>Suite des Nouvelles historiques par M. d’Arnaud, tome troisième, seconde nouvelle, Le comte de Gleichen</ti>
<det>
<pl>Paris,</pl>
<pb>veuve Ballard,</pb>
<y>1784,</y>
<f>in-8,</f>
<p>pp. 115-224</p>
</det>
<bib>A BNt JL xviii 1784; JP 28.iv.84, 31.vii.84 Inklaar</bib>
<ex>Pour la série des Nouvelles historiques, v. 74. 8 .</ex>
<res>
<r_p>3e personne;</r_p>
<r_pl>Egypte, Venise, Rome (époque des Croisades, de Grégoire IX);</r_pl>
<r_n>Mélédin, Zélide, Léon, le comte de Gleichen;</r_n>
<r_c>intrigue sentimentale, malheurs, voyages;</r_c>
<r_s>sensibilité effrénée.</r_s>
</res>
<ae>Autres éditions: - v. 74. 8.</ae>
</entry>
</document>

<document>
<entry>
<id>84.10</id>
<au>
<a>BEAUHARNAIS, Fanny de</a>
</au>
<ti>Le cabriolet ou l’égoïste corrigé, conte en l’air</ti>
<det>
<y>1784,</y>
<f>in-8</f>
</det>
<bib>B Michaud Q</bib>
<ae>Autre édition: — ds Les amans d’autrefois. . ., Paris, Couturier, L’Escla-part, 1787, 3t. in-12 (v. 87.24)</ae>
</entry>
</document>

<document>
<entry>
<id>84.11</id>
<au>
<a>BERQUIN, Arnaud</a>
</au>
<ti>L’ami de l’adolescence, par M. Berquin</ti>
<det>
<pl>Paris,</pl>
<pb>au bureau de l’Ami des enfans,</pb>
<y>1784-1785,</y>
<f>12t. in-18</f>
</det>
<bib>At BNt</bib>
<ex>(Collections incomplètes) Ersch L’ouvrage a été distribué aux abonnés au rythme de deux ‘cahiers’ par mois. Le faux titre porte: Suite de l’Ami des enfans. L’ami de l’adolescence par M. Berquin (cf. 82.14).</ex>
<res>
<r_c>Petits récits, dialogues et pièces de théâtre pour enfants.</r_c>
</res>
<ae>Autres éditions: En Suisse, 1784-85, 2t. in-12, 383, 382p. (OCt) — Genève, F. Dufart. 1786, 2t. (CU, Ersch) Paris, Pissot, 1786, 4t. (Maestricht, PMA) - Suisse, 1788, 3t. (Bruxelles). Le t.III porte comme titre: L’ami des enfans. - Paris, 1789, in-12 (MH: t.IV) - L’ami des enfans et des adolescens, 1792, 6t. in— 12 (Ersch) Paris, Masson, 1821, 2t. in-12 (BN) Pour les éditions des Œuvres de Berquin, et d’autres collections de scs écrits, v. 82.14.</ae>
</entry>
</document>

<document>
<entry>
<id>84.12</id>
<au>
<a>BLANCHET, abbé François</a>
</au>
<s>c</s>
<ti>Apologues et contes orientaux, etc., par l’auteur des Variétés morales et amusantes</ti>
<det>
<pl>Paris,</pl>
<pb>Debure Cils aîné,</pb>
<y>1784,</y>
<f>in-8,</f>
<p>Ivi + 285p.</p>
</det>
<bib>A BM BNt CorrL fév. 1786; JL lii 1784; JP 10.xii.84, 9.iii.85 B Delcro Dufrenoy Gay Q</bib>
<ex>NBR 6e année X, pp. 179-189, et 7e année XIV, pp. 128-142, donne des extraits.</ex>
<res>
<r_st>Pp. i-liii. Vie de M. l’abbé Blanche! par M. Dusaulx; 1-38, Apologues orientaux; 39-134, Contes orientaux; 39-43, llamet et Raschid, conte indien traduit de l’anglois; 44-53, Moyen de ressusciter les morts, conte persan; 54-62, Le paradis de Schedad, conte arabe; 63-72, Barkouf et Mani, conte chinois; 73-84, Almamolin, conte tartare traduit de l’anglois; 85-102, Les dix jours de l’empereur Séged, conte éthiopien, traduit de l’anglois; 103-120, Les oiseaux de la montagne de Caf, conte arabe; 121-134, Le doyen de Badajoz, conte moral tiré de l’espagnol; 135-186, Anecdotes orientales (anecdotes historiques): avec des proverbes, des discours, des essais historiques.</r_st>
</res>
</entry>
</document>

<document>
<entry>
<id>84.13</id>
<au>
<a>BRIEL, J. -H. D.</a>
</au>
<ti>Le danger d’une première faute, histoire angloise par J.H.D. B****, auteur du Nouveau petit Pompée</ti>
<det>
<pl>Londres &amp; Paris,</pl>
<pb>Couturier,</pb>
<y>1784,</y>
<f>in-12,</f>
<p>179p.</p>
</det>
<bib>BNt JL xlvü 1784; JP 23.xii.84 B Delcro Gay Q Streeter (traduction supposée)</bib>
<ex>Briel a traduit la même année VHistoire du petit Pompée de Coventry, v. 84.19.</ex>
<res>
<r_p>Lettres;</r_p>
<r_pl>Londres, Paris:</r_pl>
<r_n>lord William, lord Henry, lady Juliette Blanfort, le Prince, lady Blentheim, Betty;</r_n>
<r_c>histoires d’amour, intrigues de cour;</r_c>
<r_s>sensibilité.</r_s>
</res>
<ae>Autres éditions: — Genève &amp; Bruxelles, Em. Flon, 1785, in-12, 158p. (BMt, Gay) - Bruxelles, B. Le Francq, 1785, in-12, 158p. (BMt)</ae>
</entry>
</document>

<document>
<entry>
<id>84.14</id>
<au>
<a>CAMBRY, Jacques</a>
</au>
<s>m</s>
<ti>Contes et proverbes, suivis d’une notice sur les troubadours, par M. de Cambry</ti>
<det>
<pl>Amsterdam,</pl>
<y>1784,</y>
<f>in-18,</f>
<p>124p.</p>
</det>
<bib>BMt BNt Q</bib>
<res>
<r_p>Pp.79-124;</r_p>
<r_c>Notice sur les troubadours. En marge: les contes et proverbes sont de petites anecdotes de toutes sortes (un paragraphe pour la plupart), réunies pour former une série de dissertations morales.</r_c>
</res>
<ae>Autre édition: — Amsterdam, 1787, in-18 (B, Delcro, Q)</ae>
</entry>
</document>

<document>
<entry>
<id>84.15</id>
<au>
<a>CAVENDISH, Georgiana, duchesse de Devonshire</a>
<trd>trad. par t Pien-e-Prime-Félicien LE TOURNEUR</trd>
</au>
<ti>Le sylphe, traduit de l’anglois</ti>
<det>
<pl>Genève &amp; Paris,</pl>
<pb>Mérigot,</pb>
<y>1784,</y>
<f>2 part, in-12,</f>
<p>246, 236p.</p>
</det>
<bib>A BNt AL 1784 1 216, II 104-113; JL vi 1784 B Cushing Q Rochedieu Streeter</bib>
<tr>Trad. de The Sylph, 1779.</tr>
<ex>BUR 1784 mai, pp. 83-158, donne un abrégé.</ex>
<res>
<r_p>Lettres;</r_p>
<r_pl>Angleterre;</r_pl>
<r_n>sir William Stanley, lord Bidulplie, lady Stanley, miss Grenville, lady Melford;</r_n>
<r_c>intrigue mondaine.</r_c>
</res>
<ae>Autre édition: — Genève &amp; Bruxelles, Emmanuel Flon, 1784, 2 part, in-12. 240, 207p. (Bruxellest, NjP). Rochedieu donne une réédition: Genève &amp; Bruxelles, mais s.d.</ae>
</entry>
</document>

<document>
<entry>
<id>84.16</id>
<au>
<a>CHAMPAGNY, Charles de Nompère, chevalier de</a>
</au>
<ti>Les voyages d’Amour, fils de Vénus, par M. le chevalier de Ch - gny, officier de cavalerie Paris, Théophile Barrois le jeune, ce mois de mai de l’année</ti>
<det>
<y>1784,</y>
<f>in-12,</f>
<p>92p.</p>
</det>
<bib>A BNt AL 1784 V 184-196; JL xxiv 1784 B Gay Monglond Q</bib>
<res>
<r_p>3e personne;</r_p>
<r_pl>cadre pastoral;</r_pl>
<r_n>Vénus, Amour, Zéphire, Morphée, Eva;</r_n>
<r_c>aventures galantes.</r_c>
</res>
<ae>Autre édition: - Voyages du prince Amour, Paris, Théophile BarTois le jeune, 1789, 2t. in-12, 116, 106p. (BNt, B, Gay, Monglond). Version remaniée.84.17</ae>
</entry>
</document>

<document>
<entry>
<id>84.17</id>
<au>
<a>CHARRIÈRE, Isabelle-Agnès-Elisabeth van</a>
</au>
<ti>Tuyll van Serooskerken van Zuylen, dame de Lettres de mistriss Henley, publiées par son amie</ti>
<det>
<pl>Genève.</pl>
<y>1784,</y>
<f>in-12,</f>
<p>78p.</p>
</det>
<bib>BM BNt B Delcro Godet Q</bib>
<ex>Il s’agit d’une réplique au Mari sentimental de Constant de Rebecque (83.22).</ex>
<res>
<r_p>Ire personne, avec des lettres;</r_p>
<r_pl>Angleterre;</r_pl>
<r_n>lady Alesford, miladi Waltham, mistriss Grâce, miss Clairville, M. Henley;</r_n>
<r_c>intrigue sentimentale et mondaine (malheurs d’une malmariée);</r_c>
<r_s>sensibilité.</r_s>
</res>
<ae>Autre édition: — ds Le mari sentimental.... Genève &amp; Paris, Buisson, 1785, in-12, 360p. (A, BNt, AL 1785 VIII 169-180, Delcro, Gay, Godet)</ae>
</entry>
</document>

<document>
<entry>
<id>84.18</id>
<au>
<a>CHARRIÈRE, Isabelle-Agnès-Elisabeth van</a>
</au>
<ti>Tuyll van Serooskerken van Zuylen, dame de Lettres neuchâteloises, roman</ti>
<det>
<pl>Amsterdam,</pl>
<y>1784,</y>
<f>in-12,</f>
<p>119p.</p>
</det>
<bib>HJ Lausanne! B Godet Michaud Q</bib>
<res>
<r_p>Lettres;</r_p>
<r_pl>Suisse;</r_pl>
<r_n>Julianne C***, Henri Meyer, Maximilien de R***;</r_n>
<r_c>intrigue sentimentale;</r_c>
<r_s>analyse des sentiments.</r_s>
</res>
<ae>Autres éditions: - Amsterdam, 1784, in-12, 134p. (La Hayef, Berne, Neuchâtel, Godet) — Amsterdam, 1786, in-12 (B, Delcro)</ae>
</entry>
</document>

<document>
<entry>
<id>84.19</id>
<au>
<a>COVENTRY, Francis</a>
<trd>trad. par J. -H. -D. BRIEL</trd>
</au>
<s>nt</s>
<ti>Histoire du petit Pompée ou la vie et les aventures d’un chien de dame, imitée de Langlois, par J.H.D. B****</ti>
<det>
<pl>Londres &amp; Paris,</pl>
<pb>Couturier,</pb>
<y>1784,</y>
<f>in-12,</f>
<p>ii+ 248p.</p>
</det>
<bib>A BNt JL xv 1784; JP 6.iv, 7.VÜ.84 B Gay Q</bib>
<ex>Rochedieu donne: Londres &amp; Paris, Couturier, 1787; erreur sans doute pour 1784. BUR 1787 sept., pp. 128-185, offre un abrégé.</ex>
<tr>Trad. de The History of Pompey the Little, 1751. Une autre traduction de cet ouvrage a été publiée en 1752 par François-Vincent Toussaint. Pour d’autres détails, v. 52.21</tr>
</entry>
</document>

<document>
<entry>
<id>84.20</id>
<au>
<a>CUBIÈRES-PALMÉZAUX, Michel de</a>
</au>
<ti>L’école des filles, histoire morale par monsieur le chevalier de Cubières</ti>
<det>
<pl>A Cassel,</pl>
<pb>de l’imprimerie françoise,</pb>
<y>1784,</y>
<f>in-8,</f>
<p>77p.</p>
</det>
<bib>BMt JP ll.xi.84 Delcro Gay Michaud Q</bib>
<res>
<r_p>3e personne;</r_p>
<r_pl>Paris;</r_pl>
<r_n>la marquise de Palméne, Clémentine (sa fille), la baronne de Narcé, le comte de Germilli;</r_n>
<r_c>intrigues de famille;</r_c>
<r_s>ton moralisateur.</r_s>
</res>
</entry>
</document>

<document>
<entry>
<id>84.21</id>
<au>
<a>DAUPHIN</a>
</au>
<ti>La dernière Héloïse ou lettres de Junie Salisbury, recueillies et publiées par M. Dauphin, citoyen de Verdun</ti>
<det>
<pl>Paris,</pl>
<y>1784,</y>
<f>2 part, in-8,</f>
<p>87, 89-207p.</p>
</det>
<bib>A BNt JL xxx 1784; JP I3.vii.84 Cohen Gay Momet Monglond Q</bib>
<res>
<r_p>Lettres;</r_p>
<r_pl>Paris, Londres;</r_pl>
<r_n>Adelcar, Junie, M. de Salisbury, Wolsaindall;</r_n>
<r_c>amours contrariées par un père incompréhensif, malheurs, voyages;</r_c>
<r_s>sensibilité effrénée.</r_s>
</res>
<ae>Autres éditions: - Paris &amp; Bruxelles, B. Le Francq, 1784, 2part. in-18, 111, 156p. (BMt) - Paris, 1789, 2t. in-18 (Bruxelles) - Paris, imprimerie de Monsieur, 1790, in-18, 280p. (BN, Delcro, Monglond) - Lettres de Junie..., 1811 (Q)</ae>
</entry>
</document>

<document>
<entry>
<id>84.22</id>
<au>
<a>DESCHAMPS DE SAUCOURT</a>
</au>
<ti>Baby-Bambou, histoire archi-inerveilleusc, publiée par M.D. de S. Chimêronville &amp;</ti>
<det>
<pl>Paris,</pl>
<pb>Brunet,</pb>
<y>1784,</y>
<f>in-18,</f>
<p>iv + 155p.</p>
</det>
<bib>VGMt B Delcro Dufrenoy Gay Michaud Q</bib>
<res>
<r_p>3e personne;</r_p>
<r_pl>cadre fantaisiste;</r_pl>
<r_n>le prince Baby-Bambou, Bellactinc (laitière), les fées Capramine et Méliante;</r_n>
<r_c>aventures merveilleuses et légèrement scabreuses;</r_c>
<r_s>ton plaisant.</r_s>
</res>
<ae>Autre édition: - s.d. [1795), in-18 (Gay)</ae>
</entry>
</document>

<document>
<entry>
<id>84.23</id>
<au>
<a>DULAURE, Jacques -A.</a>
</au>
<ti>Le retour de mon pauvre oncle ou relation de son voyage dans la lune, écrite par lui-même &amp; mise au jour par son cher neveu</ti>
<det>
<pl>Ballomanipolis &amp; Paris,</pl>
<pb>Lejay,</pb>
<y>1784,</y>
<f>in-8,</f>
<p>58p.</p>
</det>
<bib>BM BNt AL 1784 IV 288 Q</bib>
<res>
<r_p>Ire personne, avec récits intercalés Ire personne;</r_p>
<r_pl>France, Lune;</r_pl>
<r_c>aventures comiques d’un homme volant;</r_c>
<r_s>ton satirique.</r_s>
</res>
</entry>
</document>

<document>
<entry>
<id>84.24</id>
<au>
<a>FLORIAN, Jean-Pierre Claris de</a>
</au>
<ti>Les six nouvelles de M. de Florian, capitaine de dragons et gentilhomme de S.A.S. Mgr le duc de Penthièvre, des Académies de Madrid et de Lyon</ti>
<det>
<pl>Paris,</pl>
<pb>Didot l’aîné,</pb>
<y>1784,</y>
<f>in-12,</f>
<p>227p.</p>
</det>
<bib>A BMt BNt JL xl 1784; JP 14.ix, 21.xi.84, 20.xi.86 Dufrenoy Q</bib>
<ex>Saillard L’auteur a publié une seconde série de nouvelles en 1792, avec le titre: Nouvelles nouvelles (v. 92.13). Pour la publication de certaines de ces nouvelles, ou en éditions séparées ou dans des recueils, v. l’édition critique préparée par René Godenne, Paris, Société des textes français modernes, 1974.</ex>
<res>
<r_st>Pp. 7-86, Bliombéris, nouvelle françoise; 87-106, Pierre, nouvelle allemande; 107-146, Célestine, nouvelle espagnole; 147-170, Sophronime, nouvelle grecque; 171-192, Sanche, nouvelle portugaise; 193-227, Bathmendi, nouvelle persane.</r_st>
</res>
<ae>Autres éditions des Six nouvelles: — Bruxelles, Le Francq, 1785, in-8, 231p. (Godenne) — Lausanne, J.P. Heubach et Comp., 1785, in-12, 258p. (BMt) - 3e édition, Paris, Didot l’aîné, 1786, in-12, 228p. (BMt, BNt) - 3e édition, Paris, Didot l’aîné, 1786, in-12, 223p. (BNt) - 3e édition, Genève, 1787, in-24 (MH, Corroënne) - Paris, Didot l’aîné, 1792, in-12, 151p. (BN) - Paris, Didot l’aîné, 1792, in-18, 192p. (VGM) — Paris &amp; Liège, Lemarié, 1793 (Liège) — Paris, Lepetit, Berry et Dugrit, an III, iv + 176p. (ScUt). Relié avec une édition des Nouvelles nouvelles publiée le même année par les mêmes éditeurs (v. 92.13). Paraît se rattacher à une collection des Cbuvres, Paris, Lepetit, an 11-1797, in-12, donnée par BN. Paris, Didotl’aîné, 1796, in-8, 198p. (Lausannet) Leipsic, G. Fleischer, 1796, in-8 (CU, IU, NcU, NjP). C’est le t. I d’une collection des Œuvres complètes. - Paris, an V-1797, in-12, 184p. (BN) - Paris, an V, in-12, 231p. (Godenne) - Paris, Guillaume, an VII, in-18, 220p. (BMt). Fait partie d’un recueil des Œuvres. - Leipsic, G. Fleischer, 1800, in-8 (Oron). Se rattache aux Œuvres complètes publiées par cet éditeur entre 1799 et 1803 (Oron, ViU). - Lyon, A. Leroy, 1810, in-1 8, 216p. (BN) - Amsterdam, s.d., in-24, 179p. (MH, NNt) - Paris, libraires associés, s.d., in-8 (Godenne) Autres éditions des Six nouvelles et des Nouvelles nouvelles réunies: - Nouvelles... troisième édition, Paris, Didot, 1792, in-8, 482p. (BN, Monglond) - ... troisième édition, Paris, Didot, 1792, 467p. (MHt, PPRF, TxU, ViU) - Paris, Guillaume, an VII, 2t. in-12, 196, 260p. (DLCt). Paraît se rattacher au recueil des Œuvres, Paris Guillaume (Deterville), an VII, 13t., donné par BN. - Paris, imprimerie de Guilleminet, an IX, 2t. in-18 (BN) - Paris, Librairie économique, 1805, 2t. (Utrecht, RPB) - Paris, F. Dufart, 1805, in-8 (Bruxelles). Se rattache à une collection des Œuvres (CtY, DLC, WaU, etc.) - Paris, Gide, 1806 (NIC) — Lcipsic, G. Fleischer, 1808, in-8 (Oron) — Paris, Briand, 1810, 2t. (Bruxelles, La Haye, Rotterdam, Univ. Amsterdam, KBB). Se rattache à une collection des Œuvres publiée par le même éditeur en 1810-1811 (DLC). - Paris, Ant. Aug. Renouard, 1812, in-12, 359p. (BM, BN) - Leipsic, G. Fleischer, 1810 (CSt, CU, ICU, NjP, NN). C’est le t. I d’un recueil des Œuvres complètes. - Paris, 1813,2t. (NjR) — Paris, Ant. Aug, Renouard, 1820, in-12, 359p. (BM). BN indique ce titre dans une collection des Œuvres publiée par le même éditeur en 1820. Pour une discussion des différentes collections des Œuvres de Florian, v. 83.26.</ae>
</entry>
</document>

<document>
<entry>
<id>84.25</id>
<au>
<a>FORTIA D’URBAN, Agricole-Joseph-François-Xavier- Pierre-Esprit-Simon-Paul-Antoine, marquis de</a>
</au>
<ti>Amusements littéraires, par M. le comte de Fortia</ti>
<det>
<pl>Yverdon &amp; Paris,</pl>
<pb>Debure l’aîné, quai des August.,</pb>
<y>1784,</y>
<f>in-12,</f>
<p>162p.</p>
</det>
<bib>BNt AL 1784 VII 172-177; JL xxvü 1784 Perret Q</bib>
<ex>Essais littéraires et un conte en prose, pp. 84-94: Les deux pantoufles.</ex>
</entry>
</document>

<document>
<entry>
<id>84.26</id>
<au>
<a>GENLIS, Stéphanie-Félicité Ducrest de Saint-Aubin, marquise de Sillery, comtesse de</a>
</au>
<ti>Les veillées du château ou cours de morale à l’usage des enfans par l’auteur d’/ldè/e et Théodore</ti>
<det>
<pl>Paris,</pl>
<pb>imprimerie de Lambert et Baudouin,</pb>
<y>1784,</y>
<f>3t. in-8,</f>
<p>xv + 555, 587,408p.</p>
</det>
<bib>BNf AL 1786 I 193-220; CorrL mars 1784; JL xxvü 1784; JP 27.vi, l.vü.84 B Delcro Q</bib>
<res>
<r_p>3e personne:</r_p>
<r_pl>province;</r_pl>
<r_n>la marquise de Clémire, César, Caroline, Pulchérie;</r_n>
<r_c>une mère raconte des récits moraux à ses enfants et en discute avec eux; prétentions moralisatrices. Le t.III comprend une Suite des Veillées du Château qui consiste en trois contes moraux: pp. 4-204, Les deux réputations; 205-258, Daphnis et Pandrose ou les Oréades;</r_c>
<r_s>259-408, Le palais de la vérité.</r_s>
</res>
<ae>Autres éditions: - Paris, M. Lambert et F.J. Baudouin, 1782 (sic), 4t. in-12, xxiv + 348, 410, 352, 384p. (BNt). La date est erronée (M.DCC.LXXXII pour M.DCC.LXXXIV), car le privilège et l’approbation datent de 1784. - Paris, libraires associés, 1784, 6 part, en 3t. in-24, xxiv + 263, 315, 330, 287, 208, 21 lp. (BMt: t.I, III seulement, DLCt, PPL) — Lausanne, Heubach, 1784, 4t. in-8, xvi + 328, 428, 350, 388p. (CtY, Lausannet) - Maestricht, Dufour et Roux, 1784, 4t. in-12 (BMt). L’exemplaire du BM fait partie d’une collection de volumes portant diverses dates entre 1782 et 1787, et réunis sous le titre d’Œuvres complètes. - Berlin, Lagarde, 1784-85, 4L, 256, 264, 272, 276p. (La Haye, Oront, CtY) - Paris, libraires associés, 1785, 3t. in-12, 548, 561, 396p. (CLU, Nîmes, Gumuchian) — Paris, Michel Lambert, Onfroy, Née de la Rochelle, 1786, 3t. in-12, xx + 634, 693, 504p. (BNt) - Maestricht, Dufour et Roux, 1789, 3t. (KyU) - Paris, libraires associés, 1792, 3t. in-8, xx + 463, 506, 352p. (Slatkine) - Berlin, F. de Lagarde, 1794, 4t. in-12, 256, 264, 272, 276p. (Oront, CtY) - Dublin, chez Wogan, 1795, 2t. (ViU) - Londres, G.G. et J. Robinson, 1796, 4t. in-18, xx + 360, 413, 346, 327p. (BMt) - Paris [1798?], 3t. (IU) - Maestricht, an VII, 4L, 286, 355, 294, 314p (DeGet, ScU) - Paris, an VIII, 3t., xxiv + 504, 448 (pour 548), 379p. (Neuchâtelt) - Paris, Maradan, an XI- 1803, 2t. (IaU, MBt, MH) - Paris, Maradan, 1804, 3t. in-12 (CU, Escoffier) - Berlin, Lagarde, 1806, 2t. (CtY, NN, PU) - Londres, G. Robinson, 1810, 3t. in-12, xx + 360, 413, 346p. (DLC, VGM) - Paris, Maradan, 1812, 3t. (IU, PU) — Londres, S. Robinson, 1814 (BM) — Paris, Maradan, 1816, 3t. in-12 (CU-S, Gumuchian) - Paris, Maradan, 1819, 3t. in-12, xxxix + 364, 418, 459p. (BMt) - Paris, Maradan, 1820(LLafs: t.I seulement) Autres éditions des trois contes de la Suite: - ds Contes moraux, Paris, libraires associés, 1785, 2t. 252, 144p. (NNt) - ds Nouveaux contes moraux et nouvelles historiques, t.I, Paris, Maradan, an XIII-1804, 3t. in-12 (BNt) - ds Nouveaux contes moraux . . . , t.I, Paris, Maradan, 1819, 6t. in-12 (VGM) Autre édition d’un seul conte: - Alphonse et Dalinde ou la féerie de l’art et de la nature, conte moral, Orléans, Berthevin, an VI, in-12, iv + 284p. (BMt). Adaptation à des fins scolaires, avec des notes. Pour les éditions données comme collections des Œuvres de madame de Genüs, v. 82.20, Autres éditions.</ae>
</entry>
</document>

<document>
<entry>
<id>84.27</id>
<au>
<a>GORJY, Jean-Claude</a>
</au>
<ti>Nouveau voyage sentimental</ti>
<det>
<pl>Londres &amp; Paris,</pl>
<pb>Bastien,</pb>
<y>1784,</y>
<f>in-8,</f>
<p>ü + 188p.</p>
</det>
<bib>BMt BNt AL 1784 VI 120-128; JL xv, xxvi 1784; JP 6.viü.84 Barton</bib>
<res>
<r_p>Ire personne;</r_p>
<r_pl>province;</r_pl>
<r_n>La Fleur, Thomas, Justine, Zeinevill;</r_n>
<r_c>voyages, aventures fantaisistes et décousues.</r_c>
</res>
<ae>Autres éditions: - . . . sentimental, par M. de Gorgy (sous le nom d’Yorik), nouvelle édition beaucoup augmentée, Londres, Collection de Cazin (sic), 1785, in-18, 252p. (BNt, Barton, Brissart, Gay). Trente-quatre chapitres au lieu de trente-deux. — Bouülon, Société typographique, 1785, in-18, 251p. (Bruxelles, Brissart) - Paris, Guillot, 1788, 2t. in-18 (Barton, Gay, Q) - 5e édition, Paris, Guillot, 1791, 2t. in-18 (BN, Barton, Gay). BN possède deux exemplaires, dont l’un est relié comme t.I et II d’un recueü factice des Œuvres de Gorjy. - 6e édition, Paris, Louis, an III, 2t. in-18 (Barton, Cohen, Gay, Q)</ae>
</entry>
</document>

<document>
<entry>
<id>84.28</id>
<au>
<a>HAUDART</a>
</au>
<ti>Vie et amours d’un pauvre diable</ti>
<det>
<pl>Paris,</pl>
<y>1784,</y>
<f>2t. in-12</f>
</det>
<bib>Gay Q</bib>
<res>
<r_p>Ire personne, avec des lettres;</r_p>
<r_pl>province, Paris;</r_pl>
<r_n>Guillaume Martinet, Sophie, le marquis de M. . . ;</r_n>
<r_c>voyages et aventures: tendances réalistes, ton facétieux.</r_c>
</res>
<ae>Autre édition: — Genève &amp; Paris, J. Hilaire, 1788, 2t. in-12, 236, 272p. (BNt, JL xi 1788, B, Gay, Q, Weller)</ae>
</entry>
</document>

<document>
<entry>
<id>84.29</id>
<au>
<a>HILLIARD D’AUBERTEUIL, MicheFRené Mis Mac</a>
</au>
<ti>Rea, roman historique, par M. Hilliard d’Auberteuil</ti>
<det>
<pl>Philadelphie,</pl>
<y>1784,</y>
<f>in-18,</f>
<p>xü + 146p.</p>
</det>
<bib>A BNt JP 1 l.vü.84 B Delcro Q</bib>
<res>
<r_p>3e personne;</r_p>
<r_pl>Amérique</r_pl>
<r_n>(Guerre de l’Indépendance): Mis Jenny Mac Rea, le capitaine Bel ton, Washington, Betsy, Kiaskuta;</r_n>
<r_c>campagnes militaires, intrigue sentimentale, épisode chez les Indiens, malheurs;</r_c>
<r_s>sensibilité, style épique.</r_s>
</res>
<ae>Autres éditions: - Philadelphie, 1784, xü + 131p. (BMt) - Phüadelphie, 1786, 112p. (Plli)84.30</ae>
</entry>
</document>

<document>
<entry>
<id>84.30</id>
<au>
<a>HOMÈRE</a>
<trd>trad. par Pierre-Louis-Claude GIN</trd>
</au>
<s>mnt</s>
<ti>L’Iliade, traduction nouvelle dédiée au Roi, avec des notes géographiques, historiques &amp; littérales, dont la partie qui rapproche la géographie ancienne des noms modernes a été rédigée par M. Mentelle, historiographe de Monseigneur le comte d’Artois, par M, Gin, conseiller du Grand-Conseil</ti>
<det>
<pl>Paris,</pl>
<pb>Servière,</pb>
<y>1784,</y>
<f>4t. in-12,</f>
<p>xxiii + 283 + 97, 266+55, 317+79, 314+82p.</p>
</det>
<bib>BNt AL 1784 VIII 3-24 0</bib>
<ex>Le faux titre porte: Œuvres complettes d’Homère, traduction nouvelle. La traduction de VOdvssée par Gin a été publiée en 1783 (v. 83.28). Pour les autres versions en prose de l’Iliade, v. celles de madame Dacier ( 1699, v. 56.R 30), de Bitaubé (64.29), de Lebrun (76.29) et de Cordier de Launay de Valeri (82.22).</ex>
<ae>Autres éditions: - ds Œuvres complètes, Paris, 1786-1788, 4t. in-8 (BN) - ds Œuvres complètes, Paris, 1786-1788, 4t. in-4 (BM. BN) - ds Œuvres, Paris, Didot fils aîné, 1787, 8t. in-8 (0) - du Œuvres complètes. Paris, Didot aîné, 1788-89, 8t. (NcUt: t.III, VI, VII)</ae>
</entry>
</document>

<document>
<entry>
<id>84.31</id>
<au>
<a>JACOBI, Johann Georg</a>
<trd>trad. par ARMANDRY</trd>
</au>
<s>t</s>
<ti>Le voyage d’hiver, traduction libre de l’allemand de M. Jacobi par M. Armandry</ti>
<det>
<pl>Hambourg,</pl>
<pb>J.G. Virchaux,</pb>
<y>1784,</y>
<f>in-24,</f>
<p>139p.</p>
</det>
<bib>At Q</bib>
<tr>Trad. de Die Winterreise, 1769.</tr>
<res>
<r_p>Ire personne;</r_p>
<r_pl>Allemagne;</r_pl>
<r_c>récit de voyage où rentrent des observations sur les moeurs et sur les idées.</r_c>
</res>
<ae>Autres éditions: - Lausanne, 1796, in-18, 11 lp. (BMt) - Paris, Dugour, [ 1797?] (JP 30 brum. V)</ae>
</entry>
</document>

<document>
<entry>
<id>84.32</id>
<au>
<a>LANTIER, Étienne-François</a>
</au>
<ti>Les travaux de monsieur l’abbé Mouche</ti>
<det>
<pl>Londres,</pl>
<y>1784,</y>
<f>in-12,</f>
<p>8 + 168p.</p>
</det>
<bib>A BNt JL xviii 1784; JP 9.vi, 23.vii.84 B Delcro</bib>
<ex>BUR 1787 août, pp. 179-189, offre une analyse du conte intitulé Le petit Candide.</ex>
<res>
<r_st>Pp. 81-168, contes en vers, chansons. Pp.l-80, Le</r_st>
<r_p>petit Candide; Ire personne;</r_p>
<r_pl>Paris;</r_pl>
<r_n>Antoine Bernard, Rosalie, madame Dumas;</r_n>
<r_c>aventures d’un jeune homme qui dit toujours la vérité; conte moral. 22 pages non-numérotées: Le déjeuner de M. Antoine Bernard, pour servir de suite au Petit Candide.</r_c>
</res>
<ae>Autres éditions: - Londres, 1784, in-8, 8 + 90 + xviii + 86p. (BNt) - Antoine Bernard et Rosalie ou le petit Candide, Paris, Ancelle, 1796, in-8, 176p. (PPULC, Cohen, Monglond, Q) - ds Contes en prose et en vers. . . , t.I, Paris, F. Buisson, an IX, (1801), 3t. in-18 (BMt, BN, Q) - ds Contes. . . , t.I, Paris, F. Buisson, an XIV-I805, 2t. in-8 (BMt, BN) - ds Contes.... t.I, Paris, Artus Bertrand, 1809, 2t. in-8 (CtY, 0)</ae>
</entry>
</document>

<document>
<entry>
<id>84.33</id>
<au>
<a>LA ROCHEFOUCAULD-SURGÈRES, Jean-Franço.s de</a>
</au>
<ti>Ramassis</ti>
<det>
<y>1784,</y>
<f>in-12,</f>
<p>30+ 26+ 17 + 22 + 84 + 40p.</p>
</det>
<bib>BNt</bib>
<ex>Les quatre premières parties de ce volume, ainsi que les autres volumes de Ramassis (1783, 1785) n’offrent que des dissertations morales. Les deux dernières parties (84 + 40p.) comportent des Lettres d’un neveu à son oncle, suivies des Lettres cinquante-unième &amp; cinquante-deuxième: un jeune homme fait la critique des moeurs de la société où il évolue.</ex>
</entry>
</document>

<document>
<entry>
<id>84.34</id>
<au>
<a>LE CAMUS DE MEZIERES, Nicolas</a>
</au>
<ti>Aabba ou le triomphe de l’innocence Éleutéropolis &amp; se trouve à</ti>
<det>
<pl>Paris,</pl>
<pb>veuve Gueffier,</pb>
<y>1784,</y>
<f>in-8,</f>
<p>vi + 108p.</p>
</det>
<bib>At JP 17.iii.85 B Dufrenoy Gay Q</bib>
<res>
<r_p>3e personne;</r_p>
<r_pl>Thessalie (cadre pastoral);</r_pl>
<r_n>Théogènes, Chloé, Aabba (leur fille), Ténus, Hilas;</r_n>
<r_c>intrigue sentimentale;</r_c>
<r_s>sensibilité, style poétique.</r_s>
</res>
<ae>Autres éditions: - Aabba ou le triomphe de l’innocence, suivi de la Vallée de Tempé, Paris, Gueffier, s.d., in-16, 164p. (BNt, Gay). Cohen, qui donne les mêmes précisions, ajoute: ‘ou Eleutheropolis, an X’. C’est donc en toute probabilité une version de l’édition citée par Gay et Q: an X (1802), in-18.</ae>
</entry>
</document>

<document>
<entry>
<id>84.35</id>
<au>
<a>LEROY DE LOZEMBRUNE, François-Claude</a>
</au>
<tr>Emire et Agathée, Mirson et Zelide, Cleophis et Sÿrka, par F. is C. de la Roy de Lozembrunc</tr>
<det>
<y>1784,</y>
<f>in-8,</f>
<p>187p.</p>
</det>
<bib>At B Q</bib>
<ex>Contes pastoraux en prose: pp. 1-43, Emire et Agathée; 44-109, Mirson et Zelide: 110-169, Cleophis et Syrka; suivis de courts poèmes, dont un en prose, mais sans éléments romanesques.</ex>
</entry>
</document>

<document>
<entry>
<id>84.36</id>
<au>
<a>LUCHET, Jean-Pierre-Louis de La Roche du Maine, marquis de</a>
</au>
<ti>Les folies philosophiques par un homme retiré du monde</ti>
<det>
<y>1784,</y>
<f>2t. pet. in-12,</f>
<p>220, 239p.</p>
</det>
<bib>At BM BN(t. II) B Delcro Gay Q</bib>
<res>
<r_p>3e personne;</r_p>
<r_pl>Indes;</r_pl>
<r_n>Totimbohu, la fée Merote, le prince Phénissai, d’AIembert;</r_n>
<r_c>aventures romanesques et allégoriques, aventures merveilleuses;</r_c>
<r_s>thèmes philosophiques, ton satirique.</r_s>
</res>
<ae>Autre édition: - s.L, 1784, 2t. in-12, 183, 206p. (At)</ae>
</entry>
</document>

<document>
<entry>
<id>84.37</id>
<au>
<a>LUCHET, Jean-Pierre-Louis de La Roche du Maine, marquis de</a>
</au>
<ti>L’insuffisance de la vertu</ti>
<det>
<y>1784,</y>
<f>in-12,</f>
<p>79p.</p>
</det>
<bib>At B 0</bib>
<ex>L’exemplaire de A comporte en fait une première page de titre (rajoutée): La comtesse de Tessan. . . , 1.785, suivie de xii pages liminaires et ensuite de la page de titre reproduite ci-dessus. Malgré ce qu’en dit B, ce n’est pas le même ouvrage que Mémoires de mademoiselle de Baudéon (v. 86.45). L’édition de La comtesse de Tessan pour 1783 donnée par B et Q est sans doute une erreur pour 1785.</ex>
<res>
<r_p>3e personne;</r_p>
<r_pl>province;</r_pl>
<r_n>le marquis de Lésance, la comtesse de Tessan, mademoiselle de Nersanges, madame de Roquenson;</r_n>
<r_c>intrigue mondaine et sentimentale.</r_c>
</res>
<ae>Autres éditions: - La comtesse de Tessan ou l’insuffisance de la vertu, 1785, in-12, xii +79p. (At, Gay). V. la note ci-dessus à propos de cette page de titre rajoutée. - 1786 (Delcro, Michaud) - Paris, 1788, pet. in-12 (Gay)</ae>
</entry>
</document>

<document>
<entry>
<id>84.38</id>
<au>
<a>LUCHET, Jean-Pierre-Louis de La Roche du Maine, marquis de</a>
</au>
<ti>Olinde, par l’auteur des Mémoires du vicomte de Barjac</ti>
<det>
<y>1784,</y>
<f>2 part, in-8,</f>
<p>152, 153-256p.</p>
</det>
<bib>At BNt B</bib>
<res>
<r_p>3e personne;</r_p>
<r_pl>Paris, Suisse;</r_pl>
<r_n>Mr de St. Pau, la comtesse Robieski, M. de Thésaunais, Olinde, la marquise de Vanlèze, Belson;</r_n>
<r_c>aventures libertines d’une jeune fille;</r_c>
<r_s>ton ironique.</r_s>
</res>
<ae>Autres éditions: Londres, 1784, 2 part, in-18, 145, 100p. (At, Brissart). Gay donne: Londres &amp; Genève (Cazin), 1784, 2t. in-18, in-8 et in-12; mais les éditions de Genève (v. ci-dessous) sont de ‘faux Cazin’. - Genève, 1784, 2 part, in-18, 98, 68p. (At, BMt, 0) - Genève, 1784, 2 part, in-8, 98, 68p. (BN, 0)</ae>
</entry>
</document>

<document>
<entry>
<id>84.39</id>
<au>
<a>LUCHET, Jean-Pierre-Louis de La Roche du Maine, marquis de</a>
</au>
<ti>Le vicomte de Barjac ou mémoires pour servir à l’histoire de ce siècle</ti>
<det>
<pl>Dublin,</pl>
<pb>imprimerie de Wilson</pb>
<pl>&amp; Paris,</pl>
<pb>chez les libraires qui vendent des nouveautés,</pb>
<y>1784,</y>
<f>2t. in-18,</f>
<p>166, 163p.</p>
</det>
<bib>At BM BNt CorrL avril 1784 B Delcro Drujon Gay Q</bib>
<ex>Luchet a publié une suite de ce roman en 1786: Mémoires de madame la duchesse de Morsheim (86.44).</ex>
<res>
<r_p>3e personne, avec récits intercalés J re personne:</r_p>
<r_pl>Paris, Marseille, Londres;</r_pl>
<r_n>le vicomte de Barjac, la comtesse de Lanove, Elmire, Socrate, Coraly;</r_n>
<r_c>aventures galantes, critique des mœurs;</r_c>
<r_s>ton satirique.</r_s>
</res>
<ae>Autres éditions: Londres, 1784, 2 part, in-18, 112, 113-217p. (BNt) - Dublin, imprimerie de Wilson &amp; Paris, chez les libraires qui vendent des nouveautés, 1784, 2t. in-18, 6 + 7-124, 122p. (BMt). L’exemplaire du BM comporte une Clef de trois pages rajoutée à la fin du t.II. — Dublin, imprimerie de Wilson &amp; Paris, chez les libraires qui vendent des nouveautés, 1784, in-8, viii + 216p. (VGM). C’est l’édition, signalée par Drujon et Q, qui porte sur le frontispice: Par M. C. ... de L..... auteur des Liaisons dangereuses.</ae>
</entry>
</document>

<document>
<entry>
<id>84.40</id>
<au>
<a>MALARME, Charlotte de Bournon, comtesse de</a>
</au>
<ti>Histoire d’Eugénie Bedford ou le mariage cru impossible, par madame de Malarme</ti>
<det>
<pl>Londres,</pl>
<pb>Thomas Hookham</pb>
<pl>&amp; Paris,</pl>
<pb>veuve Duchesne,</pb>
<y>1784,</y>
<f>2 part, in-12,</f>
<p>viii + 292, 306p.</p>
</det>
<bib>A BM BNt JL xix 1784; JP 2.vi.84 Delcro Gay Q</bib>
<res>
<r_p>3e personne, avec récits intercalés Ire personne;</r_p>
<r_pl>Angleterre;</r_pl>
<r_n>milord Bedford, Eugénie, Edward, Augustin;</r_n>
<r_c>intrigues mondaines et aventures romanesques.</r_c>
</res>
</entry>
</document>

<document>
<entry>
<id>84.41</id>
<au>
<a>MAYER, Charles-Joseph de</a>
</au>
<ti>Asgill ou les désordres des guerres civiles, par M. de Mayer</ti>
<det>
<pl>Amsterdam &amp; Paris,</pl>
<pb>rue et hôtel Serpente,</pb>
<y>1784,</y>
<f>in-12,</f>
<p>xii + 130p.</p>
</det>
<bib>A BM BNt CorrL fév. 1785; JL xx 1784; JP 7.V., 6.xi.84 Delcro Q</bib>
<ex>Ce récit avait déjà paru dans BUR 1783 février, pp. 81-128. C’est un fait divers mis en roman, et l’auteur cite comme source (pp. 1 14-130) un extrait du Mercure de France du 29 août 1782.</ex>
<res>
<r_p>3e personne;</r_p>
<r_pl>Angleterre, Amérique;</r_pl>
<r_n>Asgill, miss llannah, Wayne;</r_n>
<r_c>intrigue sentimentale, aventures guerrières:</r_c>
<r_s>sensibilité effrénée.</r_s>
</res>
</entry>
</document>

<document>
<entry>
<id>84.42</id>
<au>
<a>MAYER, Charles-Joseph de</a>
</au>
<ti>Laure et Felino, Leçons d’amour ou les dix tableaux, Cabestaing, nouvelle édition</ti>
<det>
<pl>Londres,</pl>
<y>1784,</y>
<f>in-16,</f>
<p>278p.</p>
</det>
<bib>BMt JP 13.vii.84 Brissart Gay Q</bib>
<ex>Gay consacre deux articles à,ce titre. Dans le premier il donne un ouvrage anonyme: Laure et Felino ou l’innocent condamné, qui aurait paru en 1768, et renvoie le lecteur à la BUR. En effet, BUR 1781 avril II, pp. 31-172, donne le texte de Laure et Felino de Mayer avec la note suivante: ‘ Une note ou étiquette attachée à ce Manuscrit, dans la Bibliothèque d’où on a bien voulu le retirer un moment pour nous le confier, nous autorise à croire qu’il y fut déposé en 1713. Nous n’osons croire, &amp; encore moins oserions-nous dire qu’il avoit été lu par l’homme immortel mort à Hermenonvillc, avant qu’il composât l’immortelle Héloise ’. Le volume de 1784 (qui comporte un faux titre: Romans de M. de Mayer) offre le même texte que celui de la BUR, à part quelques lignes à la fin. Puisque Mayer, né en 1751, n’aurait eu que 17 ans en 1768, il est probable que Gay s’est trompé sur l’édition qu’il donne pour cette année ou qu’il s’agit d’un ouvrage différent. Etant un des éditeurs de la BUR. Mayer y a fait paraître non seulement Laure et Félino (v. ci-dessus) mais aussi, en 1782, Leçons d’amour (juin, pp. 55-100; avec une suite, Les bijoux, juillet I, pp. 141-204) et Cabestaing (sept., pp. 3-102). C’est sans doute cette publication antérieure qui explique la mention ‘nouvelle édition’ à la page de titre de notre édition princeps.</ex>
<res>
<r_st>Pp. 1-152, Laure et Felino: 3e personne (mais le père intervient à la Ire personne); Sienne (Xlle siècle); Josepho, Laure, Felino (précepteur); aventures romanesques (Felino est faussement accusé d’un vol; Laure lui apporte du poison dans sa prison et iis meurent ensemble). 153-200, Leçons d’amour; 201-278, Guillaume Cabestaing</r_st>
</res>
<ae>Autres éditions: - Paris, Valade, 1784, in-18 (Gay, Q) - Paris, Ouvrier, 1798, 194p. (Wachs, Gay)</ae>
</entry>
</document>

<document>
<entry>
<id>84.43</id>
<au>
<a>MÉRARD DE SAINT-JUST, Anne-Jeanne-Félicité d’Ormoy, madame</a>
</au>
<ti>Bergeries et opuscules de Mlle d’Orn.oy l’aînée En Arcadie et se trouve à</ti>
<det>
<pl>Paris,</pl>
<pb>chez Lamy,</pb>
<y>1784,</y>
<f>in-12,</f>
<p>iv + 172p.</p>
</det>
<bib>BMf BNt Monglond Q</bib>
<res>
<r_st>Le volume comporte des dialogues avec quelques récits en prose: Pp. 8-19, L’amant volage sans être inconstant; 20-51, L’indifférence punie et pardonnée, pastorale; 52-66, L’enchantement ou le buste, récit historique, 1772; 67-75, La première leçon d’amour, eglogue; 79-87, L’orage, conte pastoral.</r_st>
</res>
<ae>Autre édition: - Opuscules ou bergeries, Paris, an VI, in-18 (Q)</ae>
</entry>
</document>

<document>
<entry>
<id>84.44</id>
<au>
<a>MÊRARD DE SAINT-JUST, Simon-Pierre</a>
</au>
<s>m</s>
<ti>Sept et le va à l’as de pique ou le ponte en bonne fortune, anecdote parsemée de contes en vers</ti>
<det>
<pl>A Pharaonis,</pl>
<pb>aux dépens de la banque,</pb>
<y>1784,</y>
<f>in-18,</f>
<p>iv + 88p.</p>
</det>
<bib>BNt B</bib>
<res>
<r_c>En marge: une courte introduction à la Ire personne est suivie de dialogues (entre la Comtesse et l’Auteur) sur le jeu et sur l’amour, entrecoupés de contes en vers.</r_c>
</res>
<ae>Autre édition: — Le calembourg en action, Lampsaque, 1789, pet. in-12, 88p. (d’après une réédition de ce dernier titre. 1874 (BMt, BN))</ae>
</entry>
</document>

<document>
<entry>
<id>84.45</id>
<au>
<a>MERCIER, Louis-Sébastien</a>
</au>
<ti>Mon bonnet de nuit, par M. Mercier</ti>
<det>
<pl>Neuchâtel,</pl>
<pb>Société typographique,</pb>
<y>1784 (t.I-II)</y>
<pl>-Lausanne,</pl>
<pb>Heubach,</pb>
<y>1785 (t.III-IV),</y>
<f>4t. in-8,</f>
<p>396, 423, 390, 382p.</p>
</det>
<bib>A (t.1-11) BMt BN (t.l-III) CoitL juillet 1784 B Benn</bib>
<ex>La page de titre du t.II porte: ‘Et se vend à Versailles, chez Poinçot’. L’ouvrage comprend deux parties distinctes (t.I-II et t.UI-IV), qui ont été rééditées souvent à part. Les t.III-IV ont paru aussi sous le titre: Mon bonnet du matin. . L’ouvrage contient quelques morceaux qui avaient déjà paru dans les Songes philosophiques (v. 68.42).</ex>
<res>
<r_c>Série de petits essais, parfois sous la forme de ’songes’, et un ou deux contes.</r_c>
</res>
<ae>Autres éditions: - Neuchâtel, Société typographique, 1784, 2t. in-8, 366, 392p. (BN: t.I seulement, Lausanne, Manchester, Benn) — Neuchâtel, Société typographique, 1784, 2t. in-12, 366, 392p. (BN, Benn) — Neuchâtel, 1784, 2t. in-8, 356, 384p. (BN, Benn) - Neuchâtel, 1784, 2t. in-12, 356, 384p. (Bibl. Monglond, Louvain, Troyes, Benn) - Amsterdam, 1784, 2t. in-12, 344, 371p. (Bruxelles, MHt Benn)84.45 — Neuchâtel, Société typographique et se vend à Versailles chcxisicJ Poinçot, 1784, 2t. in-12, ?, 280p. (BM: t.II seulement, Benn) — Neuchâtel, 1784, 2t. in-8, 239, 255p. (At. Benn). Dans quelques exemplaires de cette édition la dernière page est numérotée 253 (pour 255) (Leedst). — .. . par monsieur Mercier, ouvrage qui doit servir de suite au Tableau de Paris du même auteur, Neuchâtel. Société typographique, 1784, 2L in-8, 206, 221p. (BM, BNt, Benn) — .. . ouvrage faisant suite au Tableau de Paris, Neuchâtel. 1784, 2t. in-8 (Toulon, Benn) — Neuchâtel, Société typographique, 1785, 2t. in-12, iv + 360, ?p. (Zurich, Zentralbibl. : t.I seulement, Benn). V. l’édition suivante. — Neuchâtel, Société typographique, 1785, 2t. in-12, ?, 357p. (Genève: t.II seulement, Zurich Zentralbibl. : t.II seulement, Benn). Selon le docteur Benn, l’exemplaire de Zurich consiste en deux volumes de deux éditions différentes. V. l’édition précédente. — Neuchâtel, Société typographique, 1785, 2t. in-12, 259. ?p. (BMt: t.I seulement, Benn) Autres éditions des t.III-lV: — Lausanne, Heubach, 1785, 2t. in-12, 360, 347p. (Genève, Troyes, Benn) — Lausanne, Heubach, 1785, 2t. in-8, 360, 347p. (Besançon, Bruxelles, Lausanne, Le Mans, Benn) — Lausanne, Heubach, 1785, 2t. in-8, 241, 229p. (Bruxelles Univ. libre, Leeds, Benn) — Lausanne, Heubach, 1786, 2t. in-8, 203, 186p. (BNt, Benn) — Neuchâtel, 1786, 2t. in-8 (Univ. de Lille, Rennes, Benn) — Mon bonnet du matin, par monsieur Mercier, Lausanne, Heubach, 1786, 2t. (cat. P.L. Bordes de Fortage, 1924; Benn) — Mon bonnet du matin, Lausanne, Heubach, 1787, 4 part. in-12, 160, 158, 156, 141p. (Leeds. Benn). Comprend la traduction de la Boucle de cheveux enlevée de Pope (v. 64.37). — Mon bonnet du matin, Lausanne, Heubach, 1787, 4 part, in-12, 142, 154, 130, 146p. (Lausanne, Benn) Editions des t.I-lV: — Lausanne, 1785, 4t. (Bamberg Staatsbibl.. Benn) — Lausanne. Heubach, 1788, 4t. in-8 (Libr. Moretti (Milan), cat. 10; Benn) — Lausanne, 1788, 4t. in-12 (Ersch, Q) — Neuchâtel, Société typographique, 1789, 4t. in-8 (Cat. de libr., Benn) — Londres, G.G. &amp; J. Robinson, 1798, 2t. in-18, xii + 288, 303p. (BMt, Benn, Monglond). Dans l’exemplaire du BM, la Préface de l’ouvrage est en réalité la Préface des Contes moraux de Marmontel.</ae>
</entry>
</document>

<document>
<entry>
<id>84.46</id>
<au>
<a>MOMORO, Antoine-François</a>
</au>
<ti>Histoire intéressante d’un nouveau voyage à la lune et de la descente â Paris d’une jolie dame de cette terre étrangère</ti>
<det>
<pl>Whiteland &amp; Paris,</pl>
<pb>F.-G. Deschamps,</pb>
<y>1784,</y>
<f>in-8,</f>
<p>93p.</p>
</det>
<bib>At JL i 1785; JP 7.i.85 Gove</bib>
<ex>Messac B et Q donnent le titre: Histoire curieuse et amusante d’un nouveau voyage à la lune fait par un aèromane. 1 re personne; un voyageur en ballon arrive sur la lune et décrit ses aventures: ton satirique.</ex>
</entry>
</document>

<document>
<entry>
<id>84.47</id>
<au>
<a>MONBART, Marie-Josèphe de l’Escun, madame de</a>
</au>
<ti>Lettres taïtiennes par madame de Monbart Breslau, Guillaume Théophile</ti>
<det>
<pl>Korn,</pl>
<y>1784,</y>
<f>in-12,</f>
<p>326p.</p>
</det>
<bib>At Q</bib>
<res>
<r_p>Lettres;</r_p>
<r_pl>France. Taiti;</r_pl>
<r_n>Zulica. Zelr, St. Val, Julie;</r_n>
<r_c>critique des moeurs, intrigue sentimentale.</r_c>
</res>
<ae>Autres éditions: Bruxelles, 1786, 2t. in-12 (Clayton, Q) - Ce titre est donné par JL vii 1788. Paris, marchands de nouveautés, s.d., 2t. in-12, x + 150, 146p. (BNt, Dufrenoy)</ae>
</entry>
</document>

<document>
<entry>
<id>84.48</id>
<au>
<a>MONNET, Marie, née Moreau</a>
</au>
<ti>Histoire d’Ab-dal-Mazour, suite des Contes orientaux, troisième récit du sage Caleb, voyageur persan, par Mad. Mo. . . Constantinople &amp;</ti>
<det>
<pl>Paris,</pl>
<pb>Gueffier,</pb>
<y>1784,</y>
<f>in-12,</f>
<p>170p.</p>
</det>
<bib>At JL xviü 1784; JP 27.iv, 15.V.84 B Delcro Dufrenoy Q</bib>
<ex>Pour les Contes orientaux, v. 79.27. Cette suite ne comprend que L’histoire d’Ab-dal-Mazour, conte oriental. V. aussi 87.59.</ex>
</entry>
</document>

<document>
<entry>
<id>84.49</id>
<au>
<a>MUSÉE le Grammairien</a>
<trd>trad. par François-Jean-Gabriel de mnt LA PORTE DU THEIL</trd>
</au>
<ti>Les amours de Léandre et de Héro, poëme de Musée le Grammairien, traduit du grec en français avec le texte</ti>
<det>
<pl>Paris,</pl>
<pb>Nyon le jeune,</pb>
<y>1784,</y>
<f>in-12,</f>
<p>ix + 45p.</p>
</det>
<bib>BNt AL 1784 IV 178-185 B Delcro Q</bib>
<ex>D’autres versions ont été publiées par Moutonnet de Clairfons (74.23) et Gail (96.48).</ex>
<ae>Autre édition: — ds Bibliothèque universelle des dames. Mélanges, t. VIII, 1785-88 (V.85.R2)</ae>
</entry>
</document>

<document>
<entry>
<id>84.50</id>
<au>
<a>NERCIAT, André-Robert Andréa de L’étourdi</a>
</au>
<det>
<pl>Lampsaque,</pl>
<y>1784,</y>
<f>2 part, in-12,</f>
<p>155, 111 + 3p.</p>
</det>
<bib>A BM BNt Apollinaire, Nerciat Drujon Gay</bib>
<ex>Apollinaire attribue cet ouvrage à Neufville-Montador; P. Lacroix (Bull, du bibliophile, 1853, p. 153) au marquis de Sade.</ex>
<res>
<r_p>Ire personne (mémoires découpés en lettres);</r_p>
<r_pl>France;</r_pl>
<r_n>le chevalier de Nanlo, Euphrosine de Therfort, la comtesse de Larba, le chevalier de Serfet, sœur Ursule;</r_n>
<r_c>aventures libertines.</r_c>
</res>
</entry>
</document>

<document>
<entry>
<id>84.51</id>
<au>
<a>NOUVEL</a>
</au>
<s>*</s>
<ti>Derval et Ëmilie ou la fortune contraire à l’amour, divisé en cinquante lettres</ti>
<det>
<y>1784,</y>
<f>in-12</f>
</det>
<bib>B Gay Q</bib>
</entry>
</document>

<document>
<entry>
<id>84.52</id>
<au>
<a>PECHMEJA, Jean de Télèphe, en XII</a>
</au>
<s>livres</s>
<det>
<pl>Londres &amp; Paris,</pl>
<pb>Pissot,</pb>
<y>1784,</y>
<f>in-8,</f>
<p>264p.</p>
</det>
<bib>A BM BNt AL 1784 III 217-247, VIII 320-329; JL ix 1784; JP 4, 22.iü.84 B Oayton Delcro Dufrenoy Messac Q</bib>
<res>
<r_p>3e personne, avec retour en arrière Ire personne;</r_p>
<r_pl>Crète, Athènes;</r_pl>
<r_n>Télèphe, Sophosène, Iphinoë;</r_n>
<r_c>voyages, aventures, discours; style élevé, épopée en prose.</r_c>
</res>
<ae>Autres éditions: - ... seconde édition, Paris, Pissot et Hardouin, 1784, 2t. in-12, 209, 207p. (La Hayet) - Londres, 1785, 2t. in-12, 154, 159p. (BNtB, Dufrenoy, Q) - Paris, Devaux, an III, 2t. in-24 (BM, BN, Dufrenoy)</ae>
</entry>
</document>

<document>
<entry>
<id>84.53</id>
<au>
<a>PERREAU, Jean-André</a>
</au>
<ti>Le roi voyageur ou examen des abus de l’administration de la Lydie</ti>
<det>
<pl>Londres,</pl>
<pb>T.P. Cadel,</pb>
<y>1784,</y>
<f>in-8,</f>
<p>viii + 21 lp.</p>
</det>
<bib>BNt B Drujon Dufrenoy Q</bib>
<res>
<r_p>3e personne;</r_p>
<r_pl>Lydie;</r_pl>
<r_n>Mêlés, Ismin;</r_n>
<r_c>critique des institutions et des moeurs (un roi voyage incognito et observe ses sujets).</r_c>
</res>
<ae>Autres éditions: L’un des exemplaires de la BN a une page de titre différente (bien que portant le même libellé), mais le reste du volume semble identique à l’édition décrite ci-dessus (BNt, Dufrenoy). - Londres, 1785, in-8 (Bruxelles) — Londres, T.P. Cadel, 1785, 2t. in-18, iv + 124, I 10p. (Bruxelles)</ae>
</entry>
</document>

<document>
<entry>
<id>84.54</id>
<au>
<a>PEZZL, Johann</a>
<trd>trad. par Jean-Paul DORAY DE LONGEAIS</trd>
</au>
<s>t</s>
<ti>Faustin ou le siècle philosophique</ti>
<det>
<pl>Amsterdam,</pl>
<y>1784,</y>
<f>in-8,</f>
<p>342p.</p>
</det>
<bib>A BNt B Q</bib>
<tr>Trad. de Faustin oder das philosophische Jahrhundert, 1783.</tr>
<res>
<r_p>3e personne;</r_p>
<r_pl>Bavière, Italie, France. Angleterre. . . ;</r_pl>
<r_n>Faustin, le père Boniface, Traubach,... ;</r_n>
<r_c>voyage philosophique d’un jeune homme à travers l’Europe, critique des institutions (surtout de l’Eglise);</r_c>
<r_s>thèmes philosophiques, ton satirique.</r_s>
</res>
</entry>
</document>

<document>
<entry>
<id>84.55</id>
<au>
<a>PIROUX, Joseph</a>
</au>
<s>m</s>
<ti>L’art de voyager dans l’air et de s’y diriger, mémoire qui va remporter le prix proposé par l’Académie de Lyon</ti>
<det>
<pl>A F.llivcnul,</pl>
<pb>Au pays de Rianole, pendant la mère Lune de</pb>
<y>1784,</y>
<f>2 part, in-8,</f>
<p>31, 29 + 15p.</p>
</det>
<bib>DLCt Gove Q</bib>
<ex>‘Ellivcnul’ et ‘Rianole’ sont des anagrammes de Lunéville et Lorraine. La section finale est intitulée: Inscription de la porte Stainville à Nancy.</ex>
<res>
<r_c>En marge: discussion humoristique sur la nature et l’influence de la lune; comprend l’Histoire de Pyrodès, récit de voyages imaginaires.</r_c>
</res>
</entry>
</document>

<document>
<entry>
<id>84.56</id>
<au>
<a>POUGENS, Marie-Charles-Joseph de</a>
</au>
<ti>Récréations de philosophie et de morale par M. le chevalier de Pougens Yverdon &amp; se vend à</ti>
<det>
<pl>Paris,</pl>
<pb>chez Debure l’aîné,</pb>
<y>1784,</y>
<f>4 part, in-12,</f>
<p>75, iv + 47, 45, 88p.</p>
</det>
<bib>Bibl. Monglondt Q</bib>
<ex>La première partie contient Histoire d’Alexis Goodman (v. 81.2). Les deuxième et troisième parties ne comportent pas d’éléments romanesques.</ex>
<res>
<r_st>IV, 1-88, Fazel ou les méprises des sentiments (voyage philosophique à la Candide); Les erreurs de Florine.</r_st>
</res>
</entry>
</document>

<document>
<entry>
<id>84.57</id>
<au>
<a>REEVE, Mrs Clara</a>
<trd>trad. par PierTe-Antoine de LA PLACE</trd>
</au>
<s>t</s>
<ti>Les deux mentors ou mémoires pour servir à l’histoire des mœurs angloises au 18me. siècle, traduction libre de l’anglois de M*** par M.D. la P. . .</ti>
<det>
<pl>Amsterdam &amp; Paris,</pl>
<pb>Prault,</pb>
<y>1784,</y>
<f>2t. in-12,</f>
<p>284, 312p.</p>
</det>
<bib>A BNf CorrL mai 1785; JL viii 1785; JP 3.iii, 3.vi.85 Cobb Rochedieu Streeter</bib>
<tr>Trad. de The Two Mentors, a Modem Story, 1783.</tr>
<res>
<r_p>Lettres;</r_p>
<r_pl>Angleterre;</r_pl>
<r_n>Richard Munden. Edouard Saville, mylady Belmour, le révérend Jarvis Johnson;</r_n>
<r_c>intrigue mondaine.</r_c>
</res>
<ae>Autres éditions: — Amsterdam &amp; Paris, Hardouin, 1785, 2t. in-12 (A, BN, B, Cobb, Q, Rochedieu) — ds Collection de romans et de contes. . . . t.III, Paris, Cussac, 1788, 8t. in-8 (v. 88.75)</ae>
</entry>
</document>

<document>
<entry>
<id>84.58</id>
<au>
<a>RÉTIF DE LA BRETONNE, Nicolas-Edme</a>
</au>
<ti>La paysanne pervertie ou les dangers de la ville, histoire d’Ursule R**, sœur d’Edmond, le paysan, mise-au-jour d’après les véritables lettres des personages, avec 114 estampes, par l’auteur du Paysan perverti</ti>
<det>
<pl>La Haie &amp; Paris,</pl>
<pb>veuve Duchesne,</pb>
<y>1784,</y>
<f>4t. in-12,</f>
<p>344, 220 (pour 320), 320, 336p.</p>
</det>
<bib>A BM BNt AL 1785 VII 217-237; JL xxxüi 1785; JP 8.X.85 Drujon Gay Q Rives Childs</bib>
<ex>C’est une suite du Paysan perverti (76.44). Les deux ouvrages ont été réunis dans une édition datée de 1784 mais publiée en 1787 (v. 87.66).</ex>
<res>
<r_p>Lettres;</r_p>
<r_pl>province (Auxerre), Paris;</r_pl>
<r_n>Ursule. Mme Parangon, Fauchon, Gaudet, Edmond, le Marquis, Lagouaclte. . . ;</r_n>
<r_c>aventures galantes, malheurs d’une villageoise entraînée par le mauvais exemple;</r_c>
<r_s>sensibilité, intentions moralisatrices, tendances réalistes.</r_s>
</res>
<ae>Autres éditions: - Les dangers de la ville ou histoire effrayante et morale d’Ursule, dite ia Paysane-pervertie. . . , La Haie &amp; Paris, 1784, 4t. in-12 (BN, Gay, Rives Childs). Même impression avec une nouvelle page de titre. - Les dangers de la ville ou histoire d’Ursule-R **, faite sur les véritables lettres des personnages, La-Haie, 1785, 4t. in-12 (A, BN, B, Q, Rives Childs). Même texte qu’avant. — La paysanne pervertie.... La Haie &amp; Paris, veuve Duchesne, 1785,4t. in-12, 262, 248, 144 (pour 244), 275p. (MHt, NBuG, Rives Childs) - La Haie &amp; Paris, veuve Duchesne, 1784, 4t. in-12, 235, 224, 227, 261p. (CtY, MHt, Rives Childs). Contrefaçon publiée en 1786, selon Rives Childs. - La Haye &amp; Paris, veuve Duchesne, 1786, 4t. in-12, 111 (pour 211), 203, 203, 223p. (MHt, MiU, OC1, Rives Childs) — La Haye &amp; Paris, 1787, 4t. in-12 (Gay) V. aussi Le paysan et ta paysanne pervertis (87.66)</ae>
</entry>
</document>

<document>
<entry>
<id>84.59</id>
<au>
<a>RÉTIF DE LA BRETONNE, Nicolas-Edme</a>
</au>
<ti>La prévention nationale, action adaptée à la scène, avec deux variantes et les faits qui lui servent de base</ti>
<det>
<pl>La-Haie &amp; Paris,</pl>
<pb>Régnault,</pb>
<y>1784,</y>
<f>2 part, in-12,</f>
<p>302, 455p.</p>
</det>
<bib>BM BNt Q Rives Childs</bib>
<ex>L’ouvrage est composé d’une pièce de théâtre, suivie d’une série de récits en prose. Le deuxième volume comporte trois pages de titre différentes, que Rives Childs cite en détail.</ex>
<res>
<r_st>Il, 91-143, Lettres authentiques (rattachées à l’action de la pièce de théâtre); 145-216. Histoire de Jeanne d’Arc; 219-221, Le Chevalier-D’Assas; 222-243, Charles-Dulis; 245-277, Les Deux-Anglais; 278-284, Le Fils-obeissant; 285-378, Le Prisonnier-de-guerre: 435-455, Supplément au Quarantecinquenaire (de nouvelles lettres pour compléter la Dernière aventure d’un homme de quarante-cinq ans, 83.48).</r_st>
</res>
</entry>
</document>

<document>
<entry>
<id>84.60</id>
<au>
<a>RUMPLER, chanoine François-Louis</a>
</au>
<s>m</s>
<ti>Histoire véritable de la vie errante et de la mort subite d’un chanoine qui vit encore, écrite à Paris par le défunt lui-même.</ti>
<det>
<y>1784,</y>
<f>in-8,</f>
<p>366p.</p>
</det>
<bib>BNt B Gay</bib>
<ex>Un Dossier des pièces pour un chanoine ressuscité à demi. . . a été publié également en 1784, in-8, pages non-numérotées (BNt). V., à propos de l’auteur et de son ouvrage, Justin Lamoureux, ‘Coup d’œil sur la vie ct les écrits du chanoine Rumpler de Rorbach’, Bulletin du bibliophile, mars-avril 1858, pp. 867-874, 941-944, ainsi que F.-L. Mars, ‘Une rencontre casanovienne: le chanoine Rumpler de Rorbach’, Casanova Gleanings, XI, 1968, pp.30-32.</ex>
<res>
<r_c>En marge: autobiographie polémique, facétieuse et romancée.</r_c>
</res>
<ae>Autres éditions: - Francfort, 1784 (B, Lamoureux) - 5e édition, Mayence, chez J. Alef, avec permission des Sup., 1785, in-12 (A, Lamoureux) — Mannheim. 1785 (Q) - Paris, Buisson, 1788, 2t. in-8 (BN, Lamoureux) - an IX (Lamoureux)</ae>
</entry>
</document>

<document>
<entry>
<id>84.61</id>
<au>
<a>STERNE, Laurence</a>
<trd>trad. par Joseph-Louis de LA BOISSIÈRE</trd>
</au>
<s>nt</s>
<ti>Nouveau voyage en France, suivi de l’Histoire de Le Fèvre et d’un choix de lettres familières du même auteur</ti>
<det>
<pl>Genève,</pl>
<y>1784,</y>
<f>in-16,</f>
<p>xii + 181p.</p>
</det>
<bib>NNt AL 1785 Vil</bib>
<ex>49-55 AL donne: Genève &amp; Paris, Belin, 1784. Cette traduction a été attribuée également à Griffct de La Baume, sans doute â cause d’une confusion avec la traduction d’une suite de Trislram Shandy que celui-ci a publiée en 1785. La mention ‘par M.D.L. •••**, avocat-général. . . ’, dans le titre de la deuxième édition (v. ci-dessous, Autres éditions), doit pourtant se référer à La Boissière, qui était effectivement avocat-général du parlement de Grenoble.</ex>
<tr>Trad. de deux extraits de The Life and Opinions of Tristram Shandy, Gentleman, 1759-67.84.61</tr>
<ex>Pour la traduction de Trislrani Sltandy p3r prenais, v. 76.47; pour les deux suites de cette version, v. 85.44 et 85.45.</ex>
<ae>Autres éditions: . traduit de l’anglois par M.D.L. ***** avocat- général au parlement de ***, Genève, 1785, in—12, 192p. (BNt, Barton, Rochedieu, Streeter). Barton donne: Genève &amp; Paris; Rochedieu et Streeter donnent: Genève &amp; Paris, Belin. - Lausanne, J.P. Heubach et Conip., 1785, in-12, xviii + 19-239p. (BMf)</ae>
</entry>
</document>

<document>
<entry>
<id>84.62</id>
<au>
<a>TASSO, Torquato, dit le Tasse</a>
<trd>trad. par Jean-Etienne MENU mt DE CHOMORCEAU</trd>
</au>
<ti>Renaud, poème héroïque imité du Tasse, par M. Menu de Chomorceau, président, lieutenant-général au bailliage de Villeneuve-le-Roi</ti>
<det>
<pl>Paris,</pl>
<pb>Moutard,</pb>
<y>1784,</y>
<f>2t. in—S,</f>
<p>xv + 280, viii + 252p.</p>
</det>
<bib>BMf BNt (t.l) AL 1785 I 316-322 Q</bib>
<ex>Avertissement: ‘Ce n’est pas une traduction ftdelle de ce Poème, mais une imitation très-libre. . . ’</ex>
<tr>Trad. en prose de Rinaldo, poema in dodici canti, 1562.</tr>
<res>
<r_p>Je personne;</r_p>
<r_pl>France, Italie (moyen âge);</r_pl>
<r_n>Renaud, Maugis, Clarice, Isolier, Florinde;</r_n>
<r_c>aventures chevaleresques;</r_c>
<r_s>genre troubadour.</r_s>
</res>
</entry>
</document>

<document>
<entry>
<id>84.63</id>
<au>
<a>THËVENEAU DE MORANDE, Charles</a>
</au>
<s>m</s>
<ti>Vie privée ou apologie de très-sérênissime prince, monseigneur le duc de Chartres, contre un libel diffamatoire écrit en mil sept cent quatre-vingt-un, mais qui n’a point parut à cause des menaces que nous avons faites à l’auteur de le déceler, par une société d’amis du prince</ti>
<det>
<pl>A cent</pl>
<pb>lieus de la Bastille,</pb>
<y>1784,</y>
<f>in-8,</f>
<p>iv + 134p.</p>
</det>
<bib>BNt Gay</bib>
<res>
<r_c>En marge: ouvrage polémique sous la forme d’une biographie romancée graveleuse.</r_c>
</res>
<ae>Autre édition: - A cent lieues de la Bastille, 1784, in-8, vi + 98p. (BNt)</ae>
</entry>
</document>

<document>
<entry>
<id>84.64</id>
<au>
<a>THIERY</a>
</au>
<ti>Le voyage des Muses, allégorie pour madame de Saint-Huberty, par M. Yreilit</ti>
<det>
<pl>Au Pinde,</pl>
<y>1784,</y>
<f>in-8,</f>
<p>16p.</p>
</det>
<bib>BNt Q</bib>
<res>
<r_p>3e personne;</r_p>
<r_pl>Europe;</r_pl>
<r_n>Uranie, Clio, Melpomène;</r_n>
<r_c>les Muses, en voyageant, inspirent le goût pour les arts aux peuples européens;</r_c>
<r_s>éloge de l’actrice madame de Saint-Huberty.</r_s>
</res>
</entry>
</document>

<document>
<entry>
<id>84.65</id>
<au>
<a>VOLTAIRE, François-Marie Arouet de</a>
</au>
<ti>Œuvres complètes</ti>
<det>
<pl>Imprimerie</pl>
<pb>de la Société littéraire-typographique,</pb>
<y>1785,</y>
<f>70t. in-8</f>
</det>
<bib>BMf Bengesco</bib>
<ex>C’est l’édition de Kelll. Le t. XLV contient deux petits contes qui n’avaient pas paru auparavant en forme de livre. Pp. 415-424, Le crocheteur borgne. Ce conte avait paru, dans une version édulcorée, dans le Journal des dames, mars 1774. Pp. 425-434, Cosi sancta. Pour les éditions des CEuvres et des Romans et contes de Voltaire, v. 52.43.</ex>
</entry>
</document>

</root>