<root>

<document>
<entry>
<id>87.1</id>
<ti>Adoulzin ou les dangers d’une mauvaise éducation</ti>
<det>
<pl>La Haye &amp; Paris,</pl>
<pb>Guillot,</pb>
<y>1787,</y>
<f>2 part, in-12,</f>
<p>xlviii + 191, 232p.</p>
</det>
<bib>BNt JL xlvü 1787; JP 28.xii.87 Delcro</bib>
<res>
<r_p>Ire personne;</r_p>
<r_pl>province, Paris;</r_pl>
<r_n>Perrette, Melza, M. de Grand-ville;</r_n>
<r_c>aventures d’un jeune homme;</r_c>
<r_s>thème de l’éducation, critique des mœurs.</r_s>
</res>
</entry>
</document>

<document>
<entry>
<id>87.2</id>
<au>
<a>?</a>
<trd>trad. par Joseph de MAIMIEUX nt?</trd>
</au>
<ti>Alphonse d’Inange ou le nouveau Grandisson</ti>
<det>
<pl>Londres,</pl>
<pb>Thomas Hookham</pb>
<pl>&amp; Paris,</pl>
<pb>veuve Duchesne,</pb>
<y>1787,</y>
<f>4 part, in-12,</f>
<p>vi + 184, 200, 214, 245p.</p>
</det>
<bib>A BNt AL 1788 III 161-175; JL xix 1787; JP 30.vi.87 Streeter (trad. supposée)</bib>
<ex>C’est une nouvelle version d’un ouvrage qui avait paru en 1785, L’amitié fraternelle (v.85.1) Nous attribuons cette traduction à Maimieux, suivant l’annonce qui se trouve dans cette édition: ‘Ouvrages du même auteur: L‘hypocrite démasqué ou Félix et Colombe, L‘heureux jeune homme ou Sélim Mahoglip ’. Pour la description de l’ouvrage, v.85.1</ex>
</entry>
</document>

<document>
<entry>
<id>87.3</id>
<au>
<a>Aspasie, traduit de l’anglois</a>
</au>
<s>t</s>
<det>
<pl>Londres &amp; Paris,</pl>
<pb>Buisson,</pb>
<y>1787,</y>
<f>2t. in-12,</f>
<p>236, 238p.</p>
</det>
<bib>A BMt BNt JL vii 1787; JP 9.iü.87 Gay Rochedieu Streeter</bib>
<tr>Trad. de Arpasia (sic) or the Wanderer, 1786.</tr>
<ex>BUR 1787 mai, pp. 121-191, en donne un abrégé.</ex>
<res>
<r_p>3e personne;</r_p>
<r_pl>Angleterre;</r_pl>
<r_n>l’écuyer Henry, l’écuyer Richard, miss Elwood, Aspasie (miss Hanbury), mylord Derville;</r_n>
<r_c>intrigue sentimentale.</r_c>
</res>
</entry>
</document>

<document>
<entry>
<id>87.4</id>
<ti>Azémor ou tableau des moeurs et coutumes du pays de Solamir, par M. de P....</ti>
<det>
<pl>Paris,</pl>
<pb>chez les libraires associés,</pb>
<y>1787,</y>
<f>2 t. in-12,</f>
<p>410, 388p.</p>
</det>
<bib>At</bib>
<res>
<r_p>3e personne, avec retour en arrière Ire personne;</r_p>
<r_pl>pays imaginaire</r_pl>
<r_n>(Solamir), Grèce, Turquie, Prusse, Hollande,....</r_n>
<r_c>voyages, intrigue sentimentale;</r_c>
<r_s>observations politiques, thèmes philosophiques, pseudo-épopée.</r_s>
</res>
</entry>
</document>

<document>
<entry>
<id>87.5</id>
<ti>Choix de petits contes, anecdotes, fables, comédies, ct dialogues, &amp;c., propres à être mis entre les mains des enfans de tout sexe et de tout âge, ouvrage de première utilité pour l’éducation, et dont presque tous les morceaux sont traduits ou imités des langues étrangères</ti>
<det>
<pl>Paris,</pl>
<pb>Royez,</pb>
<y>1787 (t. I-II) - 1789(t. III),</y>
<f>3t. in-16,</f>
<p>132,119, 131p.</p>
</det>
<bib>BNt AL 1789 VIII 275-281; JP 15.xi.87</bib>
<res>
<r_c>Petites anecdotes morales, adaptées surtout d’auteurs allemands (Campe entre autres): Esope; La rencontre imprévue;</r_c>
<r_s>Le jeune-homme sensé; La probité récompensée, etc.</r_s>
</res>
</entry>
</document>

<document>
<entry>
<id>87.6</id>
<ti>La confession du conseiller D... G..., avec des notes sur les * objets les plus ignobles de la vie</ti>
<det>
<pl>Au</pl>
<pb>puits de la vérité,</pb>
<y>1787,</y>
<f>in-8</f>
</det>
<bib>Gay</bib>
</entry>
</document>

<document>
<entry>
<id>87.7</id>
<ti>Confessions du comte de C****, avec l’histoire de ses voyages en Russie, Turquie, Italie et dans les pyramides d’Egypte</ti>
<det>
<pl>Au Caire &amp; à Paris,</pl>
<pb>Cailleau,</pb>
<y>1787,</y>
<f>in-12,</f>
<p>176p.</p>
</det>
<bib>A BNt CotTL mai 1787; JL xiv 1787 B Q</bib>
<ex>Ouvrage attribué à tort au comte de Cagliostro, qui en serait le héros.</ex>
<res>
<r_p>Ire personne;</r_p>
<r_pl>Sicile, Rome, Lausanne, St. Pètersbourg, Constantinople. Alexandrie;</r_pl>
<r_n>le marquis de Kassi, Joseph, le marquis de R ***, Zeleîde;</r_n>
<r_c>voyages et aventures;</r_c>
<r_s>sciences occultes.</r_s>
</res>
<ae>Autres éditions: — Au Caire &amp; à Paris, Cailleau, 1787, in-4, 57p. (BNf, B,Q) - Au Caire, 1787, iv + 128p. (CLU, NIC)</ae>
</entry>
</document>

<document>
<entry>
<id>87.8</id>
<ti>La femme vertueuse ou le débauché converti par l’amour, lettres publiées pour l’instruction de quelques sociétés, dans le genre des Liaisons dangereuses par M. l’A. D.L.G.</ti>
<det>
<pl>Amsterdam &amp; Paris,</pl>
<pb>Lefevre,</pb>
<y>1787,</y>
<f>2 part, in-12,</f>
<p>187, 287p.</p>
</det>
<bib>A BNt JL xlvi 1787; JP 30.xu.87 Delcro Gay Momet</bib>
<ti>Dans sa préface, l’auteur promet la publication des</ti>
<ex>A ventures de Zulime ou mémoires d’une courtisanne revenue de ses égarements...,à La femme vertueuse a du succès - ce qui ne semble pas avoir été le cas.</ex>
<res>
<r_p>Lettres;</r_p>
<r_pl>Paris, province;</r_pl>
<r_n>le marquis d’Alozan, le chevalier de Marmeuil, la comtesse d’Ozanbrun, Zulime;</r_n>
<r_c>aventures galantes, intrigues sentimentales;</r_c>
<r_s>sensibilité débordante.</r_s>
</res>
<ae>Autre édition: Amsterdam &amp; Paris, Lefevre. 1788. 2t. in-12 (BM: 2e part, seulement, BN, Gay)</ae>
</entry>
</document>

<document>
<entry>
<id>87.9</id>
<ti>Les filles de l’Opéra, suivies des Epices de Vénus, nouvelles « libres et galantes</ti>
<det>
<y>1787,</y>
<f>in-18</f>
</det>
<bib>Gay</bib>
<ex>Gay indique aussi une réédition moderne en 1874.</ex>
</entry>
</document>

<document>
<entry>
<id>87.10</id>
<ti>Histoire de Charles Price, fameux escroc de Londres, connu t sous différens noms, traduite de l’anglois sur la sixième édi tion</ti>
<det>
<pl>Londres &amp; Paris,</pl>
<pb>Volland,</pb>
<y>1787,</y>
<f>2 part, in-12,</f>
<p>viii + 206, 232p.</p>
</det>
<bib>BNt AL 1788 VII 176-284; JL xxiii 1787; JP I9.vii.87 Rochedieu Streeter</bib>
<tr>Trad. de Memoirs of a Social Monster or the History of Charles Price. 1786.</tr>
<res>
<r_p>3e personne;</r_p>
<r_pl>Angleterre;</r_pl>
<r_n>Otaries Price, M. Johnson. M. Foote, Stowe;</r_n>
<r_c>aventures d’un escroc;</r_c>
<r_s>prétentions moralisatrices, biographie romancée.</r_s>
</res>
</entry>
</document>

<document>
<entry>
<id>87.11</id>
<au>
<a>?</a>
<trd>trad. par Jacques LESCENE DES MAISONS</trd>
</au>
<s>t</s>
<ti>Histoire d’Elisabeth et du comte d’Essex, tirée de l’anglois d’un homme de qualité</ti>
<det>
<pl>Londres &amp; Paris.</pl>
<pb>Desenne,</pb>
<y>1787,</y>
<f>in-8,</f>
<p>viii + 128p.</p>
</det>
<bib>BM BNt JL xxxi 1787 Delcro Q Rochedieu</bib>
<ex>Le titre de départ porte: Histoire secréte des amours d’Elisabeth et du comte d’Essex.</ex>
<tr>Trad. de Secret History of the Most Renowned Queen Elizabeth, 1650.</tr>
<res>
<r_p>3e personne;</r_p>
<r_pl>Angleterre (XVIe siècle);</r_pl>
<r_n>Robert d’Evreux comte d’Essex, Elisabeth, le comte de Leicester;</r_n>
<r_c>amours et intrigues de cour. Pp. 121-128, Aristocléa, anecdote grecque.</r_c>
</res>
</entry>
</document>

<document>
<entry>
<id>87.12</id>
<ti>Histoire d’une Franco-indienne, écrite par elle-même Surate &amp; Paris.</ti>
<det>
<pl>Buisson,</pl>
<y>1787,</y>
<f>2t. in-12,</f>
<p>viii + 167, 171p.</p>
</det>
<bib>A BNt JP 20.iii.87 Delcro</bib>
<res>
<r_p>Ire personne;</r_p>
<r_pl>province, Paris, Amsterdam. Surinam;</r_pl>
<r_n>le chevalier DaL.„, Cécile, le jeune Char...... la B...., Sipparipabo;</r_n>
<r_c>aventures romanesques d’une jeune fille dont la famille est ruinée (robinsonade).</r_c>
</res>
</entry>
</document>

<document>
<entry>
<id>87.13</id>
<ti>Le magnétiseur amoureux, par un membre de la société harmonique du régiment de Metz du corps-royal de l’artillerie</ti>
<det>
<pl>Genève,</pl>
<y>1787,</y>
<f>in-12,</f>
<p>viii + 229p.</p>
</det>
<bib>Besançont</bib>
<res>
<r_p>3e personne;</r_p>
<r_c>récit où rentrent des discussions du magnétisme.</r_c>
</res>
</entry>
</document>

<document>
<entry>
<id>87.14</id>
<ti>La matinée libertine ou les momens bien employés</ti>
<det>
<pl>Cythère,</pl>
<y>1787,</y>
<f>in-12,</f>
<p>144p.</p>
</det>
<bib>BMt (sous Andrea de Nerciat) Apollinaire, Nerciat Gay</bib>
<ex>Cet ouvrage a été attribué à Nerciat et à Mérard de Saint-Just. Selon B, ce dernier s’en serait inspiré pour écrire sa Folle journée ou la petite maison, pièce en vers.</ex>
<res>
<r_p>Dialogues avec narration 3e personne;</r_p>
<r_pl>Paris;</r_pl>
<r_n>la comtesse, Cécile, l’abbé, le chevalier;</r_n>
<r_c>scènes libres, précisions pornographiques.</r_c>
</res>
<ae>Autre édition: - 1788 (B). L’exemplaire du BM qui porte la date de 1788 est une édition du XIXe siècle.</ae>
</entry>
</document>

<document>
<entry>
<id>87.15</id>
<ti>Mémoires, vie et aventures de Tsonnonthouan, roi d’une na- t tion indienne appellée le Têtes Rondes et traduite librement de l’anglais</ti>
<det>
<pl>Basle,</pl>
<pb>J.J.Flick,</pb>
<y>1787,</y>
<f>in-8,</f>
<p>xiv + 108, 136p.</p>
</det>
<bib>NNt</bib>
<ex>BUR 1778 sept., pp. 5-58, donne une version abrégée de cet ouvrage, tout en indiquant qu’il n’avait pas été traduit en français jusque-là, bien que paru en anglais en 1763. Dans la Préface de l’édition originale anglaise, l’auteur dit que son libraire aurait voulu intituler l’ouvrage A Continuation of the Life and Opinions of Tristram Shandy. C’est sans doute pour cette raison que BUR attribue le roman à Sterne.</ex>
<tr>Trad. de Memoirs of the Life and Adventures of Tsonnonthouan, a King of the Indian Nation called Roundheads, 1763.</tr>
<res>
<r_p>Ire personne;</r_p>
<r_pl>Amérique;</r_pl>
<r_n>Tsonnonthouan, Sasteratsi;</r_n>
<r_c>aventures comiques (un sauvage converti au presbytérianisme);</r_c>
<r_s>parodie de Tristram Shandy.</r_s>
</res>
<ae>Autre édition: - Verrières, Jérémie Witel, 1787, 2t. in-8, xiv + 108, 136p. (Oront, PPiU)</ae>
</entry>
</document>

<document>
<entry>
<id>87.16</id>
<ti>La négresse couronnée ou les moeurs des peuples mises en action, histoire remplie d’événemens singuliers, amusans &amp; curieux</ti>
<det>
<pl>A Tombut &amp; Paris,</pl>
<pb>Cailleau,</pb>
<y>1787,</y>
<f>2t. in-12,</f>
<p>xii + 263, 284p.</p>
</det>
<bib>BNt JL xxxv 1787 Delcro Le</bib>
<ex>L II porte la date de M.DCC.LXXXVI, sans doute pour M.DCC.LXXXV11.</ex>
<res>
<r_p>3e personne;</r_p>
<r_n>Afrique, Canada, Paris, Hollande, Espagne, Tombut; la Reine Byty, la dame Kcrsibot, Zonzabino;</r_n>
<r_c>aventures romanesques, voyages, critique des moeurs;</r_c>
<r_s>ton satirique.</r_s>
</res>
</entry>
</document>

<document>
<entry>
<id>87.17</id>
<ti>Nouvelles historiettes et ballades, traduites de l’anglois et</ti>
<det>
<pl>Genève &amp; Paris,</pl>
<pb>marchands de nouveautés,</pb>
<y>1787,</y>
<f>in-12,</f>
<p>248p.</p>
</det>
<bib>BNt</bib>
<res>
<r_st>Pp. 1-128, Henriette et Zoa, nouvelle; 129-157, Owen, ballade moderne Itrad. en prose!; 158-168, L’habit verd et l’habit brun, historiette; 169-175, Les enfans dans le bois, ancienne ballade ! prose/; / 76-186, Zirphis ou le pouvoir de l’imagination, conte; 187-196, L’héritier de Lynne, ancienne ballade /prose/; 197-248, Deo et Bettina, anecdote vénitienne.</r_st>
</res>
</entry>
</document>

<document>
<entry>
<id>87.18</id>
<ti>Recueil de lettres tendres et passionnées, écrites par une * jeune dame</ti>
<det>
<pl>Amsterdam,</pl>
<y>1787,</y>
<f>2t. in-8</f>
</det>
<bib>Gay</bib>
</entry>
</document>

<document>
<entry>
<id>87.19</id>
<ti>Tableaux de la bonne compagnie ou traits caractéristiques, anecdotes sécrétés, politiques, morales &amp; littéraires, recueillies dans les sociétés du bon ton pendant les années</ti>
<det>
<pl>1786 &amp; 1787... Paris,</pl>
<y>1787,</y>
<f>2t. pet. in-12,</f>
<p>210, 192p.</p>
</det>
<bib>BMt B Gay Q</bib>
<ex>Ce n’est pas le même ouvrage que le Monument du costume... de Rétif de la Bretonne (v. 89.96 et 90.59). Consulter à ce propos Rives Childs (pp. 310-313), selon qui l’auteur pourrait être le prince de Ligne.</ex>
<res>
<r_c>Petites scènes de moeurs et dialogues:</r_c>
<r_st>I, 3-26, La leçon de musique; 27-42, Le caffé de madame la marquise D***; 43-54, Les Tuileries; 55-66, La soirée des Tuileries; 67-78, L’Opéra; 79-90, Le restaurateur; 91-102, Fontainebleau; 103-114, La partie de chasse de Fontainebleau; 115-126, Le bal; 127-138, Le caffé du caveau; 139-150, Versailles; 151-162, La table d’hôte; 163-174, La visite du médecin; 175-186, Le souper de la marquise D***; 187-210, Le comité. II, 3-12, Les précautions; 13-24, Le petit couvert; 25-36, La lingère; 37-48, Anecdotes; 49-60, C’est un fils!; 61-72, L’antichambre; 73-84, Les petits parains; 85-96, La nouvelle du jour; 97-108, Le coin de la cheminée; 109-120, L’assemblée des notables; 121-132, Les confidences; 133-144, Les rêves; 157 (pour 156), Le printems; 157-168, Les frondeurs; 169-180, Les vrais plaisirs; 181-192, La vie de garçon.</r_st>
</res>
<ae>Autres éditions: - Paris, 1787 (t. I) - 1788 (t. II),2t. in-12, 216, 191p. (BMt, BNt, Gay (sous ‘Tableau’)) - ...les années 1786 et 1787, parM. le Ch. de B***, Paris, marchands de nouveautés, 1788, 2 part., 198, 176p. (Rives Childs)</ae>
</entry>
</document>

<document>
<entry>
<id>87.20</id>
<ti>Zilia et Agathide ou la volupté et le bonheur</ti>
<det>
<pl>Madrid,</pl>
<y>1787,</y>
<f>2t. in-12,</f>
<p>177, 165p.</p>
</det>
<bib>ICNt Delcro Gay</bib>
<res>
<r_p>Ire personne virant à la 3e personne;</r_p>
<r_pl>Lisbonne, Ouessant, Paris;</r_pl>
<r_n>Zilia ( Vénus), Agatha, Junon, Mercure, Voltaire, Ziscar, Hébé:</r_n>
<r_c>voyages, aventures romanesques, scènes érotiques;</r_c>
<r_s>thèmes anticléricaux, ton satirique.</r_s>
</res>
</entry>
</document>

<document>
<entry>
<id>87.21</id>
<au>
<a>APULÉE</a>
<trd>trad. par Jean-François BASTIEN</trd>
</au>
<s>nt</s>
<ti>Les métamorphoses ou l’âne d’or d’Apulée, philosophe plato nicien, nouvelle édition ornée de figures en taille-douce</ti>
<det>
<pl>Paris,</pl>
<pb>Jean-François Bastien,</pb>
<y>1787,</y>
<f>2t. in-8,</f>
<p>Ixviii + 648 (pour 468), viii + 484p.</p>
</det>
<bib>A BM BNt AL 1787 II 49-72 Q</bib>
<ex>donne: Paris, Bastien, 1789, 2t. in-8; c’est vraisemblablement une erreur pour 1787. Le texte latin sc trouve en regard de la traduction française. Trad. de L. Apuleii Metainorphoseos. Pour la version de Compain de Saint-Martin, qui aurait servi de base à celle de Bastien, v. 69.R9.87.27</ex>
</entry>
</document>

<document>
<entry>
<id>87.22</id>
<au>
<a>ARIOSTO, Lodovico</a>
<trd>trad. par Charles-Joseph PANCKOUCKE et Nicolas-Etienne FRAMERY</trd>
</au>
<s>mnt</s>
<ti>Roland furieux, poème héroïque de l’Ariostc, nouvelle traduction, par MM. Panckoucke et Framery</ti>
<det>
<pl>Paris,</pl>
<pb>Plassan,</pb>
<y>1787,</y>
<f>10t. in-18,</f>
<p>xü + 52 + 401, 485, 503, 527, 451, 493, 493, 507, 465, 595p.</p>
</det>
<bib>BM BNt AL 1787 IV 241-263, 289-323 Blanc Q</bib>
<tr>Trad. en prose de Orlando furioso, 1516-1532,</tr>
<ex>avec le texte italien en regard. Après les traductions du XVIe et du XVIIe siècle, on trouve au XVIIIe siècle celles de Miraubaud (58. R4), d’Ussieux (75. 12), deCavailhon (76. 11) et de Tressan (80. 8).</ex>
</entry>
</document>

<document>
<entry>
<id>87.23</id>
<au>
<a>ARISTÉNÈTE</a>
<trd>trad. par Alain-René LESAGE, Anne-c Gabriel MEUSNIER DE QUERLON et des AUTEURS IN CONNUS, éd. par Claude-François-Xavier MERCIER DE COMPÏÈGNE</trd>
</au>
<ti>Manuel des boudoirs, ou essais érotiques sur les D"es d’Athènes, ouvrage plus moral qu’on ne pense, tiré en partie du portefeuille secret du secrétaire grec du Scythe Anacharsis Cythere, avec licence des</ti>
<det>
<pl>Amours,</pl>
<pb>l’an du plaisir</pb>
<pl>&amp; de la liberté,</pl>
<f>1240. 4t. in-18,</f>
<p>xi+ 12-302, 304 + 29,319, 302p.</p>
</det>
<bib>BMt BNt Cohen Monglond Q</bib>
<ex>C’est une compilation qui contient des essais et des dissertations (sur le mariage, l’inceste, etc.); des biographies des courtisanes grecques et de Ninon de Lenclos, Marion de Lorme, etc.; et une traduction de quinze Dialogues des courtisanes de Lucien. Nous ne citons que les ouvrages romanesques. Parmi ceux-ci il y a plusieurs rééditions: III, 5-135, Aristénète, Lettres galantes; réédition de la traduction de Lesage, qui avait paru en 1695 (v. 83.R52). II, 5-38, Cinname, histoire grecque (v.61.14);et III, 183-271, Psaphion ou la courtisane de Smyme (v.61.14); deux contes par Meusnier de Querlon. I, 190-204, Le coin de ta cheminée est une adaptation de Diderot, Entretien ... avec la maréchale de *** (77.33). I, 226-241, Les amans de Lyon est une version d’un fait divers qui a été traité également par d’Ussieux (76.49) et Léonard (83.31). L’Introduction contient la phrase ‘en mars 1754 que nous écrivons ceci’ (p.xi); ce n’est donc pas Mercier de Compiègne, né en 1763, qui a écrit cette Introduction. Nous supposons que les contes dont nous citons les titres ci-dessous ont été composés ou adaptés par Mercier de Compiègne, mais il se peut que cette liste contienne d’autres rééditions que nous n’avons pu identifier. /.</ex>
<res>
<r_st>160-174, La vie de garçon; 175-189, Le bal; 190-204, Le coin de la cheminée; 226-241, Les amans de Lyon; 242-247, Les époux heureux; II, 281-294, La double aventure; 295-301, Le pouvoir de l’amour; IV, 133-180, L’amour égaré, historiette; 294-299, La belle Grecque.</r_st>
</res>
<ae>Autres éditions: — Bibliothèque des boudoirs. 1787,4t. in-18 (B, Gay, Q). Est-ce vraiment une deuxième édition, ou s’agit-il d’une confusion chez certains bibliographes, qui auraient attribué par erreur à la première édition le titre de celle de 1788? — Bibliothèque des boudoirs, 1788, 4t. in-18 (B, Gay, Q) — Manuel..., Avignon, 1792, 4t. in-18 (B, Gay). Monglond donne cette édition avec le titre: Bibliothèque des boudoirs.</ae>
</entry>
</document>

<document>
<entry>
<id>87.24</id>
<au>
<a>BEAUHARNAIS, Fanny de</a>
</au>
<ti>Les amans d’autrefois, par Mnle la comtesse de B***</ti>
<det>
<pl>Paris,</pl>
<pb>Couturier, L’Esclapart,</pb>
<y>1787,</y>
<f>3t. in-12,</f>
<p>315, 356, 229 (pour 329) p.</p>
</det>
<bib>A BNt AL 1787 VI 97-111; JL xü 1787; JP 29.ÏÜ, 19.V.87 B Clayton Delcro. Gay Q</bib>
<ex>Turgeon Cabriolet ou l’égoïste corrigé aurait déjà paru en 1784 (v. 84.10).</ex>
<res>
<r_st>I, 1-222, Alzémir le grand ou les amours magiques, poème érotique /en prose/ ; 223-315, Histoire de Violente, tirée de celles de Bandel. H, 1-122, Il est bien temps ou les confidences; 123-257, La marmote au bal; avec des poésies. III, 1-98, Le comte de Collsan et Eénicle Lionati, nouvelle tirée de celles de Bandel; 99-285, Cabriolet ou l’égoïste corrigé, conte en l’air; 287-229 (pour 329), La nouvelle folle angloise.</r_st>
</res>
</entry>
</document>

<document>
<entry>
<id>87.25</id>
<au>
<a>BECKFORD, William Vathek</a>
</au>
<det>
<pl>Lausanne,</pl>
<pb>Isaac Hignou et Compe ,</pb>
<y>1787,</y>
<f>in-8,</f>
<p>iv + 204p.</p>
</det>
<bib>BMt Dufrenoy Parreaux</bib>
<ex>Pour l’histoire de la publication de ce roman, v. André Parreaux, William Beckford, auteur de Vathek .... Paris, Nizct, 1960.</ex>
<res>
<r_p>3e personne;</r_p>
<r_pl>Samarah;</r_pl>
<r_n>le calife Vathek. la princesse Carathis, Morakanabad, Dilara;</r_n>
<r_c>voyages, aventures merveilleuses;</r_c>
<r_s>fin moralisatrice.</r_s>
</res>
<ae>Autres éditions: — Vathek, conte arabe, Paris, Poinçot, 1787, in-8, 190p. (A, BMt, BNt, JL xxxvü 1787, B, Parreaux, Streeter) — Les caprices et les malheurs du calife Vathek, traduit de l’arabe, Londres, 1791, iv + 204p. (B,Monglond, Parreaux). Selon Parreaux, l’éditeur a utilisé les feuilles de l’édition de Lausanne, avec une nouvelle page de titre. - Vathek,Londres, Clarke, 1815, 218p. (BMt, Parreaux)</ae>
</entry>
</document>

<document>
<entry>
<id>87.26</id>
<au>
<a>BÉRENGER, Laurent-Pierre cm</a>
</au>
<ti>Le peuple instruit par ses propres vertus ou cours complet d’instructions et d’anecdotes, recueillies dans nos meilleurs auteurs et rassemblées pour consacrer les belles actions du peuple, &amp; l’encourager à en renouveler les exemples, ouvrage classique principalement destiné au peuple des villes &amp; des campagnes, &amp; à ses enfans de l’un &amp; de l’autre sexe, &amp; distribué de manière à pouvoir servir de lecture amusante &amp; d’instruction morale chaque jour de l’année, rédigé par P.L. Bérenger</ti>
<det>
<pl>Paris,</pl>
<pb>Nyon l’aîné,</pb>
<y>1787,</y>
<f>2t. in-12,</f>
<p>xxxvi + 548, 443p.</p>
</det>
<bib>BNt JL xvü 1787 Delcro Q Reboul</bib>
<res>
<r_c>En marge: recueil de très courtes anecdotes, dont certaines se rapprochent du conte moral et qui sont puisées dans les ouvrages de madame de Genlis, de Berquin, d’Arnaud, de Marmontel, et d’autres.</r_c>
</res>
<ae>Autre édition: - 3e édition, Paris, Nyon aîné, 1805, 3t. in-12 (Q, Reboul)</ae>
</entry>
</document>

<document>
<entry>
<id>87.27</id>
<au>
<a>BROOKE, Frances Moore, Maria Sophie Gutermann, et Frau von LA ROCHE, Salomon GESSNER et des AU TEURS INCONNUS</a>
<trd>trad. par B. -C. GOURNAY</trd>
</au>
<ti>Bibüothèque anglaise ou recueü d’histoires, contes moraux, romans, aventures, anecdotes &amp; caricatures, tirés des meilleurs auteurs anglais, traduits en français par M. de Goumay</ti>
<det>
<pl>Londres &amp; Saint-Omer,</pl>
<pb>H.F. Boubers,</pb>
<y>1787,</y>
<f>4 part, in-12,</f>
<p>x + 202, 240, 245, 160 +63p.</p>
</det>
<bib>BNt Q Rochedieu Streeter</bib>
<tr>Trad. de The Excursion, 1777, par madame Brooke; de Moralische Erzàhlungen ..., 1772, par Salmon Gessner; de Geschichte des Frâulein von Sternheim, 1771, par madame La Roche; de</tr>
<ex>Laura and Augustus, an Authentic Story, 1784, par un auteur inconnu; et d’autres morceaux. Selon la préface, ce sont, à l’exception de Laure et Auguste, des versions abrégées. Une traduction plus complète du roman de madame Brooke avait paru en 1778 (v. 78. 17). Gournay paraît avoir traduit une version anglaise du roman de Sophie La Roche: ‘Je viens d’apprendre au moment où mon Ouvrage étoit achevé, que cette Histoire a été écrite par un Auteur Allemand, de qui les Anglois l’ont tirée; que de plus, elle a déjà été traduite en notre langue; mais comme elle est en deux volumes, divisée en lettres, &amp; que ceci n’en est qu’un abrégé tout-à-fait différent; j’ai cru ne pas devoir la supprimer, parce qu’elle est peu connue &amp; fort intéressante’ (II, 90). Pour la première traduction de cet ouvrage, v. 73.26.</ex>
<res>
<r_st>I, 1-202, L’excursion ou histoire de deux sœurs, Louise et Marie Wiltiers /Brooke/. II, 3-90, Aventures de miss Sophie Sternheim ILa Rochell; /91-220, Les espions dupés, comédie anglaise! ; 221-240, L’heureuse découverte, conte moral III, 1-245, Laure et Auguste: Lettres; Angleterre. Madère, Indes; miss Laure Levison, miss Bing, M. Walker, Elise, Auguste; voyages, intrigue mondaine, histoires d’amour; sensibilité. IV, 1-60, Laure et Auguste [suite et fini; 1-12, La jambe de bois, conte helvétique /Gessner/; 13-21, Histoire d’un cheval de course; 22-31, Les plaisirs de la pauvreté ou aventures d’un café de Londres; 32-50, L’amant, conte dramatique: 51-63, Le villageois heureux, conte moral.</r_st>
</res>
</entry>
</document>

<document>
<entry>
<id>87.28</id>
<au>
<a>CAMPE, Joachim</a>
<trd>trad. par Michael HUBER</trd>
</au>
<s>nt</s>
<ex>Le nouveau Robinson Brunsvic, Librairie des écoles, 1787. 2t. in-8, 494p. Ullrich D’autres versions ont été publiées par des traducteurs anonymes (v. 79.12bis et 79.12ter), et par d’Arncx (v. 83.19). Pour le problème des rééditions de ces différentes versions, v. 83.19. A partir de 1801, la traduction de Huber a été ‘revue et corrigée’ par l’abbé Grandmottet pour les éditions publiées à Brunswick, et par J.B.Engelmann pour les éditions de Francfort. Pour la description de l’ouvrage, v. 83.19.</ex>
<tr>Trad. de Robinson der Jüngere, 1779-80.</tr>
<ae>Autre éditions: — ... faisant partie de l’Encyclopédie universelle pour les écoles,... traduit de l’allemand d’après la quatrième édition légitime, par Michel Huber. Brunsvic, Librairie pour les écoles, 1793, xiv + 480p. (CtYt) - ... traduit de l’allemand d’après la cinquième édition légitime, par Michel Huber, nouvelle édition, Brunsvic, Librairie pour les écoles, 1797, 484p. (CtY, MiUt, Ullrich) — ... Livre de lecture pour les enfans. faisant partie de l’Encyclopédie universelle à leur usage... revu et corrigé sur la septième édition originale par l’abbé J.D. Grandmottet, troisième édition, Brunsvic, Librairie pour les écoles, 1801, 462p. (CtYt, Wolfcnbûttel) — ... pour servir à l’amusement et â l’instruction des enfans ... Traduction revue et corrigée d’après la dernière édition originale, enrichie de notes allemandes et d’un vocabulaire complet, Francfort sur le mein (sic), Philippe Henri Guilhauman, 1801, xii + 449p. (CtYt). L’Avis est signé: J. B. Engelmann. - _. enrichie de notes allemandes et d’un vocabulaire complet par J. B. Engelmann, seconde édition entièrement retouchée, Francfort sur le Mein, Frédéric Wilmans, 1804, in-8 (Troyes, Ullrich) — ... revue... par J.D. Grandmottet, quatrième édition, Brunsvic, Librairie pour les écoles, 1805, 322p. (IU, Ullrich) — ... revue et corrigée sur la septième édition originale par l’abbé J.D. Grandmottet, quatrième édition. La Haye, J.C. Leeuwestyn, s.d. /1805?/, 388p. (MiUt, Gumuchian). Le catalogue de MiU donne: 179-, et Gumuchian propose: vers 1795, mais il est plus vraisemblable que cette édition ne soit qu’une contrefaçon de l’édition précédente. - ... revue et corrigée... par J.B. Engelmann, troisième édition entièrement retouchée, Francfort sur le Mein, Frédéric Wilmans, 1809, 598p. (CtYt) - ... revue et corrigée sur la dixième édition originale par l’abbé J.D. Grandmottet, cinquième édition, avec un vocabulaire, Brunswick, Librairie des écoles, 1811, in-12, 532p. (Troyes, MiUt) — ... sixième édition, Brunswick, Pluchart, 1812, in-12, (Q). Q attribue cette version à Grandmottet. - ... revue et corrigée... par J.B. Engelmann, quatrième édition, Francfort sur le Mein, Frédéric Wilmans, 1814, 600p. (CtY, MiUt, Gumuchian, Ullrich) - ... sixième édition, Brunswic, Librairie des écoles, 1821, 523p. (NN)</ae>
</entry>
</document>

<document>
<entry>
<id>87.29</id>
<au>
<a>CHAISNEAU. abbé Charles Palémon, pastorale, par M. l’abbé Chaisneau</a>
</au>
<det>
<pl>Aux Alpes &amp; Paris,</pl>
<pb>Lesclapart,</pb>
<y>1787,</y>
<f>pet. in-8,</f>
<p>86p.</p>
</det>
<bib>BNt Q</bib>
<res>
<r_p>3e personne;</r_p>
<r_pl>cadre pastoral:</r_pl>
<r_n>Amyntas, Mirta, Palémon, Tityre, Thémire;</r_n>
<r_c>amours de berger;</r_c>
<r_s>style élevé, nature, sensibilité.</r_s>
</res>
</entry>
</document>

<document>
<entry>
<id>87.30</id>
<au>
<a>CHARR1ÈRE, Isabelle-Agnès-Elisabeth van</a>
</au>
<ti>Tuyll van Scroos-kerken van Zuylen, dame de Caliste ou continuation des Lettres écrites de Lausanne, seconde partie</ti>
<det>
<pl>Genève &amp; Paris,</pl>
<pb>Prault,</pb>
<y>1787,</y>
<f>in-8,</f>
<p>148p.</p>
</det>
<bib>BNt CorrL janv. 1788; JP 27.i.88 Delcro Godet</bib>
<ex>L’exemplaire de la BN a une deuxième page de titre portant le même libellé, mais datée de 1788. La mention ‘seconde partie’ indique que cet ouvrage est la suite des Lettres écrites de Lausanne, 1785 (85. 24) NBR 2e année I (1799), pp. 89-142, en donne un résumé.</ex>
<res>
<r_p>Lettres, avec un long récit Ire personne;</r_p>
<r_pl>Suisse, Angleterre;</r_pl>
<r_n>Cécile. Fauchon, Caliste, Fanny, sir Ilarry;</r_n>
<r_c>intrigues sentimentales et romanesques;</r_c>
<r_s>sensibilité.</r_s>
</res>
<ae>Autres éditions: — Il existe une page de titre renouvelée portant la date de 1788 (v. note ci-dessus). - V. 85. 24.</ae>
</entry>
</document>

<document>
<entry>
<id>87.31</id>
<au>
<a>CHÉRENSI, B. Frere de</a>
</au>
<ti>Les prémices de ma jeunesse ou Arlequin héros dans le royaume de Cathai, en l’an du Seigneur 12012, par B.F.D. Chérensi</ti>
<det>
<pl>Londres &amp; Paris,</pl>
<pb>l’auteur et chez tous les marchands de nouveautés,</pb>
<y>1787,</y>
<f>in-12,</f>
<p>167p.</p>
</det>
<bib>BNt JL xxiii 1787; JP 6.vii.87 Monglond</bib>
<ex>Q donne la date: 177: (sic). Le catalogue du BM a créé une légère confusion en mettant la traduction anglaise de l’édition de 1790 (v. ci-dessous, Autre édition) sous le nom de Benjamin Frere, écrivain anglais. Pourtant la page de titre de la traduction porte la mention:</ex>
<tr>Translated from the French of Mr. B. Frere, de Chérensi.</tr>
<res>
<r_p>3e personne: royaume de</r_p>
<r_pl>Cathai:</r_pl>
<r_n>Arlequin (savetier qui fait son chemin à la cour), la Reine, Marcabo;</r_n>
<r_c>intrigues de cour, guerres;</r_c>
<r_s>ton satirique.</r_s>
</res>
<ae>Autre édition: — ... jeunesse ou le héros moderne dans le royaume de Cathai en Tan du monde 90000, seconde édition, corrigée et augmentée d’un nouveau chapitre et d’un dialogue, par B. Frere, de Cherensi, Hereford, Parker &amp; Lon-res, J. Evans et P. Valiant &amp; Oxford, Prince et Cooke &amp; Bath, J. Hazard et Bull, 1790, in-12, 191p. (BMt Monglond). Pp. 177-191, Dialogue sur la vertu.</ae>
</entry>
</document>

<document>
<entry>
<id>87.32</id>
<au>
<a>COMBE, William</a>
<trd>trad. par ?</trd>
</au>
<s>t</s>
<ti>Maria ou lettres d’un gentilhomme anglois &amp; une religieuse, traduites de l’anglois</ti>
<det>
<pl>Rome &amp; Paris,</pl>
<pb>Le Tellier,</pb>
<y>1787,</y>
<f>in-12,</f>
<p>180p.</p>
</det>
<bib>At BN B Gay Rochedieu Streeter</bib>
<ex>Sans doute à cause du prénom ‘Maria’, la plupart des bibliographes ont cru que l’ouvrage est une traduction de Maria, par Elizabeth Blower. Pour l’attribution à William Combe, v. C.P. Barbier, ‘Letters of an Italian Nunj Revue de littérature comparée, XXVIII (1954), pp.75-89.</ex>
<tr>Trad. de Letters of an Italian Nun and an English Gentleman, 1781.</tr>
<ex>(L’ouvrage se donne pour une traduction d’un roman par Jean-Jacques Rousseau.) Une autre version a été publiée en 1788, avec le titre: Lettres d’un jeune lord... (v.88.46).</ex>
<res>
<r_p>Lettres;</r_p>
<r_pl>Angleterre;</r_pl>
<r_n>Isabelle, M. Croli, M. L.„;</r_n>
<r_c>correspondance amoureuse.</r_c>
</res>
</entry>
</document>

<document>
<entry>
<id>87.33</id>
<au>
<a>CUBIÈRES-PALMÉZEAUX, Michel de</a>
</au>
<ti>Misogug ou les femmes comme elles sont, histoire orientale traduite du chaldéen</ti>
<det>
<pl>Paris,</pl>
<pb>Poinçot,</pb>
<y>1787,</y>
<f>2 part, in-12,</f>
<p>226, 224p.</p>
</det>
<bib>BNt JL xxxii 1787; JP 7.ix.87 Bengesco Delcro Drujon Dufrenoy Gay</bib>
<ex>BUR 1788 janv. I, pp. 53-146, en donne une version abrégée.</ex>
<res>
<r_p>3e personne;</r_p>
<r_pl>Babylone;</r_pl>
<r_n>Misogug, Sandeck, Zumllla, Fanfouka, Tliamésis;</r_n>
<r_c>intrigues galantes;</r_c>
<r_s>ton léger.</r_s>
</res>
<ae>Autre édition: — Paris, Poinçot, 1788, 2 part, in-12 (B, Delcro, Drujon, Dufrenoy, Gay, Q)</ae>
</entry>
</document>

<document>
<entry>
<id>87.34</id>
<au>
<a>DANTAL, Charles</a>
</au>
<ti>Hipparchie et Cratès, conte philosophique, renouvelé des Grecs, par un habitant de Potsdam</ti>
<det>
<y>1787,</y>
<f>in-12,</f>
<p>62p.</p>
</det>
<bib>BMt B Dufrenoy Q</bib>
<res>
<r_p>3e personne;</r_p>
<r_pl>Thèbes;</r_pl>
<r_n>Cratès, Hipparchie, Polémon. Alexandre le Grand;</r_n>
<r_c>aventures romanesques (Hipparchie se déguise en homme pour pouvoir s’entretenir avec le philosophe Cratès);</r_c>
<r_s>ton plaisant, avec des notes facétieuses.</r_s>
</res>
</entry>
</document>

<document>
<entry>
<id>87.35</id>
<au>
<a>DECAMBON VAN DER WERKEN, Maria Gertruida t</a>
<trd>trad. par Arnaud BERQUIN</trd>
</au>
<ti>Le petit Grandisson, traduction libre du hollandois</ti>
<det>
<pl>Paris,</pl>
<pb>au bureau de l’Ami des enfans,</pb>
<y>1787,</y>
<f>4 part, in-18,</f>
<p>144, 140, 142, 136p.</p>
</det>
<bib>BNt JP 6.ix.87 Delcro</bib>
<ex>Plusieurs bibliographes affirment à tort que c’est une traduction supposée. Dans le catalogue du BM, l’ouvrage paraît non pas sous le nom de Mme de Cambon, mais sous ‘Berquin’.</ex>
<tr>Trad. de De kleine Grandison, 1782.</tr>
<res>
<r_p>Lettres;</r_p>
<r_pl>Angleterre;</r_pl>
<r_n>Guillaume D***, M. et Mme Grandisson, Charles, Emilie;</r_n>
<r_c>aventures et éducation de plusieurs enfants;</r_c>
<r_s>sensibilité, intentions didactiques.</r_s>
</res>
<ae>Autres éditions: - Paris, Pissot et Barrois, 1789 (CtY) - La Haye, Van Cleef, 1791, 393p. (CtYt) — Londres, Ogilvy et Speare, Vemor et Hood, T. Boosey, Darton et Harvey, 1795, in-12, 260p. (BMt) — Paris, Francart, 5t. in-18 (JP 1 pluv. III) - Londres, Vernor et Hood, 1798, in-12 (BM) — Paris, Chemin, an XI-1803, in-12, 236p. (BN) — Londres, Vernor et Hood, T. Boosey, 1805, 251p. (CLU) - Paris, Leprieur, 1810, in-12, 307p. (Bibl. centrale de l’enseignement public, Paris) — Londres, Vernor, Hood et Sharpe, 1810, in-12 (BM) - ...sixième édition revue et corrigée par Arleville Bridel, Londres, T. Boosey, Darton, Harvey et Darton, A. Dulau et Co., Law et Whitaker, 1816, in-12, 251p. (BMt) Cet ouvrage fait souvent partie des Œuvres de Berquin, v. 82.14.</ae>
</entry>
</document>

<document>
<entry>
<id>87.36</id>
<au>
<a>DÉJARDIN DE COURCELLES, madame, née Tournay</a>
</au>
<ti>Contes sages et fous, par madame ***</ti>
<det>
<pl>Strasbourg,</pl>
<pb>à la Librairie académique,</pb>
<y>1787,</y>
<f>2 part, in-12,</f>
<p>144, 227p.</p>
</det>
<bib>BNt JP 2.ix.87 B Delcro Gay Q</bib>
<res>
<r_st>/, 1-26, La bague d’oubli ou les malheurs de la sensibilité, conte (paru dans le Journal des dames, 14 avril 1778); 27-64, Le sage Alfaran, conte; 65-94, La princesse Modeste et le prince Fidelle, par Md la comtesse de P***; 95-144, Les isles flottantes ou la princesse Pudibonde et le prince Parangon. Il, 5-98, La fée des balances ou les apparences trompeuses, conte; 99-131, Les génies instituteurs ou la fontaine de sapience; 133-162, L’empire des habitudes, vision; 163-168, La métamorphose de Philosel, conte; 169-171, La goutte d’eau, conte indien; 171-173, Le feu et le fou, fable; 218-220, L’abeille, fable; avec des morceaux en vers.</r_st>
</res>
</entry>
</document>

<document>
<entry>
<id>87.37</id>
<au>
<a>DEKEN, madame Agathe et Elisabeth Bckker, dame t WOLFF</a>
<trd>trad. par?</trd>
</au>
<ti>Histoire de mademoiselle Sara Burgerhart, publiée en forme de lettres par mesdames E. Bekker, veuve du ministre Wolff &amp; A. Deken, traduite du hollandois d’après la seconde édition</ti>
<det>
<pl>Lausanne,</pl>
<pb>François Grasset,</pb>
<y>1787,</y>
<f>4t. in-18,</f>
<p>358, 358, 394, 287p.</p>
</det>
<bib>BNt</bib>
<ex>Selon le Catalogue Exposition Belle de Zuylen et son époque. Institut néerlandais, Paris, 1961, cette traduction aurait été faite par Mme de Charrière.</ex>
<tr>Trad. de Historié van mejuffrouw Sara Burgerhart. 1782.</tr>
<res>
<r_p>Lettres;</r_p>
<r_pl>Hollande;</r_pl>
<r_n>Sara Burgerhart, Abraham Blankaart, Anne Willis, la veuve Spilgoud (milieux commerçants);</r_n>
<r_c>malheurs d’une jeune fille, intrigue mondaine;</r_c>
<r_s>sensibilité.</r_s>
</res>
<ae>Autre édition: - Lausanne &amp; Paris, J. Hilaire, 1788,4t. in-12 (BN)</ae>
</entry>
</document>

<document>
<entry>
<id>87.38</id>
<au>
<a>DIDOT, Pierre</a>
</au>
<ti>Le comte de Tersanc, histoire presque véritable, par l’auteur de Cléomène et du Somnambule</ti>
<det>
<pl>A l’isle de France &amp; Paris,</pl>
<pb>P.F. Didot le jeune,</pb>
<y>1787,</y>
<f>in-8,</f>
<p>319p.</p>
</det>
<bib>BNt JL xxvi 1787; JP 21.vii.87 Delcro Q</bib>
<ex>Selon Q, cet ouvrage a été faussement attribué à Didot par Ersch, ainsi que Cléomène, et Le somnambule, ouvrages cités dans le titre (v. 85. 26 et 86. 20). Ce dernier volume serait de Fanny de Beauharnais.</ex>
<res>
<r_p>3e personne;</r_p>
<r_pl>France;</r_pl>
<r_n>le marquis Narsès de Tersane, le comte de Tersane, le chevalier de Sirval, Argénie, Emilie, Juliette;</r_n>
<r_c>aventures galantes et sentimentales</r_c>
<r_st>(le héros finit par épouser une paysanne). Pp. 274-29 7, Anacréon ou le pouvoir de l’amour (conte grec); avec des morceaux en vers et un dialogue.</r_st>
</res>
</entry>
</document>

<document>
<entry>
<id>87.39</id>
<au>
<a>DOPPET, François-Amédée</a>
</au>
<ti>Le médecin de l’amour, par M. Doppet, docteur en médecine de la Faculté de Turin</ti>
<det>
<pl>Paphos &amp; Paris,</pl>
<pb>Leroy,</pb>
<y>1787,</y>
<f>in-8,</f>
<p>xxiv + 278p.</p>
</det>
<bib>BMt BNt JL xxv 1787 Delcro Gay Q</bib>
<res>
<r_st>Traité sur l’amour, accompagné de contes: 9-18, Tlierssel et Darimon. anecdote: 23-29, Mélidor et Rosaure, anecdote; 30-36, Junie, anecdote (extr. de l’M. de rendre les femmes fidèles); 37-45, Valcour et Sophie, anecdote; 45-56, Christine et Florival. anecdote; 58-60, Eugénie, anecdote; 61-68, Les chagrins d’Angélique ou la nouvelle surprise de l’amour, anecdote; 70-84, Anecdote; 85-89, Constance et Wormer, anecdote; 118-121, Saint-Phar et Coraline, anecdote; 127-131, Claire et Germeuil, anecdote; 132-141, Susanne et Volanges, anecdote; 151-157, Valincourt ou les erreurs d’un petit-maître, anecdote; 159-162, Rose et Fierville, anecdote; 164-167, Les villageois généreux, anecdote: 204-222, Saint-Albin et Joséphine ou l’innocence opprimée, anecdote; 225-231, Justine ou l’amant par occasion, anecdote; 236-239, Ariste ou le repentir; 239-252, Dorine ou les progrès du vice et du libertinage, anecdote.</r_st>
</res>
</entry>
</document>

<document>
<entry>
<id>87.40</id>
<au>
<a>DUPLESSIS, chevalier Pierre</a>
</au>
<ti>Mémoires de sir George Wollap, ses voyages dans différentes parties du monde, aventures extraordinaires qui lui arrivent, découverte de plusieurs contrées inconnues, description des mœurs &amp; des coutumes des habitans, par M.L.C.D.</ti>
<det>
<pl>Londres,</pl>
<pb>Thomas Hookham</pb>
<pl>&amp; Paris,</pl>
<pb>veuve Duchesne,</pb>
<y>1787 (t. I-III) - 1788 (t. IV-VI).</y>
<f>6t. in-12,</f>
<p>272, 243, 235. 173 (pour 273), 234, 232p.</p>
</det>
<bib>A BNt AL 1787 VI 262-282, 1788 II 288; JL xxviii 1787, xvii 1788; JP 31 .vii, 28.viii.87, 9.vii, 3.xi.88 B Delcro Gove</bib>
<res>
<r_p>Ire personne, avec récits intercalés Ire personne;</r_p>
<r_pl>Ecosse, Indes Occidentales. Paris, Italie, ile inconnue;</r_pl>
<r_n>sir George Wollap, Jenni, Bolvortw, Rick, John, Jac, Rasilina;</r_n>
<r_c>voyages, naufrage, utopie.</r_c>
</res>
<ae>Autre édition: - Paris, veuve Duchesne, 1788, 6t. in-12 (Q)</ae>
</entry>
</document>

<document>
<entry>
<id>87.41</id>
<au>
<a>FLORIAN, Jean-Pierre</a>
</au>
<ti>Claris de Mélanges de poésie et de littérature, par M. de Florian, capitaine de dragons et gentilhomme de S.A.S. Mgr. le duc de Penthièvre, des Académies de Madrid, de Florence, de Lyon, de Nismes, d’Angers etc.</ti>
<det>
<pl>Paris,</pl>
<pb>Didot l’aîné,</pb>
<y>1787,</y>
<f>in-16,</f>
<p>227p.</p>
</det>
<bib>A BNt JL v 1787 Q</bib>
<ex>Léocadie a paru aussi en 1787 dans une édition des Œuvres de Florian (DeGet).</ex>
<res>
<r_st>Pp. 145-168, Léocadie (anecdote espagnole imitée de Cervantès).</r_st>
</res>
<ae>Autre édition: - Genève, 1787, in-18 (Corroënne) Pour les Œuvres de Florian, v. 83.26.</ae>
</entry>
</document>

<document>
<entry>
<id>87.42</id>
<au>
<a>GACON-DUFOUR. Marie-Armande-Jeanne d’Humières, madame</a>
</au>
<ti>L’homme errant fixé par la raison ou lettres de Célidor et du marquis de Tobers, par le comte d’Ay... &amp; madame Filh. d’Hu.....</ti>
<det>
<pl>Paris,</pl>
<pb>Royez,</pb>
<y>1787,</y>
<f>2 part, in-12,</f>
<p>126, 140p.</p>
</det>
<bib>BNt JL xliv 1787 B Delcro Q</bib>
<res>
<r_p>Lettres, avec récits intercalés Ire personne;</r_p>
<r_pl>province. Paris;</r_pl>
<r_n>Célidor, le marquis de Tobers, M. d’Albron, le baron de J...;</r_n>
<r_c>intrigues mondaines et sentimentales.</r_c>
</res>
</entry>
</document>

<document>
<entry>
<id>87.43</id>
<au>
<a>GACON-DUFOUR, Marie-Armande-Jeanne d’Humières, madame</a>
</au>
<ti>Le préjugé vaincu ou lettres de madame la comtesse de .... et de madame de .... réfugiée en Angleterre, par M. le comte d’Ay.....officier au régiment de Beaujolois &amp; madame Filh ....d’H.....</ti>
<det>
<pl>Paris,</pl>
<pb>Royez,</pb>
<y>1787,</y>
<f>2 part, in-12,</f>
<p>x + 167. 187p.</p>
</det>
<bib>BNt JP 18.X.87 Delcro Q</bib>
<res>
<r_p>Lettres;</r_p>
<r_pl>Londres, Paris (fin X Vile siècle);</r_pl>
<r_n>la comtesse de madame de..... Théophile, milord C.....mis Julie C.....sir Charles;</r_n>
<r_c>aventures romanesques, intrigue mondaine.</r_c>
</res>
<ae>Autre édition: - 1803 (Q)</ae>
</entry>
</document>

<document>
<entry>
<id>87.44</id>
<au>
<a>GAUTHIER, madame de</a>
</au>
<ti>Lettres de madame de G***, contenant plusieurs anecdotes dans son voyage aux eaux de Barège &amp; quelques particularités échappées aux autres voyageurs en France</ti>
<det>
<pl>Bruxelles,</pl>
<y>1787,</y>
<f>in-12,</f>
<p>366p.</p>
</det>
<bib>BNt B Q</bib>
<res>
<r_p>Lettres;</r_p>
<r_pl>Orléans, Tours, Poitiers, Bordeaux, Barège;</r_pl>
<r_n>Mlle de Lusignan, M. Dubarry, Henriette, la comtesse de Belville;</r_n>
<r_c>récit de voyage avec histoires intercalées des personnages rencontrés en route.</r_c>
</res>
<ae>Autre édition: — Nouveaux voyages en plusieurs provinces de France ou correspondance de madame de G***, où se trouvent plusieurs anecdotes, Londres &amp; Paris, chez tous les marchands de nouveautés, 1787, in-12, 366p. (BNt, B, 0)</ae>
</entry>
</document>

<document>
<entry>
<id>87.45</id>
<ti>GRIVEL. Guillaume L’isle inconnue ou mémoires qui font la suite de ceux du chevalier des Gastines, recueillis &amp; publiés par M. Grivel, des Académies de Dijon, de la Rochelle, de Rouen, de la Société philosophique de Philadelphie, &amp;c.</ti>
<det>
<pl>Paris,</pl>
<pb>Moutard,</pb>
<y>1787,</y>
<f>2t. in-12,</f>
<p>viii + 412, 528p.</p>
</det>
<bib>At BNt JL xxüi 1787; JP 2.X.87 Delcro Gove Q</bib>
<ex>C’est la suite de \Tsle inconnue (v. 83. 27).</ex>
<res>
<r_p>Ire personne;</r_p>
<r_c>les fils du héros continuent l’histoire de la colonie (visites d’Européens et de sauvages).</r_c>
</res>
<ae>Autres éditions: - V. 83. 27.</ae>
</entry>
</document>

<document>
<entry>
<id>87.46</id>
<au>
<a>HELME, Elizabeth</a>
<trd>trad. par ?</trd>
</au>
<s>t</s>
<ti>Louisa ou la chaumière, traduit de l’anglois</ti>
<det>
<pl>Paris,</pl>
<pb>Didot l’ainé,</pb>
<y>1787,</y>
<f>2t. in-12,</f>
<p>174, 204p.</p>
</det>
<bib>BNt Rochedieu</bib>
<tr>Trad. de Louisa or the Cottage on the Moor, 1787.</tr>
<ex>Une autre version française de cet ouvrage a été publiée la même année. V. 87.47 pour d’autres détails.</ex>
<ae>Autre édition: - Leipzig, Industrie Compt., s.d. (Rochedieu)</ae>
</entry>
</document>

<document>
<entry>
<id>87.47</id>
<au>
<a>HELME, Elizabeth</a>
<trd>trad. par ?</trd>
</au>
<s>nt</s>
<ti>Louise ou la chaumière dans les marais, par miss ...., traduite de l’anglois, à Londres</ti>
<det>
<pl>Londres &amp; Paris,</pl>
<pb>Buisson,</pb>
<y>1787 (t.I) -1788 (t.II),</y>
<f>2t. in-12,</f>
<p>viii + 160, 188p.</p>
</det>
<bib>A BNt JL xxvü 1787 Rochedieu Streeter</bib>
<tr>Trad. de Louisa or the Cottage on the Moor, 1787.</tr>
<ex>Une autre version française de cet ouvrage a paru la même année (v. 87. 46).</ex>
<res>
<r_p>3e personne;</r_p>
<r_pl>Angleterre;</r_pl>
<r_n>mistriss Rivers, Louise. M. Bennct, lord Melville;</r_n>
<r_c>malheurs d’une jeune fille;</r_c>
<r_s>sensibilité.</r_s>
</res>
<ae>Autres éditions: — ... seconde édition. Londres &amp; Paris, Buisson, 1787 (t.I) -1788 (t.II) 2t. in-12, viii + 160, 188p. (VGM) — ... traduit (sic) de l’anglais. Londres &amp; Paris, Dufart, an 5 - 1797, 2t., x + 1 1-152, ? p. (ICU: t.I seulement, Rochedieu)</ae>
</entry>
</document>

<document>
<entry>
<id>87.48</id>
<au>
<a>HUGHES, Mrs Anne</a>
<trd>trad. par ?</trd>
</au>
<s>t</s>
<ti>Zoraïdeou annales d’un village, traduit de l’anglois</ti>
<det>
<pl>Londres&amp; Paris,</pl>
<pb>Buisson,</pb>
<y>1787,</y>
<f>3t. in-12,</f>
<p>206, 206, 100 (pour 200)p.</p>
</det>
<bib>A BMt BNt AL 1787 V 217-229; JL xix 1787; JP 12.vi.87 Delcro Rochedieu Streeter</bib>
<ex>Le problème de l’attribution est épineux. Rochedieu donne, comme ouvrage original anglais: Zoraida. 1780, par W. Hodson; mais cet ouvrage est une tragédie en vers. Edward S. Dodgson. par contre, ayant identifié l’original, Zoriada, or Village Aimais, croit d’après des indications textuelles (vocabulaire, syntaxe, etc.) que c’est un ouvrage posthume de William Toldervy (v. Notes and Queries, 1917). Nous avons suivi le catalogue du BM en acceptant l’attribution à Mrs Ann Hughes, fournie par Montague Summers, bien que celui-ci ne cite qu’une édition de 1793. Trad. de Zoriada (sic) or Village Annals. 1786. BUR 1787 oct. I, pp. 117-177, offre un abrégé.</ex>
<res>
<r_p>3e personne;</r_p>
<r_pl>Angleterre;</r_pl>
<r_n>le docteur Withers, mistriss Léland, M. Crosby, Zoraîde, M.Swinborne;</r_n>
<r_c>aventures romanesques, peinture des moeurs (une mystérieuse étrangère arrive dans un petit village anglais ...);</r_c>
<r_s>sensibilité, ironie.</r_s>
</res>
<ae>Autre édition: — s.1., 1787, 3t. in-12 (Rochedieu)</ae>
</entry>
</document>

<document>
<entry>
<id>87.49</id>
<au>
<a>JAMES, W. et un AUTEUR INCONNU</a>
<trd>trad. par Jean-ent Joseph-Alexis DAVID DE SAINT-GEORGES</trd>
</au>
<ti>Lettres de Charlotte pendant sa liaison avec Werther, traduites de l’anglais par M.D.D.S.G., avec un extrait d’Eléonore, autre ouvrage anglais, contenant les premières aventures de Werther</ti>
<det>
<pl>Londres &amp; Paris,</pl>
<pb>Royez,</pb>
<y>1787,</y>
<f>2 part, in-8,</f>
<p>xix + I 20, 135 + 64p.</p>
</det>
<bib>BNt Appell Baldensperger, Bibl. Cohen Q Rochedieu Streeter</bib>
<ex>Pour d’autres détails sur les Lettres de Charlotte.^, la version d’Arkwright (86.37).</ex>
<tr>Trad. de The Letters of Charlotte during her</tr>
<ex>Connexion with Werther. 1786. L’extrait d’Eléonore (II, les dernières 64 pages) est nouveau (v. I, x, xvüi-xix).</ex>
<tr>Trad. d’Eleanora, from the Sorrows of Werter, 1785.</tr>
<res>
<r_p>Ire personne;</r_p>
<r_pl>M.</r_pl>
<r_n>Menheil, Berthe, Wilhelm. Conrad;</r_n>
<r_c>amours contrariées.</r_c>
</res>
<ae>Autres éditions: - Londres, les libraires des nouveautés, 1787, 2 part., xü + 79, 96 + 48p. (BMt) - Londres&amp; Paris, Royez, 1787, 2 part, in-18, xix + 120, 135p. (BNt). Malgré la page de titre, l’extrait d’Eléonore ne se trouve pas dans l’exemplaire de la BN. - Londres, 1788, 2 part, in-8 (Appell)</ae>
</entry>
</document>

<document>
<entry>
<id>87.50</id>
<au>
<a>LAFITE, Marie-Elisabeth Bouée, madame de</a>
</au>
<ti>Eugénie et ses élèves ou lettres et dialogues à l’usage des jeunes personnes, par madame de La Fite, auteur des Entretiens, drames &amp; contes moraux à l’usage des enfans</ti>
<det>
<pl>Paris,</pl>
<pb>Onfroy et Née de la Rochelle,</pb>
<y>1787,</y>
<f>2 part, in-12,</f>
<p>xxiv+ 212, 218-416p.</p>
</det>
<bib>BNt JL xvi 1787; JP 5.V.87 Q</bib>
<res>
<r_p>Lettres,</r_p>
<r_pl>dialogues;</r_pl>
<r_n>Eugénie, Julie, Ernestine, Mme de Palain- ville;</r_n>
<r_c>discours édifiants dans un cadre romanesque (beaucoup d’incidents de la vie des personnages sont rapportés, ce qui donne au récit plus d’éléments romanesques que dans bien des autres ouvrages du même genre).</r_c>
</res>
<ae>Autres éditions: - Amsterdam, 1787, 2t., xx + 195, ? (RPBt: t.I) - 1792 (Q)</ae>
</entry>
</document>

<document>
<entry>
<id>87.51</id>
<au>
<a>LA SOLLE, Henri-François de</a>
</au>
<ti>Amusemens des eaux de Passy, par M. Lasolle, auteur des Mémoires de Versorand</ti>
<det>
<pl>Paris,</pl>
<pb>Poinçot,</pb>
<y>1787,</y>
<f>3t. in-12,</f>
<p>xx + 368, 514, 423p.</p>
</det>
<bib>BMt BNt JL xi 1787; JP 28.iii.87 Delcro Gay Q</bib>
<ex>VHistoire de M.Bontal avait déjà paru dans Lectures sérieuses et amusantes (v.53.13 IV). L’ouvrage contient quelques essais (‘De l’ennui’, ‘De la jalousie’, etc.); nous ne donnons que les titres des éléments romanesques.</ex>
<res>
<r_c>Cadre romanesque: un groupe d’amis prennent les eaux à Passy; ces personnages discutent les histoires qu’on raconte.</r_c>
<r_st>I, 9-73, Conte moral; 102-168, Histoire de M. de Vervinde, première partie; 171-186, Des revenons; 187-253, Histoire de M. de Vervinde, seconde partie; 284-347, Histoire de M. de Vervinde, troisième partie: H, 1-138, Histoire de M. de Berinville. première, seconde parties; 139-178, Lettres du comte de R*** à madame la présidente; 201-270, Histoire de M. de Berinville, troisième partie; 299-358, Histoire de M. Duplessis, première partie; 375-396, Histoire de M. Duplessis, seconde partie; 435-457, Les lettres trouvées; 457-510, Histoire de M. Duplessis, troisième partie; IU, 1-25, Nouvelle, ils s’aiment, ils sont heureux; 26-86, Histoire de mademoiselle de Primeval, première partie; 102-163, Histoire de mademoiselle de Primeval, seconde partie; 177-232, Histoire de mademoiselle de Primeval, troisième partie; 236-255, Conte, heureux les époux qui ne s’aiment point, première partie; 258-308, Histoire de mademoiselle de Primeval, quatrième partie; 309-322, Conte, heureux les époux qui ne s’aiment point, seconde partie; 329-402, Histoire de M. Bontal.</r_st>
</res>
<ae>Autre édition: — Paris &amp; Lausanne, 1789,3t. in-12 (Gay)</ae>
</entry>
</document>

<document>
<entry>
<id>87.52</id>
<au>
<a>LAVALLEE, Joseph, marquis de</a>
</au>
<ti>Bois-Robert Cécile, fille d’Achmet III, empereur des</ti>
<det>
<pl>Turcs, née en 1710 Constantinople &amp; Paris,</pl>
<pb>Buisson,</pb>
<y>1787,</y>
<f>2t. in-12,</f>
<p>234, 174p.</p>
</det>
<bib>A BNt CorrL août 1787; JL xlvii 1786; JP 26.xii.86, 25.vii.87 Dufrenoy Weller</bib>
<res>
<r_p>Ire personne;</r_p>
<r_pl>Constantinople, Italie, France;</r_pl>
<r_n>Cécile, Fatmé, Salmoni, Emilie;</r_n>
<r_c>aventures romanesques.</r_c>
</res>
<ae>Autre édition: Constantinople &amp; Paris, Buisson, 1788, 2t. in-12 (A, B, Cohen, Q)</ae>
</entry>
</document>

<document>
<entry>
<id>87.53</id>
<au>
<a>LÉONARD, Nicolas-Germain</a>
</au>
<ti>Œuvres de M. Léonard, quatrième édition</ti>
<det>
<pl>Paris,</pl>
<pb>Prault,</pb>
<y>1787,</y>
<f>2t. in-12,</f>
<p>305, 278p.</p>
</det>
<bib>BMt BNt JL xiii 1787; JP 14.V.87 Gay Kerby Q</bib>
<ex>‘L’édition que je publie sera la derniere: je l’ai corrigée avec soin; j’y ai joint un Roman pastoral qui n’avoit pas encore paru...’ Des vers, une Lettre sur un voyage aux Antilles, avec: //, 107-162, Alexis, roman pastoral.</ex>
<ae>Autres éditions: - V. 71. 31</ae>
</entry>
</document>

<document>
<entry>
<id>87.54</id>
<au>
<a>LESUIRE, Robert-Martin</a>
</au>
<ti>Le philosophe parvenu ou lettres et pièces originales contenant les aventures d’Eugène Sans-Pair, par l’auteur de VAventurier françois</ti>
<det>
<pl>Londres &amp; Paris,</pl>
<pb>l’auteur, Quillau l’aîné, veuve Duchesne, Berlin, Mérigot, Desenne,</pb>
<y>1787 (t. I-lll) - 1788 (IV-VI),</y>
<f>6t. in-12,</f>
<p>viii + 230, 273, 240, ii + 284, 252, 264p.</p>
</det>
<bib>A BNt JL xlvii 1786; JP 9. xii. 86 B Delcro Gay Q</bib>
<res>
<r_p>Lettres;</r_p>
<r_pl>Paris;</r_pl>
<r_n>Louis l’Ange, Eugène Sans-Pair, M. la Montagne. Mlle Honorée de l’Astre;</r_n>
<r_c>aventures romanesques et galantes;</r_c>
<r_s>prétentions philosophiques.</r_s>
</res>
</entry>
</document>

<document>
<entry>
<id>87.54bis</id>
<au>
<a>LOAISEL DE TRÉOGATE, Joseph-Marie</a>
</au>
<ti>Ainsi finissent les grandes passions ou les dernières amours du chevalier de.....publiées par M. Loaisel de Tréogate</ti>
<det>
<pl>Paris,</pl>
<pb>Poinçot,</pb>
<y>1787,</y>
<f>2 part, in-12,</f>
<p>240, 247p.</p>
</det>
<bib>Lièget AL 1788 II 217-228</bib>
<ex>Nous devons la description de cette première édition à M. Townsend W. Bowling, auteur d’une dissertation doctorale: The Life and Works of Loaisel de Tréogate, 1752-1812: A Biographical and Bibliographical Study (Yale), où l’on trouvera de plus amples renseignements. La date de 1781 indiquée par Gay serait une erreur pour 1787.</ex>
<res>
<r_p>Lettres;</r_p>
<r_pl>Paris, province;</r_pl>
<r_n>madame de V... (Eugénié), le chevalier de .... le comte de P***, M. de B...:</r_n>
<r_c>intrigue sentimentale;</r_c>
<r_s>sensibilité passionnée, retour à la nature.</r_s>
</res>
<ae>Autres éditions: - Paris, Poinçot, 1788, 2 part, in-12, 240, 247p. (BNt, Delcro, Gay, Loaisel de Saulnays, Mornet, Q). Parait être la même impression que la première édition avec une nouvelle page de titre. - Paris, Poinçot, 1789, 2 part, in-12, 124, 127p. (Michaud, Slatkine)</ae>
</entry>
</document>

<document>
<entry>
<id>87.55</id>
<au>
<a>LONGUS</a>
<trd>trad. par J.-F. DEBURE DE SAINT-FAUXBIN</trd>
</au>
<s>nt</s>
<ti>Les amours pastorales de Daphnis et de Chloé, traduction nouvelle, avec figures nouvellement dessinées sur les peintures de M. le duc d’Orléans, Régent</ti>
<det>
<pl>Paris,</pl>
<pb>Lamy, de l’imprimerie de Monsieur,</pb>
<y>1787,</y>
<f>in-4,</f>
<p>viii + 175p.</p>
</det>
<bib>BNt Q</bib>
<ex>L’exemplaire de la BN est sur papier vélin et les planches ont été coloriées à la main. Pour les autres versions françaises de cet ouvrage, v.57.8.</ex>
</entry>
</document>

<document>
<entry>
<id>87.56</id>
<au>
<a>LOUVET DE COUVRAY, Jean-Baptiste</a>
</au>
<ti>Une année de la vie du chevalier de Faublas</ti>
<det>
<pl>Londres &amp; Paris,</pl>
<pb>chez l’auteur, rue Quincampoix, au bureau de la Bonneterie, et chez les marchands de nouveautés,</pb>
<y>1787,</y>
<f>5 part, in-12,</f>
<p>viii + 156, 143, 171, 157, 196p.</p>
</det>
<bib>BNt CorrL avril 1787; JL xlix 1786; JP 18.xii.86, 26.ii.87 Delcro Gay</bib>
<ex>Le t. V porte par eneur la date de 1786. Deux suites de cet ouvrage ont été publiées: Six semaines de la vie du chevalier de Faublas (88. 83); et La fin des amours du chevalier de Faublas (90.47). Les rééditions où les trois parties sont réunies se retrouveront ci-dessous (Autres éditions).</ex>
<res>
<r_p>Ire personne, avec récits intercalés Ire personne;</r_p>
<r_pl>Paris;</r_pl>
<r_n>le chevalier de Faublas, Adélaïde, Mlle de Pontis. M. du Portail, la Marquise, Rosembert;</r_n>
<r_c>aventures galantes;</r_c>
<r_s>ton léger.</r_s>
</res>
<ae>Autres éditions d’Une année... - Londres &amp; Paris, l’auteur et les marchands de nouveau tés, 1788, 5 part. (Du Cheyron) — Londres &amp; Paris, l’auteur et les marchands de nouveautés, 1790,5t. in-12, 108, 95, 112, 104, 128p. (BNt) - ... 2e édition, Londres &amp; Paris, Bailly, 1790, 5t. in-12 (BMt, BN) Éditions de Six semaines... Pour la première édition, v. 88.83. — Londres &amp; Paris, Bailly ct les marchands de nouveautés, 1790, 2 part, in-12, 129, 128p. (BNt) - ... 2e édition, Londres &amp; Paris, Bailly, 1790, 2t. in-12 (BMt) - Londres &amp; Paris, Bailly et les marchands de nouveautés, 1791,2 part. pet.in-12, xviii + 195, 192p. (BNt) Éditions de La fin des amours... Pour la première édition, v. 90.47. — Londres &amp; Paris, Bailly et les marchands de nouveautés, 1790. 6 part., 106, 116, 104, 112. 116, 127p. (ICUt) — Londres &amp; Paris, Bailly, 1792, 6t. in-12 (BMt) Éditions des trois ouvrages réunis: — Vie et amours du chevalier de Faublas. par M. Louvet de Couvray, seconde édition, revue, corrigée et augmentée, Londres &amp; Paris, Bailly et les marchands de nouveautés, 1790. 13t. in-18 (BNt:t.XII seulement; NjPt:t.V. VII. IX-XIII seulement) — Vie du chevalier de Faublas, nouvelle édition, corrigée et augmentée, Londres, 1791, 7t. in-24. 263, 288, 247, 236, 283, 286, 312p. (MHt, PBm) — Vie et amours.... Londres, 1793, 6t. (OCU) — Vie et fin des amours .... Paris, 1793, 6 part. (BNt: 6e part, seulement). L’exemplaire possédé par MH: Paris, 1793, 6t. (dont l’un manque), serait-ce la même édition? ... nouvelle édition, corrigée et augmentée. Paris. 1793, 13 part, en 4t. pet.in-8. 118. 107, 118, 113, 144, 140. 148, 102, 120. 108. 124, 122, 132p. (La Hayet) — Vie.... Londres &amp; Bruxelles. B. Le Francq, 1795, 7t. in-12 (BMt) Vie du chevalier de Faublas. par le citoyen J. B. Louvet, nouvelle édition, corrigée et augmentée, Paris, l’auteur et Favre, 1796 (v.s.), an IVe de la Republique française, 8t., ?, 249, 254, 240, 228, 238, 234, 245p. (MiDt. PHCt). Le t.I manque dans les deux exemplaires: le t.IV porte, par erreur, la date de 1795. — Vie et fin ..., Paris, l’auteur et Favre, an IV-1796, 4t. (Nimègue, NNt: t. II1-IV seulement) — Vie du chevalier de Faublas, nouvelle édition corrigée et augmentée, Paris, 1796, an IV, 5t. in-18 (Cohen) — Les amours du chevalier de Faublas, troisième édition revue par l’auteur, Paris, l’auteur et les marchands de nouveautés, an VI, 4t. in-8, xvi + 244, 274, 307, 230 (pour 330)p. (BMf, BNt, JT 16.xii.97, Cohen, 0) — Amours et galanteries.... Londres &amp; Paris, 1798 (NN) — Vie du chevalier..., nouvelle édition, Paris, Roux, 1806, 13t. in-18 (BMt, BN, Du Cheyron) — Vie du chevalier..., édition revue et corrigée sur les précédentes éditions.....Paris, Freschet, 1807, 4t. in-12 (Du Cheyron) — La vie et les amours...,nouvelle édition, Paris, libraires associés, 1808, 13t. (BMt, Du Cheyron) — Vie du chevalier.... par Louvet de Coupevray (sic), Paris, Ferra, 1813, 8t. in-12 (BN, Du Cheyron) — Vie..., Avignon, Hypolite Offray, 1816, 8t. in-18 (BNt, Du Cheyron) — Vie.... nouvelle édition, Paris, Ferra jeune, 1816, 8t. (NN) — 17e ...Paris, Chassaignon, 1819.4t. in-12(BMt,Du Cheyron) Vie..., Paris, marchands de nouveautés, 1820, 8t. in-12 (BMt) — Amours .... Paris, Ambroise Tardieu, 1820, 4t. in-8 (Du Cheyron). Erreur pour l’édition suivante? Les amours.... Paris. Ambroise Tardieu, 1821, 4t. in-8, xliv + 319, 360, 403, 429p. (BMt) — Amours.... Paris, Didot, 1821,4t. in-8 (Cohen) 17e.... par Louvet de Coupvray, nouvelle édition, ornée de gravures, Paris, Corbet, 1821, 8t. in-18 (BNt) Vie.... Paris. Ménard et Desenne. 1821,8t. (Du Cheyron) Les amours.... Paris, marchands de nouveautés. s.d. Z 1821/, 2t., 436, 491p. (MnUt) Vie ....Paris, Ménard et Desenne Fils, 1821-22, 8t. in-24, xx + 185, 167, 164, 167, 170, 174, 173, 203p..(Rotter-datn. MHt) Les amours.... Londres, Martin Bossanges et Co., 1822, 4t. in-16, 355, 394. 437, 464p. (BMt. BN, Du Cheyron) Les amours.... Paris, Didot, 1822, 4t. in-16 (BN, Du Cheyron) Les amours.... Paris, Tardieu, 1825, 4t. in-8 (Du Cheyron) Les amours.... nouvelle édition , Paris, Boulland, 1825, 4t. (NN)</ae>
</entry>
</document>

<document>
<entry>
<id>87.57</id>
<au>
<a>MAYER, Charles-Joseph de</a>
</au>
<ti>Les amours du chevalier Bayard avec madame de Randan ct autres romans de M. de Mayer</ti>
<det>
<pl>Paris,</pl>
<pb>Leroy,</pb>
<y>1787,</y>
<f>2 part, in-12,</f>
<p>xii + 196, 193 (sic) - 388p.</p>
</det>
<bib>At BNt AL 1787 VI 145-169; JL xii 1787 Delcro Gay Monglond Q</bib>
<ex>La page de titre de la seconde partie porte: Les amours de Chatelard et de Marie Stuart et autres romans de M. de Mayer. Les deux parties ont un faux titre: Romans de M. de Mayer. Quelques-uns de ces récits ont paru dans la BUR; par exemple, Le chevalier Bayard... ( 1780 avril II, pp. 135-182); Adhémar ... (1780 mars, pp. 35-88).</ex>
<res>
<r_st>/, 1-58, Le chevalier Bayard et madame de Randan; 59-116, Le duc de Montmouth: 117-191, Soliman II. II, 193-262, Adhémar ou les torts de l’opinion; 263-328, Philippe second et Jeanne de Castille; 329-386, Les amours de Chatelard et de Marie Stuart.</r_st>
</res>
<ae>Autre édition: — 1790 (Monglond, Q)</ae>
</entry>
</document>

<document>
<entry>
<id>87.58</id>
<au>
<a>MEISSNER, August Gottlieb</a>
<trd>trad. par Aloys Friedrich von t BRÜHL</trd>
</au>
<ti>Alcibiade, d’après l’original allemand, par un amateur qui désire faire connaître aux Français un génie d’Allemagne</ti>
<det>
<pl>Dresde,</pl>
<pb>Walther,</pb>
<y>1787-1791,</y>
<f>4t. pet. in-8,</f>
<p>365, 354, 358, 201p.</p>
</det>
<bib>Lausannet Goedeke Q</bib>
<tr>Trad. de Alcibiades, 1781.</tr>
<ex>Une autre version de ce roman a été publiée en 1789. v. 89.87 pour d’autres détails. BUR 1788 avril, pp. 3-301, a publié: Les quatre âges d’Alcibiade, trad. par M. Perrin de Cayla.</ex>
</entry>
</document>

<document>
<entry>
<id>87.59</id>
<au>
<a>MONNET, Marie, née Moreau</a>
</au>
<ti>Lettres de Jenny Bleinmore, par madame Monnet, auteur des Contes orientaux</ti>
<det>
<pl>Surate &amp; Paris.</pl>
<pb>Régnault.</pb>
<y>1787,</y>
<f>2 part, in-12,</f>
<p>iv + 216, 227p.</p>
</det>
<bib>BNt JL xxii 1787; JP 30.vi, 3.viii.87 Delcro Dufrenoy Q</bib>
<s>/.</s>
<res>
<r_p>Lettres de Jenny Bleinmore: lettres;</r_p>
<r_pl>Perse;</r_pl>
<r_n>Jenny Bleinmore, Caleb, Sady;</r_n>
<r_c>correspondance sentimentale et philosophique. II, 50-65, Les deux hermites ou ce que c’est que les disputes, quatrième conte du sage Caleb; 66-91, Cinquième récit de Caleb, voyageur persan; avec des morceaux en vers et une pièce de théâtre.</r_c>
</res>
</entry>
</document>

<document>
<entry>
<id>87.60</id>
<au>
<a>NOUGARET, Pierre-Jean-Baptiste</a>
</au>
<ti>La foie de Paris ou les extravagances de l’amour et de la crédulité, ouvrage rédigé et mis au jour par M. Nougaret</ti>
<det>
<pl>Londres &amp; Paris,</pl>
<pb>Bastien,</pb>
<y>1787,</y>
<f>2 part, in-12,</f>
<p>xiv + 224, iv + 188p.</p>
</det>
<bib>A BNt JL xxiii 1787; JP 6.vii.87 Delcro Gay Q</bib>
<res>
<r_p>Ire personne, avec récits intercalés Ire personne;</r_p>
<r_pl>Paris.Clélie, madame</r_pl>
<r_n>Bourdin, madame d’Albon, le chevalier de Saint-Albin;</r_n>
<r_c>aventures d’une jeune femme excentrique, critique des moeurs (et du magnétisme):</r_c>
<r_s>ton satirique.</r_s>
</res>
<ae>Autres éditions: - Paris, Bastien, 1788, 2t. in-12, viii+ 160, 142p. (NNt, Gay) — Stéphanie ou les folies à la mode, 1802 (Gay, Q)</ae>
</entry>
</document>

<document>
<entry>
<id>87.61</id>
<au>
<a>PIGAULT-LEBRUN, Charles-Antoine-Guillaume Pigault de l’Epinay, dit</a>
</au>
<ti>Le danger d’être trop sage, conte par M. Pigault</ti>
<det>
<pl>Londres,</pl>
<y>1787,</y>
<f>in-8,</f>
<p>19p.</p>
</det>
<bib>BMt Gay Pigoreau Q</bib>
<res>
<r_p>3e personne;</r_p>
<r_pl>France;</r_pl>
<r_n>Edmond, Alexandre, Flore;</r_n>
<r_c>malheurs d’un jeune homme qui est trop honnête, trop sensible, etc.;</r_c>
<r_s>Intentions moralisatrices, sensibilité.</r_s>
</res>
</entry>
</document>

<document>
<entry>
<id>87.62</id>
<au>
<a>PRATT, Samuel Jackson</a>
<trd>trad. par Auguste-Jacques t LEMIERRE D’ARGY</trd>
</au>
<ti>L’élève du plaisir, par M. Pratt, traduit de l’anglois sur la quatrième édition, par M.L.D.</ti>
<det>
<pl>Amsterdam,</pl>
<pb>D.J. Changuion</pb>
<pl>&amp; Paris,</pl>
<pb>Théophile Barrois le jeune,</pb>
<y>1787,</y>
<f>2 part, in—i 2,</f>
<p>viii + 158, 142p.</p>
</det>
<bib>At BN JL xxi 1787 Q Rochedieu Streeter</bib>
<ex>Rochedieu donne une édition de 1782, que nous n’avons pu retrouver.</ex>
<tr>Trad. de The Pupll of Pleasure, 1776.</tr>
<res>
<r_p>Lettres;</r_p>
<r_pl>Angleterre;</r_pl>
<r_n>Philip Sedley, James Bellmour, le révérend Horace Homespun, miss Délia Delmore;</r_n>
<r_c>les mésaventures d’un jeune homme qui cherche d mettre en pratique tes maximes morales de lord Chesterfield;</r_c>
<r_s>prétentions moralisatrices.</r_s>
</res>
<ae>Autre édition: — Amsterdam, 1788, in-8 (Amsterdam)</ae>
</entry>
</document>

<document>
<entry>
<id>87.63</id>
<au>
<a>RASPE, Rudolf Erich</a>
<trd>trad. par ?</trd>
</au>
<s>t</s>
<ti>Gulliver ressuscité ou les voyages, campagnes et aventures extraordinaires du baron de Munikhouson</ti>
<det>
<pl>Londres &amp; Paris,</pl>
<pb>Royez,</pb>
<y>1787,</y>
<f>2 part, in-12,</f>
<p>viii + 34, 37-75p.</p>
</det>
<bib>At BNt B Goulding</bib>
<ex>La seconde partie porte la date de 1786. Trad de Baron Munchausen’s Narrative of his Marvellous tra-vels and Campaigns in Russia, 1786.</ex>
<res>
<r_p>Ire personne;</r_p>
<r_pl>Russie. Pologne, Angleterre. Constantinople;</r_pl>
<r_c>série d’anecdotes comiques et invraisemblables.</r_c>
</res>
<ae>Autre édition: — Paris, Royez, 1787, 2 part, in-12, 8 + 9-47, 47-96p. (BM+)</ae>
</entry>
</document>

<document>
<entry>
<id>87.64</id>
<au>
<a>REEVE, Mrs Gara</a>
<trd>trad. par Pierre-Antoine de LA PLACE</trd>
</au>
<s>t</s>
<ti>Le vieux baron anglois ou les revenans vengés, histoire gothi que, imitée de l’anglois de mistriss Clara Reeve, par M.D.L.. p***</ti>
<det>
<pl>Amsterdam &amp; Paris,</pl>
<pb>Didot fils ainé, Jombert jeune,</pb>
<y>1787,</y>
<f>in-12,</f>
<p>325p.</p>
</det>
<bib>A BNt AL 1787 VI 22-30; JL xviü 1787 B Cobb Delcro Killen Q Rochedieu</bib>
<ex>La date de 1797 donnée par Streeter paraît être une erreur pour 1787.</ex>
<tr>Trad. de The Champion of Virtue, a Gothic Story, 1777.</tr>
<res>
<r_p>3e personne;</r_p>
<r_pl>Angleterre (minorité de Henri IV);</r_pl>
<r_n>sir Philippe Harclay, Zadiski, Wyat, Edmond;</r_n>
<r_c>aventures romanesques, sombres;</r_c>
<r_s>roman noir.</r_s>
</res>
<ae>Autres éditions: - Le champion de la vertu ou le vieux baron anglois, hist-toire gothique, traduite librement de l’anglois par M.L.D., Paris, Hardouin et Gattey, 1787, in-18, 188p. (At, B, Cobb, Delcro, Killen, Rochedieu) — ds Collection de romans et de contes imités de l’anglois, t. VII, Paris, Cussac, 1788, 8t. in-8 (v. 88.R75) — Edouard ou le spectre du château, Paris, an VIII, 3t. in-12 (BM, Streeter). Rochedieu donne: 2t. in-12 ou 3t. in-18.</ae>
</entry>
</document>

<document>
<entry>
<id>87.65</id>
<au>
<a>RÉTIF DE LA BRETONNE. Nicolas-Edme</a>
</au>
<ti>Les Parisiennes ou XL caractères généraux pris dans les moeurs actuelles, propres à servir à l’instruction des per-sonnes-du-sexe, tirés des mémoires du nouveau Lycée-des-mœurs</ti>
<det>
<pl>Neuchâtel &amp; Paris,</pl>
<pb>Guillot,</pb>
<y>1787,</y>
<f>4t. in-12,</f>
<p>300, 388, 392, 380p.</p>
</det>
<bib>BM BNt AL 1788 II 3-27; JL xx 1787 B Gay Q Rives Childs</bib>
<res>
<r_st>Le premier volume porte la mention: Les jeunes-filles A les fllles-à-marier-, le deuxième: Les Nlles.mariées; le troisième: Les épouses; et le quatrième: Les Jne$-mères. Discours accompagnés de quarante anecdotes: I, 60-70, La fille-mélancolique: 71-87, La fille-gaie A la rieuse: 88-95, La fille-colère; 96-110, La fille sournoise ou la flateuse; 112-125, La fille portée pour le mariage: 126-136, La fille ennemie du mariage; 137-154, La fille timide; 155-169, La fille hardie A l’effrontée; 170-208, La fille-hautaine; 209-229, La modeste A la capone; 275-300, La folle. II, 44-87, La nouvelle-mariée complaisante; 88-110, La contrariante; 111-127; La solide; 128-155, La dissipée; 156-213, La nouvelle-mariée bonne A la pénétrante; 214-242, La nouvelle-mariée méchante A la maladroite; 278-307, La femme-riche altière, l’Insolente et l’arrogante; 308-342, La femme-humble A pauvre A la reconnaissante; 343-372, La femme-simple A la bonasse; 373-388, La femme-intriguante. III, 28-47, L’épouse-chaste A l’épouse-sans tempérament; 48-67, L’épouse soumise A la déshonorée; 68-86, L’épouse-laborieuse A la silencieuse; 108-131, L’épouse-lnfidelle; 132-152, L’épouse-dominatrice A la raisonneuse: 153-192, L’épouse joueuse A l’emprunteuse; 193-211, L’épouse buveuse ou la femme aux goûts d’homme A la gourmande; 212 -229, L’épouse déréglée A l’impudente; 230-250, L’épouse-imprudente, la bavarde A la braque; 251-268, L’épouse-negligeante A ta curieuse. IV, 36-48, La mère-attachée; 49-71, La mère-dénaturée A la préférante; 72-87, La mère-coquette; 88-126, La mère qui se sacrifie pour l’avantage de ses filles; 160-176. La mère d’un fils unique ou la mère-faible; 177-214, La mère-ferme; 215-331, La bellemère-sage; 232-258, La marâtre folle A la mére-remariée; 259-278, La mère du mari aimant sa bru; 279-380, La mère de la femme haïssant sa fille A la commère obligeante.</r_st>
</res>
</entry>
</document>

<document>
<entry>
<id>87.66</id>
<au>
<a>RÉTIF DE LA BRETONNE, Nicolas-Edme n</a>
</au>
<ti>Le paysan et la paysanne pervertis ou les dangers de la ville, histoire récente mise au jour d’après les véritables lettres des personages, par N.-E.-Rétif-De-La-Bretonne Imprimé à</ti>
<det>
<pl>La-Haie,</pl>
<y>1784 (sic),</y>
<f>16 part, en 4t. in-12,</f>
<p>542, 536, 552, 550p.</p>
</det>
<bib>BNt AL 1787 111 195-222 Rives Childs</bib>
<ex>11 s’agit d’une version remaniée du Paysan perverti (76.44) et de la Paysanne pervertie (84.58) où les deux ouvrages sont réunis. Malgré la date de la page de titre, les quatre volumes n’ont été publiés qu’en 1787. Voir J. Leduc, à propos d’un exemplaire où ces quatre tomes font partie de la Nouvelle bibliothèque de campagne.... Bruxelles, Dujardin &amp; Paris, veuve Duchesne, s.d.</ex>
</entry>
</document>

<document>
<entry>
<id>87.67</id>
<au>
<a>RONESSE, Jacques-Hippolyte</a>
</au>
<ti>Mémoire de Sultan-Faithful</ti>
<det>
<pl>Au Mans &amp; Paris,</pl>
<pb>Hardouin et Gattey, et chez tous les marchands de mémoires,</pb>
<y>1787,</y>
<f>in-8,</f>
<p>161p.</p>
</det>
<bib>BNt CorrL août 1787; JL xxxvi 1787; JP 30.ix.87 B Q</bib>
<ex>Dufrenoy donne la date de 1785.</ex>
<res>
<r_c>Parodie des mémoires de plaideur: ici un chien raconte sa vie. défend son droit de rentrer chez son ancienne maîtresse, fait l’éloge des chiens.</r_c>
</res>
</entry>
</document>

<document>
<entry>
<id>87.68</id>
<au>
<a>RUTLIDGE, James, dit Jean-Jacques Rutledge</a>
</au>
<ti>Supplément à la Quinzaine angloise ou mémoires de monsieur Provence</ti>
<det>
<pl>Londres &amp; Paris,</pl>
<pb>chez les marchands de nouveautés et chez l’auteur,</pb>
<y>1787,</y>
<f>2t. in-12,</f>
<p>211,209p.</p>
</det>
<bib>At JL xvü 1787 B Delcro Las Vergnas Q</bib>
<ex>La préface de l’éditeur permet certains doutes sur l’attribution de l’ouvrage à Rutledge, bien que la possibilité d’une simple mystification de la part de celui-ci ne puisse pas être écartée: ‘L’auteur de la Quinzaine angloise m’avoit déjà communiqué, il y a quelques années, le Roman que je publie aujourd’hui... Le seul mécontent, qu’il m’arrivera probablement de faire, en mettant au jour cet opuscule, ce sera l’Auteur. II aura peut-être quelque regret de voir un ouvrage d’un genre bien différent de ceux qu’il a donnés depuis quelques années, s’échaper de son portefeuille’. Las Vergnas accepte cet ouvrage comme étant de Rutlidgc, mais il n’en a pas vu un exemplaire. M. Provence est un personnage qui figure dans la Quinzaine anglaise (76.45).</ex>
<res>
<r_p>Ire personne, avec récits intercalés Ire personne;</r_p>
<r_pl>province (Marseille). Angleterre, Paris;</r_pl>
<r_n>M. Provence (fils de bourgeois), milord ***, M. de la Jaquière, Mite de Granvelle, Marianne;</r_n>
<r_c>aventures galantes d’un jeune homme qui fait son chemin;</r_c>
<r_s>ton satirique.</r_s>
</res>
<ae>Autre édition — Le valet-de-chambre financier ou mémoires de monsieur Provence, Londres &amp; Paris. 1788, 2t. in-12, 211, 209p. (BNf, B, Delcro, Las Vergnas, Q)</ae>
</entry>
</document>

<document>
<entry>
<id>87.69</id>
<au>
<a>SAINT-AULAIRE, Yrieix Beaupoil. marquis de</a>
</au>
<ti>Histoire d’une détention de trente-neuf ans dans les prisons d’Etat, écrite par le prisonnier lui-même</ti>
<det>
<pl>Amsterdam et se trouve</pl>
<pb>chez les principaux libraires de l’Europe,</pb>
<y>1787,</y>
<f>in-8,</f>
<p>138p.</p>
</det>
<bib>BNt B Q</bib>
<ex>Selon Q, Latude aurait désavoué ces mémoires, qui se présentent comme étant de sa main.</ex>
<res>
<r_p>Ire personne;</r_p>
<r_pl>France;</r_pl>
<r_n>Henri Masers de Latude. M. Berryer, la marquise de Pompadour;</r_n>
<r_c>récit des malheurs d’un personnage historique;</r_c>
<r_s>faux mémoires.</r_s>
</res>
<ae>Autres éditions: — Amsterdam, 1787, in-8, 127p. (BN) - 1787, in-8, 112p. (BN) — Le donjon de Vincennes, la Bastille et Bicêtre ou mémoires de M.Masers de Latude, s.1., 1787, in-8, iv + 139p. (BN)</ae>
</entry>
</document>

<document>
<entry>
<id>87.70</id>
<au>
<a>TRENCK, Friedrich, baron de .trad, par Jean-Nicolas-mt Étienne, baron de BOCK</a>
</au>
<ti>La vie de Frédéric, baron de Trenck, écrite par lui-même et traduite de l’allemand en françois par M. le baron de B***</ti>
<det>
<pl>Metz,</pl>
<pb>imprimerie de C. Lamort, Devilly,</pb>
<y>1787,</y>
<f>2 part, in-8,</f>
<p>xxi + 168, 167p.</p>
</det>
<bib>BMt BNt</bib>
<ex>Selon M. de Trenck, son histoire n’est point un roma.i mais ‘une suite de faits exacts, vérifiés, attestés par mille témoins oculaires’. En 1789 il a publié, sous le titre de Mémoires de Frédéric, baron de Trenck, une traduction de son propre ouvrage, en se plaignant des deux traductions qui avaient déjà paru en français. Il appelle celle du baron de Bock ‘un abrégé romanesque’; en effet, la version de Bock est très libre, et c’est pour cette raison qu’elle se trouve dans nos listes. La traduction de Le Tourneur, La vie de Frédéric, baron de Trenck, qui a paru en 1788, est, paraît-il, plus fidèle. La CorrL fait mention de l’ouvrage à deux reprises (fév. et mars 1788), en constatant: ‘II s’en est vendu, dit-on, quinze à vingt mille exemplaires’. C’est probablement à cause de cette popularité qu’on a publié, en 1788 et 1789, les Mémoires du comte de Hârd, rédigés par Borelly mais publiées à son insu. Cet ouvrage semble être une biographie authentique. V. aussi l’ouvrage de Schel, 89.102, que l’éditeur présente comme une suite des Mémoires du baron de Trenck. BUR 1787 oct. I, pp. 178-226, offre une analyse de La vie de Frédéric.</ex>
<tr>Trad. de Friedrich Freyherrn von der Trenck merkwürdige Lebensgeschichte, 1787.</tr>
<res>
<r_p>Ire personne;</r_p>
<r_pl>Prusse;</r_pl>
<r_n>Fréréric II, le duc de Wirtemberg;</r_n>
<r_c>aventures militaires et romanesques (malheurs de Trenck);</r_c>
<r_s>autobiographie romancée.</r_s>
</res>
<ae>Autre édition: - ... seconde édition, revue et corrigée, Metz, C. Lamort, Devilly, &amp; Paris, Belin, 1788, 2 part, in-12, xxi + 168, 167p. (BNt, Q)</ae>
</entry>
</document>

<document>
<entry>
<id>87.71</id>
<au>
<a>WALL, Christian Lebrecht Heyne, dit Anton et des et AUTEURS INCONNUS</a>
<trd>trad. par madame Marie-Elisabeth de PO LIER</trd>
</au>
<ti>Antonie, suivi de plusieurs pièces intéressantes traduites de l’allemand par madame la chanoinesse de P..._</ti>
<det>
<pl>Paris,</pl>
<pb>Buisson</pb>
<pl>&amp; Lausanne,</pl>
<pb>Mourer cadet,</pb>
<y>1787,</y>
<f>in-12,</f>
<p>237p.</p>
</det>
<bib>BNt JL v 1787 B</bib>
<ex>Nous n’avons pu trouver d’exemplaire de l’édition de 1786 donnée par Delcro et Q. Les deux premiers morceaux sont des extraits des Bagatellen d’Anton Wall, 1783-85: Antonie, aus der geheimen Geschichte einer Residenz et Omar, eine Erzdhlung in 7 Kapiteln.</ex>
<res>
<r_st>Pp. 4-62, Antonie, anecdote traduite de l’allemand; 63-101, Omar, conte traduit des Bagatelles allemandes,- 103-122, Qui sait à quoi cela peut-être (sic) bon? conte; 123-152, Les ancêtres ou le mérite personnel, conte persan, traduit de l’allemand (extrait d’un journal allemand); 153-208, Ni trop, ni trop peu, conte traduit de l’allemand (extrait du Journal pour l’ancienne &amp; la nouvelle littérature de Meissner); 209-233, Le jugement de Parnasse.</r_st>
</res>
<ae>Autres éditions: — Lausanne, Mourer cadet &amp; Paris, les marchands de nouveautés, 1787, in-12, 237p. (BNt). Paraît être la même impression avec une page de titre différente. — Recueil d’historiettes traduites de l’allemand par madame la chanoinesse de P., Lausanne, L. Luquiens &amp; Paris, Bossange et Comp., 1792, in-12, 237p. (Oront)</ae>
</entry>
</document>

</root>