<root>

<document>
<entry>
<id>66.1</id>
<ti>Les amours de Paliris et Dirphé</ti>
<det>
<pl>Paris,</pl>
<pb>Panckoucke,</pb>
<y>1766,</y>
<f>in - 12,</f>
<p>187p.</p>
</det>
<bib>A BMt BNf CatH xlix 1765; CorrL août 1766 Gay</bib>
<ex>L’édition de 1765 donnée par Gay pourrait être une erreur qui aurait ses origines dans une annonce parue à la fin de cette année.</ex>
<res>
<r_p>3e personne;</r_p>
<r_pl>cadre pastoral grec;</r_pl>
<r_n>Paliris, Dirphé, Cloris, Antéros;</r_n>
<r_c>intrigue sentimentale;</r_c>
<r_s>prose poétique.</r_s>
</res>
<ae>
<ae_ae>Autres éditions:</ae_ae>
<ae_se>- Paris, Dessaint &amp; Francfort, Jean George Eslinger, 1766, in - 12, 176p. (BMt) — Amsterdam, 1773 (InU, Clayton)</ae_se>
</ae>
</entry>
</document>

<document>
<entry>
<id>66.2</id>
<ti>Le bal de Saint-Cloud</ti>
<det>
<pl>Amsterdam,</pl>
<y>1766,</y>
<f>in - 8</f>
</det>
<bib>Gay</bib>
<ex>Selon Gay, il s’agit d’un roman.</ex>
</entry>
</document>

<document>
<entry>
<id>66.3</id>
<ti>Le goût de bien des gens ou recueil de contes moraux pour c servir de supplément à tout ce qui a paru jusqu’à présent dans ce genre</ti>
<det>
<pl>Amsterdam &amp; Paris,</pl>
<pb>L’Esclapart le jeune, veuve Duchesne,</pb>
<y>1766.</y>
<f>in - 12,</f>
<p>306p.</p>
</det>
<bib>A BNt AL 1766 IV 159- 161 ; CorrL juin 1766; LV Gay</bib>
<ex>Selon CorrL. ce sont des extraits du Mercure. AL rend compte de Jacques, dernier récit du recueil, comme s’il s’agissait d’un ouvrage nouveau. Une édition augmentée a été publiée en 1769 (v. 69.3).</ex>
<res>
<r_st>Pp. 17-68, Rosalie, histoire véritable; 69-91, Mémoires de madame de *** écrits par elle-même; 92-168, Histoire de Fanni Arthur et de Montrose; 176-213, Betty ou les malheurs de l’imprudence et de la jalousie, histoire traduite de l’anglais; 214-264, Sara Th., nouvelle traduite de l’anglais [par Saint-Lambert, v. 65.481; 265-280, La femme de Bath; 281-285, L’amour et le mystère, conte allégorique; 286-297, Jacques ou la force du sentiment, anecdote historique à madame de ••*, par M. d’Arnaud.</r_st>
</res>
<ae>
<ae_ae>Autre édition:</ae_ae>
<ae_se>- Amsterdam, Changuion, 1769, 3 t. in-12. Edition augmentée (v. 69.3)</ae_se>
</ae>
</entry>
</document>

<document>
<entry>
<id>66.4</id>
<au>
<a>?</a>
<trd>trad. par Marc-Antoine EIDOUS</trd>
</au>
<s>nt</s>
<ti>Hau Kiou Choaan, histoire chinoise, traduite de l’anglois par M***</ti>
<det>
<pl>Lyon,</pl>
<pb>Benoît Duplain,</pb>
<y>1766,</y>
<f>41. in - 12,</f>
<p>xxxii + 224, 263, 263, 243p.</p>
</det>
<bib>A BNt CatH xxxii 1766; CorrL sept. 1766; LV B Delcro Dufrenoy Gay Momet Q Rochedieu Streeter</bib>
<ex>L’ouvrage chinois, qui est connu sous plusieurs titres, a dû être écrit entre 1277 et 1348. La quatrième partie a été traduite en anglais, d’après une version en portugais, par Sir Thomas Percy, qui a revu la traduction des trois premières parties par James Wilkinson. Cette traduction a paru en 1761 : Hau Kiou Chouan or the Pleasing History. Une version allemande par Murr, basée sur l’anglais, Haoh Kjôh Tschwen, a été publiée en 1766. Selon Soulié de Morant qui a publié une traduction moderne (La brise au clair de lune, 1925), la version française de 1766 aurait été faite sur le texte de Murr. Cependant la forme du titre français et la mention ‘ traduite de l’anglois ’ rendent cette assertion peu probable. Une version abrégée paraît dans la BUR, juin 1778, pp. 107 -166, suivie de quelque cinquante pages de notes.</ex>
<res>
<r_p>3e personne;</r_p>
<r_pl>Chine;</r_pl>
<r_n>Tieh-chung-u, Way-siang-coon, Che-hien, Shuey-ping-sin;</r_n>
<r_c>aventures d’un jeune homme, intrigue sentimentale;</r_c>
<r_s>intentions moralisatrices.</r_s>
</res>
<ae>
<ae_ae>Autre édition:</ae_ae>
<ae_se>— Le nouvel habitant de la Chine, Pékin, 1773, 4 t. in - 12, xxxii + 224, 263, 263, 247p. (Bordeaux!). Paraît être l’édition de 1766 avec un nouveau frontispice.</ae_se>
</ae>
</entry>
</document>

<document>
<entry>
<id>66.5</id>
<ti>Lettres galantes et historiques d’un chevalier de Malte</ti>
<det>
<pl>Avignon,</pl>
<y>1766,</y>
<f>in-12,</f>
<p>140p.</p>
</det>
<bib>A! CorrL mai 1766 Gay</bib>
<res>
<r_p>Lettres;</r_p>
<r_pl>France;</r_pl>
<r_n>Mlle d’Alincourt, le chevalier de ***, M. de Rostain, M. d’Hisbourg;</r_n>
<r_c>intrigue sentimentale, amours contrariées, voyages;</r_c>
<r_s>sensibilité, malheurs.</r_s>
</res>
</entry>
</document>

<document>
<entry>
<id>66.6</id>
<ti>Mémoires de madame la marquise de Pompadour où l’on m découvre les motifs des guerres &amp; des traités de paix, les ambassades, les négociations dans les différentes cours de l’Europe, les menées &amp; les intrigues sécrétés, le caractère des généraux, celui des ministres d’Etat, la cause de leur élévation &amp; le sujet de leur disgrâce, &amp; généralement tout ce qui s’est passé de plus remarquable à la cour de France pendant les vingt dernières années du régne de Louis XV, écrits par elle-même</ti>
<det>
<pl>Liège,</pl>
<y>1766,</y>
<f>2 t. in - 8,</f>
<p>xii + 150, 136p.</p>
</det>
<bib>BM BNt CorrL oct. 1766 Gay</bib>
<ex>CorrL: ‘ Il vient de paraître, en pays étranger, sous le titre de la ville de Liège, une rapsodic intitulée Mémoires. . .’ etc. Gay donne des éditions de 1763 et 1765, mais il s’agit d’un autre ouvrage: Mémoires pour servir à l’histoire de ta marquise de Pompadour (v. 63.8).</ex>
<res>
<r_c>En marge: l’auteur donne plus d’importance aux affaires d’Etat qu’à la vie intime de la maîtresse royale: il emploie néanmoins des techniques romanesques (mise en scène, dialogues).</r_c>
</res>
<ae>
<ae_ae>Autres éditions:</ae_ae>
<ae_se>- Liège, 1766, 2 t. (NN) - Liège, 1768, 2 t. (DLC) - 1774, 2 t. in-12 (Gay) - 1775, 2 t. in-12 (Gay - 1776, 2 t. in-12 (Gay) — Paris, Lepetit, 1808, 5 t. (NN)</ae_se>
</ae>
</entry>
</document>

<document>
<entry>
<id>66.6bis</id>
<ti>Minutes perdues ou histoire amoureuse et galante du marquis de ***</ti>
<det>
<pl>Venepole,</pl>
<y>1766,</y>
<f>in-8,</f>
<p>160p.</p>
</det>
<bib>Oront Gay</bib>
<ex>Le titre courant est: Les quatre-vint (.sic) dix-neuf minutes; en effet, les épisodes sont intitulés ‘Première minute’, ‘Seconde minute’, etc., mais il n’y en a que dix-neuf en tout.</ex>
<res>
<r_p>Ire personne, avec des récits Ire personne par d’autres personnages;</r_p>
<r_pl>France;</r_pl>
<r_n>mademoiselle de F..., la marquise de *, Louise, Julie;</r_n>
<r_c>intrigues galantes;</r_c>
<r_s>ton léger.</r_s>
</res>
</entry>
</document>

<document>
<entry>
<id>66.7</id>
<ti>Voyage de Robertson aux terres australes, traduit sur le manuscrit anglois</ti>
<det>
<pl>Amsterdam,</pl>
<y>1766,</y>
<f>in- 12,</f>
<p>474p.</p>
</det>
<bib>BNt CorrL mars 1767 B Gove Messac Q Wijngaarden</bib>
<res>
<r_p>Ire personne;</r_p>
<r_pl>Angleterre, Amérique du Sud (XVIe siècle);</r_pl>
<r_n>le chevalier Drake, Taumelli, Léna, Lilie;</r_n>
<r_c>voyages, utopie, discussions sur l’organisation de l’Etat.</r_c>
</res>
<ae>
<ae_ae>Autres éditions:</ae_ae>
<ae_se>— Amsterdam, 1767, in - 12, 474p. (At, BM, BNt, Gove, Streeter). Paraît être l’édition de 1766 avec un nouveau frontispice. — Amsterdam, 1767, in - 12, 280p. (BNt)</ae_se>
</ae>
</entry>
</document>

<document>
<entry>
<id>66.8</id>
<au>
<a>AILÉ</a>
</au>
<ti>Œuvres diverses de M. Ailé</ti>
<det>
<pl>Paris,</pl>
<pb>Claude Hérissant,</pb>
<y>1766,</y>
<f>2 t. in - 12,</f>
<p>39 + 156, 145p.</p>
</det>
<bib>BM BNt CatH v 1766 Q</bib>
<ex>Le t. II a une page de titre à part:</ex>
<ti>Histoire de Mégabale, par monsieur Ailé C.D.H.J.G.E.L.M.D.P.,</ti>
<det>
<pl>Londres &amp; Paris,</pl>
<pb>Dessain junior,</pb>
<y>1766,in-</y>
<f>12,</f>
<p>179p.</p>
</det>
<res>
<r_c>T. I. vers, tragédies; t. Il, Histoire</r_c>
<r_p>de Mégabale: 3e personne;</r_p>
<r_c>cadre oriental fantaisiste; carrière politique et militaire d’un grand roi;</r_c>
<r_s>allégorie de la vie politique (selon l’auteur).</r_s>
</res>
</entry>
</document>

<document>
<entry>
<id>66.9</id>
<au>
<a>ARNAUD, François-Thomas-Marie de Baculard d’</a>
</au>
<ti>Sidnei et Silli ou la bienfaisance et la reconnaissance, histoire anglaise, suivie d’odes anacréontiques, par l’auteur de Fanni</ti>
<det>
<pl>Amsterdam &amp; Paris,</pl>
<pb>Lacombe,</pb>
<y>1766,</y>
<f>in - 12,</f>
<p>xvi + 223p.</p>
</det>
<bib>A BM BNt AL 1766 II 195 - 210; CatH x 1766; CorrL fév. 1766 et déc. 1770; LV B Delcro Dufrenoy Inklaar Q</bib>
<res>
<r_p>Cadre Ire personne, avec récit principal à la Ire personne, mais virant à la 3e;</r_p>
<r_pl>France, Indes;</r_pl>
<r_n>Sidnei, Silli, Julie;</r_n>
<r_c>malheurs, aventures romanesques;</r_c>
<r_s>sensibilité effrénée, vertu, bienfaisance.</r_s>
</res>
<ae>
<ae_ae>Autres éditions:</ae_ae>
<ae_se>- Londres &amp; Paris, Lesclapart, s.d., in-12 (A, BN, Dufrenoy 11765], Mornet [1766]) — Amsterdam, B. Vlain, 1766, 116p. (ICN) — Leipzig, M.G. Weidmann et Reich, 1766, 150p. (CU. ICU, PPULC) - Sidney et Volsan, histoire anglaise, par monsieur d’Arnaud, Paris, Le Jay, 1770, in-8 (BM, BN, Dufrenoy). Repris dans le t. II des Epreuves du sentiment, 1772 (v. ce titre, 70.21, pour d’autres rééditions). ds Romans moraux pour servir de supplément à la Bibliothèque de campagne, l. III, Francfort sur le Meyn, François Varrentrapp, 1771, in - 12, 83p. (At)</ae_se>
</ae>
</entry>
</document>

<document>
<entry>
<id>66.10</id>
<au>
<a>BENOIST, Françoise-Albine Puzin de La Martinière, madame</a>
</au>
<ti>Célianne ou les amans séduits par leurs vertus, par l’auteur i’Elisabeth</ti>
<det>
<pl>Amsterdam,</pl>
<pb>Arkstée et Merkus,</pb>
<y>1766,</y>
<f>4 part, in - 12,</f>
<p>214, 196,234,208p.</p>
</det>
<bib>At BNt AL 1766 III 325 -331; CatH xxvi 1766; CorrL mai 1766; LV B Delcro Gay Mornet Q</bib>
<res>
<r_p>3e personne, avec quelques lettres:</r_p>
<r_pl>France;</r_pl>
<r_n>Célianne, Mozime;</r_n>
<r_c>intrigue sentimentale (deux amoureux vertueux renoncent à se voir pour ne pas succomber à la tentation);</r_c>
<r_s>analyse des sentiments.</r_s>
</res>
<ae>
<ae_ae>Autre édition :</ae_ae>
<ae_se>- Paris, aux dépens de la Compagnie, 1768 (BMt)</ae_se>
</ae>
</entry>
</document>

<document>
<entry>
<id>66.11</id>
<au>
<a>BENOIST, Françoise-Albine Puzin de La Martinière, madame</a>
</au>
<ti>Elisabeth, roman par madame *♦*</ti>
<det>
<pl>La Haye &amp; Paris,</pl>
<pb>Cuissart,</pb>
<y>1766,</y>
<f>in - 12,59p.</f>
</det>
<bib>A BNt AL 1766 II 232-242; CatH 1 1765; LV B Delcro Gay Momet Q</bib>
<res>
<r_p>Lettres;</r_p>
<r_pl>Elizabeth,</r_pl>
<r_n>le chevalier de Luzan, Henriette d’AIbi;</r_n>
<r_c>intrigue sentimentale;</r_c>
<r_s>sensibilité, analyse des sentiments.</r_s>
</res>
<ae>
<ae_ae>Autre édition:</ae_ae>
<ae_se>— Amsterdam, Arkstée et Merkus, 1766, 4 part, in - 12, 164, 160, 180, 160p. (At, BM)</ae_se>
</ae>
</entry>
</document>

<document>
<entry>
<id>66.12</id>
<au>
<a>BODIN DE BOISMORTIER, Suzanne</a>
</au>
<ti>Histoire de Jacques Féru et de valeureuse damoiselle Agathe Mignard, écrite par un ami d’iceux avec des airs notés</ti>
<det>
<pl>A Balivernopolis,</pl>
<f>in - 12,</f>
<p>62p.</p>
</det>
<bib>BMt BNt CatH xv 1766; CorrL déc. 1766; LV B Gay Mornet Q</bib>
<ex>Dans l’exemplaire du BM les airs occupent les pages 61 - 66.</ex>
<res>
<r_p>Ire personne, mais ce n’est pas le personnage principal qui</r_p>
<r_pl>raconte;</r_pl>
<r_n>Ambroise Incour, Jacques Féru;</r_n>
<r_c>aventures comiques;</r_c>
<r_s>langue ancienne ( "manuscrit du XlVe siècle").</r_s>
</res>
</entry>
</document>

<document>
<entry>
<id>66.13</id>
<au>
<a>CERFVOL, de</a>
</au>
<s>m</s>
<ti>Chimerandre, l’antigrec, fils de Bacha. Bilboquet ou les équivoques de la langue françoise, nouvelle refonte</ti>
<det>
<pl>Londres &amp; Paris,</pl>
<pb>chez les libraires,</pb>
<y>1766,</y>
<f>in - 12,</f>
<p>xii » 178p.</p>
</det>
<bib>BNt Q</bib>
<ex>BN et Q donnent comme date: ‘ vers 1766 .</ex>
<res>
<r_c>En marge: récit facétieux où les mots susceptibles d’être interprétés de deux façons sont affublés de compléments illustrant le sens contraire à celui appelé par le contexte</r_c>
<r_st>(par ex.: ‘Le dîner pétilla d’esprit de vin ’). Cf. d’autres ouvrages dans le même style: Histoire de Camouflet, 51.5; Bièvre, Lettre écrite à madame la comtesse Talion, 70.28; Saint-Chamond, Ah! que c’est bête, 76.46.</r_st>
</res>
</entry>
</document>

<document>
<entry>
<id>66.14</id>
<au>
<a>CHIN1AC DE LA BASTIDE, Jean-Baptiste de</a>
</au>
<ti>Le miroir fidèle ou entretiens d’Ariste et de Philindor. Cet ouvrage renferme des réflexions politiques et morales avec un plan abrégé d’éducation opposé aux principes du citoyen de Genève. Par M. le chevalier de C*** de La B***</ti>
<det>
<pl>Amsterdam &amp; Paris.</pl>
<pb>Claude Hérissant,</pb>
<y>1766,</y>
<f>2 part, in-12,</f>
<p>220, 281p.</p>
</det>
<bib>BNt CatH iii, xiii 1766 B Q</bib>
<res>
<r_c>Dialogues entre Ariste et Philindor où les moeurs sont critiquées et qui sont émaillés de</r_c>
</res>
<ti>petites anecdotes arrivées aux deux interlocuteurs.</ti>
<ae>
<ae_ae>Par ex.:</ae_ae>
<ae_se>pp.l 10 - 124, Histoire de Lucinde d’Astur, 127 - 144, Histoire de Marc d’Angel; 148 - 165, Songe.</ae_se>
</ae>
</entry>
</document>

<document>
<entry>
<id>66.15</id>
<au>
<a>CONTANT D’ORVILLE, André-Guillaume</a>
</au>
<ti>La destinée ou mémoires du lord Kilmarnoff. traduits de l’anglois de miss Voodwill par M. Contant d’Orville</ti>
<det>
<pl>France,</pl>
<y>1766,2</y>
<f>part, in - 12,</f>
<p>xxiv-t- 184, 246p.</p>
</det>
<bib>BM BNt66.15 AL 1766 VI 269-288; CatH lü 1766; CorrL oct. 1766; LV Delcro Gove Momet Q Rochedieu Streeter</bib>
<ex>Streeter classe ce titre parmi les traductions supposées. Rochedieu l’attribue à miss Woodwill, auteur qu’il n’a pu identifier, et suggère qu’il s’agit peut-être d’un extrait des Memoirs of the Livesand Families o) the Lords Kilmarnock, Cromartie and Balmerino, 1746.</ex>
<res>
<r_p>Ire personne, mémoires entrecoupés de récits;</r_p>
<r_pl>cadre anglais</r_pl>
<r_n>(Allemagne, Amérique, etc., dans les récits); Miss Lucie, Miss Léarding, Lord Derby, Sutterson;</r_n>
<r_c>aventures romanesques, malheurs;</r_c>
<r_s>mélancolie, sensibilité (à la manière de Prévost).</r_s>
</res>
<ae>
<ae_ae>Autre édition:</ae_ae>
<ae_se>— Le jeune infortuné ou mémoires..., 1776 (Gove, Momet)</ae_se>
</ae>
</entry>
</document>

<document>
<entry>
<id>66.16</id>
<au>
<a>CONTANT D’ORVILLE, André-Guillaume</a>
</au>
<ti>Le mariage du siècle ou lettres de madame la comtesse de Castelli à madame la baronne de Fréville, par Monsieur Contant d’Orville En</ti>
<det>
<pl>Amsterdam &amp; Paris,</pl>
<pb>Ch. J. Panckoucke.</pb>
<y>1766,</y>
<f>2 t. in - 12,</f>
<p>xvi ♦ 309, 240p.</p>
</det>
<bib>At BM AL 1766 V 122 - 143; CatH xxxv 1766; CorrL oct. 1766; LV B Delcro Gay Momet Q</bib>
<res>
<r_p>Lettres;</r_p>
<r_pl>Paris;</r_pl>
<r_n>le baron de Saintpré, Pauline, Mme Liébault, le comte de Castelli, madame Destournelles;</r_n>
<r_c>intrigue mondaine, critique des moeurs, la vertu aux prises avec la méchanceté et le vice;</r_c>
<r_s>sensibilité passionnée.</r_s>
</res>
<ae>
<ae_ae>Autre édition:</ae_ae>
<ae_se>- En France, 1767, 2 part, in - 12 (A)</ae_se>
</ae>
</entry>
</document>

<document>
<entry>
<id>66.17</id>
<au>
<a>DE FOE, Daniel</a>
<ed>adapt. par Aimé-Ambroise-Joseph nt FEUTRY</ed>
</au>
<ti>Robinson Crusoé, nouvelle imitation de l’anglois par M. Feutry</ti>
<det>
<pl>Amsterdam &amp; Paris,</pl>
<pb>Durand,</pb>
<y>1766,</y>
<f>2 t. in- 12,</f>
<p>iv ♦ 219, 204p</p>
</det>
<bib>At AL 1766 111 133 - 140; CatH xiii 1766; LV Q</bib>
<ex>Rochedieu Feutry s’est servi de la première traduction française, par Saint-Hyacinthe et Van Effen (v. 51. R15 ), de The Life and Surprising Adventures of Robinson Crusoe, 1719. Il s’est proposé de dégager l’ouvrage de ‘tout ce qu’on a imaginé y avoir de superflu’. AL: ‘On ne saurait trop remercier M. Feutry d’avoir débarrassé ce Roman du fatras de l’ancienne traduction.’ Selon W.E. Mann, Robinson Crusoé en France, 1916, Feutry a ajouté quelques morceaux de son propre cru. V. aussi une autre adaptation par Savin, 67.25; et deux nouvelles traductions, 95.17 et 97.20.</ex>
<res>
<r_c>Le roman de Defoe en raccourci</r_c>
</res>
<ae>
<ae_ae>Autres éditions:</ae_ae>
<ae_se>- Francfort, 1769, 4t. in-8, relié avec les Mémoires du chevalier de Kilpar (ou Nouveau Robinson) de Gain de Montagnac; v. 68.29 (NN, B, Mann, Q; Rochedieu donne 1764 pour cette édition, sans doute par erreur). - 2e édition, Lille, J.-B. Henry, 1775, 2t. in-12 (BM, BN, Rochedieu) - 3e édition, Paris, Mérigot, 1780, 2t. in-12 (BN, B, Rochedieu) — Liège, D. de Boubers, 1784 (MB). Selon l’article du NUC, le premier tome porte la date de 1785, mais les autres portent 1784, (Il se peut donc que ce premier tome a partienne à l’édition de 1785, v. ci-dessous.) Les t.II et III portent: Nouvelle traduction parM. Feutry. - ... nouvelle édition, revue et corrigée, et augmentée de l’histoire d’Alexandre Selkirk. Liège, 1785, 4t. in-8 (Bruxelles, Neuchâtel, MiU) - 5e édition, 1788, 3t. gr. in-12 (Q) - 5e édition, tous les libraires associés, 1800, 2t. (InU, MiUt) - Paris, impr. d’Orizet, 1807, 2t. in—18 (Q) - Paris, Pillot, 1808 (Q). L’édition de 1807 avec un nouveau frontispice. - Le Robinson de la jeunesse.... Liège, F. Lemarié, 1809, 4t. in-18 (BN)</ae_se>
</ae>
</entry>
</document>

<document>
<entry>
<id>66.18</id>
<au>
<a>DELACROIX, Jacques-Vincent</a>
</au>
<ti>Mémoires du chevalier de Gonthieu, publiés par M. de La Croix</ti>
<det>
<pl>A Tunquin,</pl>
<y>1766,</y>
<f>in - 12,</f>
<p>xii + 204p.</p>
</det>
<bib>At BMt BNt AL 1766 V 15 - 24; CatH xxx 1766; CorrL mai 1766; LV B Delcro Mornet Q</bib>
<res>
<r_p>Ire personne (mémoires);</r_p>
<r_pl>France;</r_pl>
<r_n>Mlle de Roussi, Mlle Dujaucourt, le chevalier de Gonthieu;</r_n>
<r_c>amours contrariées;</r_c>
<r_s>sensibilité, mélancolie.</r_s>
</res>
</entry>
</document>

<document>
<entry>
<id>66.19</id>
<au>
<a>DUBOIS-FONTANELLE, Joseph-Gaspard</a>
</au>
<ti>Aventures philosophiques</ti>
<det>
<pl>Florence &amp; Marseille,</pl>
<pb>J. Mossy</pb>
<pl>&amp; Cavaillon,</pl>
<pb>Sébast. Joseph Ducry,</pb>
<y>1766,</y>
<f>2 part, in- 12,</f>
<p>208, 219 (pour 209) - 43 Ip.</p>
</det>
<bib>A BNt CatH xv 1766; CorrL déc. 1766; LV Dufrenoy Gove</bib>
<ae>
<ae_se>Mornet B, Delcro, Q donnent 1765 - erreur pour 1766? V. Revue du XVIIle siècle, II, 1914, 187 - 204, 291 - 306, pour une édition moderne. 3e personne; Dauphiné, Paris, Afrique, Amérique du Sud; M. Léonard, M. Bontems, M. Tonquin, M. Sensé; voyages, aventures romanesques; ton satirique, thèmes philosophiques. A la manière de Candide (l’auteur prétend qu ’il a écrit son ouvrage avant Voltaire).</ae_se>
</ae>
</entry>
</document>

<document>
<entry>
<id>66.20</id>
<au>
<a>DUCRY, Sébastien-Joseph</a>
</au>
<res>
<r_c>Amusement curieux et divertissant propre à égayer l’esprit ou fleurs de bons mots, contes à rire, valeur héroique &amp;c., le tout sans obscénité, afin que les personnes de tout état puissent en faire leurs récréations, recueilli par D****, jadis imprimeur de l’escadre du Roi à l’expédition</r_c>
<r_s>de Minorque</r_s>
</res>
<det>
<pl>Londres,</pl>
<pb>aux dépens de la Compagnie,</pb>
<y>1766,</y>
<f>3 t. in - 8,</f>
<p>400, 434, 207p.</p>
</det>
<bib>BMt BNt CatH xi 1766; CorrL juin 1766 B Gay</bib>
<ex>Les exemplaires de 1766 de la BN et du BM comportent un ‘Avertissement sur cette nouvelle édition’. D’après toutes nos références, cependant, l’ouvrage semble bien avoir paru en 1766.</ex>
<res>
<r_p>Ire personne (mais le narrateur n’est pas le personnage principal). avec récits intercalés Ire personne;</r_p>
<r_pl>Normandie, Paris, Hollande, Russie... ;</r_pl>
<r_n>Jérôme (fils de cordonnier), Wiston. don Diego, Rachel;</r_n>
<r_c>voyages, aventures romanesques et comiques, critique des mœurs et des institutions (de l’église surtout);</r_c>
<r_s>ton satirique, thèmes philosophiques.</r_s>
</res>
<ae>
<ae_ae>Autres éditions:</ae_ae>
<ae_se>— Florence &amp; Marseille, J. Mossy &amp; Cavaillon, Sébastien-Joseph Ducry, 1770, 2 part, in-12, 208, 219-431p. (BN: t.II seulement, La Hayet, Gay, Q) - 2e édition, Paris, Langlois, 1770 (ICN, PP, Gay) — Florence, 1772 (Gay) - Quatrième édition augmentée, Paris, Langlois &amp; Marseille, Mossy, 1774, 2 part. On a ajouté une vingtaine de paragraphes à chaque partie. (BMt, Gay) - Florence, 1775 (Gay) - Paris, Langlois, 1782 (Gay) — Paris &amp; Marseille, 1782 (Slatkine). Cf. édition précédente. - Rouen, Labbey, 1787 (BMt) Marseille, J. Mossy, (s.d.), 2 t. in - 12 (BN, B) Montbéliard, Deckherr frères, (s.d.), in-12 (BN: absence constatée 1946)</ae_se>
</ae>
</entry>
</document>

<document>
<entry>
<id>66.21</id>
<au>
<a>DU L AU RENS, abbé Henri-Joseph</a>
</au>
<ti>Le compère Mathieu ou les bigarrures de l’esprit humain</ti>
<det>
<y>1766,</y>
<f>in - 8 ou in - 12</f>
</det>
<bib>At CorrL fév. 1766 B Gay Q</bib>
<ex>CorrL: ‘On a imprimé en Hollande une Histoire du Compère Mathieu qu’on ne trouve pas à Paris’. Pour les détails des éditions, nous avons eu recours à l’étude de M.L.T. Barber, A.critical study of II.J. Dulaurens’s Le Compère Mathieu (thèse inédite de B. Litt, de l’Université d’Oxford); et aux renseignements du docteur F.L. Mars.</ex>
<res>
<r_c>En prose ou en vers?</r_c>
</res>
<ae>
<ae_ae>Autres éditions:</ae_ae>
<ae_se>- Londres, aux dépens de la Compagnie, 1766, 3t. in-8 212, 159, 148p. (Edinburgh) - Londres, aux dépens de la Compagnie, 1770, 3t. in-12 (London Lib.: t.I seulement, NcU, Gay) - 1771 (Gay) - Londres, aux dépens de la Compagnie, 1772, 3t. in-8 (A, BMf, LV, Gay). LV et Gay donnent le titre: Bigarrures de l’esprit humain, Par erreur, le t.I porte la date de 1732 (MDCCXXXII) au lieu de ‘MDCCLXXII’. Version abrégée. - ... nouvelle édition, Londres, aux dépens de la Compagnie, 1772, 3t. in-8, 193, 205, 211p. (Angers) - ... nouvelle édition, Londres, aux dépens de la Compagnie, 1772, 3t. in-8, 253, 270, 268p. (Mazarine) - Londres, 1773, 3t. in-12 (Delcro, Gay, Q) - ... nouvelle édition, Londres, aux dépens de la Compagnie, 1775, 3t. in-8, 256, 272, 270p. (BN: t.I seulement, Amiens) - ... nouvelle édition, Malte, aux dépens du Grand-Maître, 1776, 3t. in-8 (Gay, Librairie P. Jammes, Le bûcher bibliographique n° 425) - Londres, aux dépens de la Compagnie, 1777, 3t. in-8 (BNt, Gay) - ... nouvelle édition, Londres, aux dépens de la Compagnie, 1777, 3t. in-12 (BM). Version abrégée. - Londres, 1777, 3t. in-12 (NcD) - Malthe, aux dépens du Grand-Maître, 1786, 4t. in-18, 186, 162, 121, 172p. (Genève, Cohen, Gay) - ... nouvelle édition, Malthe, aux dépens du Grand-Maître, 1787, 4t. in-18 (Grenoble, NcD) - ... nouvelle édition, revue, corrigée et augmentée, Paris, les libraires associés, 1788, 3t. in-12 (BMt). Le t.I est daté par erreur 1778. En dépit de la page de titre, c’est la version abrégée, sans aucune augmentation. - ... nouvelle édition, Malthe, aux dépens du Grand-Maître, 1793-95, 4t. in-18, 179, 156, 178, 173p. (BMt). C’est le t.IV qui est daté 1795, peut-être par erreur. Dans certains exemplaires le page de titre du t.I porte: AUN (sic) DÉPENS ... - Paris &amp; Hambourg, 1793-97, 4t. in-16 (Librairie M. Rossignol, Cat. 97). NjP possède une édition de 1793-Paris, Dufart, 4t. - qui pourrait être la même. - Paris, Bouqueton, 1793, 4t. in-18 (Tricotel) - ... nouvelle édition, revue, corrigée et augmentée, à laquelle on a réuni les Abus dans les cérémonies, Blois, Jean-François Billault, an 2, 3t. in-8 (CtY, NcD, NjP) - Paris, 1795, 4t. in-18 (MH, Gay, Q) - Paris, Patris et Gilbert, 1796, 3t. in-12 (BM). Selon Gay et Q, la même édition a paru en 3t. in-8. - Paris, Le Prieur, an V, 4t. (MH) - Paris, Dufart, an 6-1798, 4t. in-18, iv + 259, 242, 245, 214p. (Reims, NjPt) - Paris, an IX, 4t. in-12 (BMt). Le catalogue du BM donne, par erreur, 1791. - Lyon, Blache et Boget, 1810, 4t. in-18 (BN). Version abrégée - Avignon, 1813, 4t. in-18 (Gay, Q)</ae_se>
</ae>
</entry>
</document>

<document>
<entry>
<id>66.22</id>
<au>
<a>FRAMERY, Nicolas-Etienne</a>
</au>
<s>*</s>
<ti>Le passé, le présent et l’avenir, conte</ti>
<det>
<pl>Paris,</pl>
<pb>Ganeau,</pb>
<y>1766,</y>
<p>iv + viii + 221p.</p>
</det>
<bib>B Delcro Q</bib>
<res>
<r_st>Quarante petits récits édifiants, par exemple: L’orphelin indocile, L’esclave mal-avisé, Le somnambule, L’astronome chez les Lapons, etc.</r_st>
</res>
</entry>
</document>

<document>
<entry>
<id>66.23</id>
<ti>GIRAUDEAU, le père Bonaventure Histoires et paraboles du P. Bonaventure</ti>
<det>
<pl>Athènes &amp; Paris,</pl>
<pb>Cailleau,</pb>
<y>1766,</y>
<f>in - 12,</f>
<p>xxiv + 167p.</p>
</det>
<bib>NjNbSt Q</bib>
<ex>Q indique des éditions en vers pour 1769, 1770, 1776.</ex>
<res>
<r_p>3e personne:</r_p>
<r_pl>cadre grec:</r_pl>
<r_n>Candidamentor, Eugénie, Cynthie, Aglaé;</r_n>
<r_c>peinture des mœurs:</r_c>
<r_s>ton satirique.</r_s>
</res>
<ae>
<ae_ae>Autres éditions:</ae_ae>
<ae_se>- Paris, Ganeau, 1768, in-12, 221p. (BNf) - Paris, Despilly, 1773, in-12, 21 lp. (BN) - Rouen, veuve Pierre Dumesnil, Labbey, 1782, in-12, 221p. (BM) - Paris, veuve Pierre Dumesnil, Labbey, 1785, in-12, 221p. (BN) - Rouen, Pierre Dumesnil, 1786, 221p. (Oront) - Paris, 1813 (Q) - Lyon, 1813 (Q) - Besançon, 1820, 2 part, in-8 (BM) Le catalogue de la BN indique 24 rééditions entre 1811 et 1903.</ae_se>
</ae>
</entry>
</document>

<document>
<entry>
<id>66.24</id>
<au>
<a>HARNY DE GUERVILLE</a>
</au>
<ti>Candidamentor ou le voyageur grec, histoire traduite du grec, contenant des événemens singuliers et intéressans</ti>
<det>
<pl>Amsterdam &amp; Paris,</pl>
<pb>L’Esclapart et veuve Duchesne,</pb>
<y>1766,</y>
<f>in - 12,</f>
<p>x + 220p.</p>
</det>
<bib>A BNf CatH xxi 1766 B Drujon Dufrenoy Mornet Q</bib>
<res>
<r_st>Contes moraux: pp.l - 47, Les deux vertus, conte; 48-69, Le mari qui a raison et qui a tort, conte; 70-111, Le triomphe du talent; 113-161, Les sept merveilles, conte qui n’est pas merveilleux; 162 - 203, Le nouveau Pigmalion, histoire véritable. Avec des poésies et un Alphabet philosophique.</r_st>
</res>
</entry>
</document>

<document>
<entry>
<id>66.25</id>
<au>
<a>JULLIEN, Jean-Auguste, dit</a>
</au>
<ti>Desboulmiers De tout un peu ou les amusements de la campagne, par l’auteur de Rose</ti>
<det>
<pl>Londres,</pl>
<y>1766,</y>
<f>6 part, en 3 t. in-12,</f>
<p>128, 129-243, 112, 113-200, 113, 115-216p.</p>
</det>
<bib>A BNf AL 1765 VII 257-284; CatH 1765 xlix 1765; CorrL nov. 1765; LV B Delcro Gay Momet Q</bib>
<ex>Une suite a été publiée en 1768.</ex>
<res>
<r_p>Ire partie: lettres avec récit intercalé, Ile partie: I re personne (mais le narrateur n ’est pas le personnage</r_p>
<r_pl>principal):</r_pl>
<r_n>Bruxelles, La Haye: le marquis de Solanges, Saint-Félix, M. de Juliers (ambassades, cours);</r_n>
<r_c>aventures romanesques et sentimentales:</r_c>
<r_s>sensibilité, malheurs.</r_s>
</res>
<ae>
<ae_ae>Autres éditions:</ae_ae>
<ae_se>— ... campagne par l’auteur des Mémoires du marquis de Solanges, Amsterdam &amp; Paris, Le Jay, 1768 2t. in-12 (A, BNt). Le t.II renferme une Suite de De tout un peu (v. 68.32) — Toulouse, Laporte, 1776, 2t. in-12, 192, 220p. (Wachs, Gay) — ‘Le titre de cet ouvrage a été rafraîchi en 1776, sous la rubrique d’Amsterdam et Bordeaux, chez Romain Lemaître’ (Q).</ae_se>
</ae>
</entry>
</document>

<document>
<entry>
<id>66.26</id>
<au>
<a>JULLIEN, Jean-Auguste, dit</a>
</au>
<ti>Desboulmiers n Honny soit qui mal y pense ou histoires des filles célébrés du XVIIIe siècle</ti>
<det>
<pl>Amsterdam &amp; Paris,</pl>
<pb>L’Esclapart le jeune et veuve Duchesne.</pb>
<y>1766,</y>
<f>2 part, in-12,</f>
<p>262, 299p.</p>
</det>
<bib>BMt Gay</bib>
<ae>
<ae_ae>Édition augmentée:</ae_ae>
<ae_se>les deux derniers tomes sont nouveaux. Pour les détails des autres éditions, v. 61.8. II, 1-54 /Épisode sans titre 1 ; 55-112, Histoire de madame de R.... appellée ci-devant la comtesse de L...; 112-181, Histoire de Cécile; 182-200, Histoire d’Adrienne Le C.... III, 1-64, Histoire de Justine; 65-216, Histoire d’Amélie et d’Angélique, avec (interpolée, 166-188) Histoire d’Henriette Lowston.</ae_se>
</ae>
</entry>
</document>

<document>
<entry>
<id>66.27</id>
<au>
<a>JULLIEN, Jean-Auguste, dit Desboulmiers</a>
</au>
<ti>Mémoires du marquis de Solanges</ti>
<det>
<pl>Amsterdam &amp; Paris,</pl>
<pb>Durand,</pb>
<y>1766,</y>
<f>4 part, in - 12,</f>
<p>268, 253, 281,205 + 34p.</p>
</det>
<bib>A BNt AL 1766 IV 99 - I II; CatH xxvi 1766; CorrL mai 1766; LV Delcro Gay Momet Q66.27</bib>
<res>
<r_p>Lettres;</r_p>
<r_pl>Angleterre;</r_pl>
<r_n>Honora Warrington, mylady Rosamor. miss Polly;</r_n>
<r_c>intrigues de famille, aventures romanesques;</r_c>
<r_s>sensibilité.</r_s>
</res>
<ae>
<ae_ae>Autres éditions:</ae_ae>
<ae_se>1766, 151, 171p. (A, BMt) — Amsterdam. Rey, 1767, 2 t. in-12 (NN) - 2de édition, Paris, Lejay, 1769, 2t. in-12 (A) Londres. 1786, 4 part, in-12 (NN)</ae_se>
</ae>
</entry>
</document>

<document>
<entry>
<id>66.28</id>
<au>
<a>LEFEBVRE DE BEAUVRAY, Claude-Rigobert</a>
</au>
<ti>Histoire de miss Honora ou le vice dupe de lui-même</ti>
<det>
<pl>Lyon,</pl>
<pb>Pierre Bruyset Ponthus,</pb>
<y>1766,</y>
<f>in - 12,</f>
<p>324p.</p>
</det>
<bib>A BNt AL 1766 I 296-304; CatH vii 1766; CorrL fév. 1766; LV B Delcro Gay Q Streeter</bib>
<ex>Attribué aussi à l’abbé Simon-Augustin Irailh. Dans AL 1766 1 305 - 307, Lefebvre de Beauvray désavoue la version imprimée d’un ouvrage qu’il aurait dicté en 1765. Plus loin (pp.307 - 308) on lit que le roman est de deux auteurs, ‘d’un aveugle et d’un clairvoyant’. (Lefebvre de Beauvray était aveugle.)</ex>
<res>
<r_c>Lettres, dont certaines fort longues où la baronne raconte sa vie;</r_c>
<r_s>madame de</r_s>
<r_n>Batteville, M. du Castelet, le chevalier d’Aumont;</r_n>
<r_c>intrigues sentimentales;</r_c>
<r_s>intentions moralisatrices et pieuses.</r_s>
</res>
</entry>
</document>

<document>
<entry>
<id>66.29</id>
<au>
<a>LEPRINCE DE BEAUMONT, madame Marie</a>
</au>
<ti>Mémoires de madame la baronne de Batteville ou la veuve parfaite par madame Le Prince de Beaumont</ti>
<det>
<pl>Genève &amp; Nancy,</pl>
<pb>Leclerc</pb>
<pl>&amp; Paris,</pl>
<pb>Merlin,</pb>
<y>1766,</y>
<f>in - 8,</f>
<p>60p.</p>
</det>
<bib>A BM BNt CatH 1 1765; LV Delcro Gay Momet Q</bib>
<res>
<r_p>3e personne:</r_p>
<r_pl>Périgord;</r_pl>
<r_n>Basile, Lucie, Amélie, Allard (famille d’un laboureur);</r_n>
<r_c>vie heureuse de gens simples et vertueux;</r_c>
<r_s>intentions moralisatrices, sensibilité.</r_s>
</res>
<ae>
<ae_ae>Autres éditions:</ae_ae>
<ae_se>- Lyon &amp; Liège, J.-F. Bassompierre, 1766, in - 12, iv+ 375p. (BNt) - Londres, Nourse, 1766, in-12 (BM) — Leipzig, Wiedmann, 1766, in-12 (Q) — Amsterdam, Vlam, 1768, 2 t. in - 12 (Boulogne)</ae_se>
</ae>
</entry>
</document>

<document>
<entry>
<id>66.30</id>
<au>
<a>LEZAY-MARNÈZIA, Claude-François-Adrien, marquis de</a>
</au>
<ti>L’heureuse famille, conte moral</ti>
<det>
<pl>Amsterdam &amp; Paris,</pl>
<pb>L’Esclapart le jeune, veuve Duchesne,</pb>
<y>1766,</y>
<f>2 part, in-12,</f>
<p>xii+ 208, 206p.</p>
</det>
<bib>A BNt CatH xx 1766; CorrL sept. 1766; LV B</bib>
<ex>0 Momet donne la date de 1 760 - pour 1766? Attribué aussi à Charlotte-Antoinette de Bressey, marquise de Lezay-Mamézia; et à Marmontel (v. Autres éditions, ci-dessous).</ex>
<res>
<r_p>lrc personne (mémoires), avec récit intercalé Ire personne;</r_p>
<r_pl>province;</r_pl>
<r_n>M. de l’Orme, M. de Roche-Ecueil, Henriette, Zelincourt;</r_n>
<r_c>malheurs d’une jeune fille, aventures romanesques, intrigue sentimentale; intentions moralisatrices. (L’héroïne finit par devenir religieuse, d’où le titre.)</r_c>
</res>
<ae>
<ae_ae>Autres éditions:</ae_ae>
<ae_se>- ... par M*** de G...., Copenhague, Cl. Philibert, 1768, pp.49 - 87 (BMt) (L’éditeur allait publier ce conte avec les œuvres de Marmontel; en apprenant que celui-ci n’en était pas l’auteur, il l’a publié séparément mais avec le numérotage original.) Brureres, Vivot, 1809, in - 8, 36p. (BMt)</ae_se>
</ae>
</entry>
</document>

<document>
<entry>
<id>66.31</id>
<au>
<a>LONGCHAMPS, abbé Pierre Charpentier de</a>
</au>
<ti>Mémoires d’une religieuse écrits par elle-même et recueillis par M. de L...</ti>
<det>
<pl>Paris.</pl>
<pb>Merlin,</pb>
<y>1766,</y>
<f>2 t. in - 8,</f>
<p>lxxix + 304, 415p.</p>
</det>
<bib>A BNt AL 1766 V 177 - 186; CatH xxx 1766; CorrL mai 1766; LV B Delcro Gay Momet Q</bib>
<ex>Gay donne également: Amsterdam, 1725. Serait-ce une erreur pour 1785 (v. Autres éditions, ci-dessous)?</ex>
<res>
<r_p>3e personne;</r_p>
<r_pl>royaume de Benni (entre</r_pl>
<r_n>la rivière de Rio-Formo zo et le Cap Lagos); Trémissa, Tambur, Ningo, Koky;</r_n>
<r_c>intrigues de cour, guerres, histoires d’amour, éléments merveilleux;</r_c>
<r_s>considérations politiques.</r_s>
</res>
<ae>
<ae_ae>Autres éditions:</ae_ae>
<ae_se>- La soeur Adélaïde, ses égare mens et ses vertus, ses foiblesses ct son repentir, ouvrage posthume du plus éloquent écrivain de ce siècle, Au Paraclet &amp; Neuchâtel, Jér. Witel, 1785, in-12 (At, B, Gay, Mornet). — La soeur Adélaïde..., Basle, Flick, 1 785, xiv + 237 (pour 267)p. (ISRt)</ae_se>
</ae>
</entry>
</document>

<document>
<entry>
<id>66.32</id>
<au>
<a>LUCA1N</a>
<trd>trad. par Jean-François MARMONTEL</trd>
</au>
<s>mnt</s>
<ti>La Pharsale, traduite en françois par M. Marmontel de l’Académie françoise</ti>
<det>
<pl>Amsterdam &amp; Paris,</pl>
<pb>Grangé,</pb>
<y>1766,</y>
<f>in - 12,</f>
<p>I 14p.</p>
</det>
<bib>BM BNt CatH x 1766; CorrL avril 1766 Blanc Q</bib>
<tr>Traduction en prose de M.A. Lucani Pharsalia. Une autre traduction a été publiée par Masson (v. 65.32).</tr>
<ae>
<ae_ae>Autres éditions:</ae_ae>
<ae_se>- Paris, 1767,2 t. in-12(BM) - 1770 (Blanc) -Liège, 1777,2 t. in - 12 (Q) _ Paris, 1780, 2 t. in - 8 ou in - 12 (Q) - ds Œuvres complettes, t. Xli - XIV, Paris, Née de La Rochelle, 1787 (BM, BN, Gay, Lenel, Q) -ds Œuvres, t. XI, Paris, Verdière, 1818 - 1819 (BM, BN, Q) - ds Œuvres, t. XI, Paris, A. Costes, 1819 (BN) - ds Œuvres, Paris, A. Belin, 1819 - 1820 (BM, BN, Q)</ae_se>
</ae>
</entry>
</document>

<document>
<entry>
<id>66.33</id>
<au>
<a>LUCHET, Jean-Pierre-Louis de La Roche du Maine, marquis de</a>
</au>
<ti>La reine de Benni, nouvelle historique</ti>
<det>
<pl>Paris,</pl>
<pb>Sébastien Jorry,</pb>
<y>1766,</y>
<f>in - 12,</f>
<p>170p.</p>
</det>
<bib>At BNt AL 1766 IV 287 - 288; CatH xxix 1766; CorrL mai 1766; LV B Delcro Dufrenoy Mornet Q</bib>
<res>
<r_p>3e personne;</r_p>
<r_pl>Gaule;</r_pl>
<r_n>Euménie, Algonde, Viomade, Gondamir;</r_n>
<r_c>intrigues sentimentales à la cour de Childéric;</r_c>
<r_s>éléments pseudo-historiques.</r_s>
</res>
</entry>
</document>

<document>
<entry>
<id>66.34</id>
<au>
<a>MAILHOL, Gabriel</a>
</au>
<ti>Euménie et Gondamir, histoire françoise du tems où commença la monarchie</ti>
<det>
<pl>La Haye,</pl>
<y>1766,</y>
<f>in - 12,</f>
<p>xvi + 198p.</p>
</det>
<bib>A BNt AL 1766 VII 120- 133; CatH xlvü 1766; CorrL nov. 1766; LV B Delcro Gay Momet Q</bib>
<res>
<r_p>Ire personne, avec récit intercalé;</r_p>
<r_pl>cadre oriental;</r_pl>
<r_n>Mahulem, Félix;</r_n>
<r_c>aventures merveilleuses;</r_c>
<r_s>thèmes philosophiques, sensibilité, mélancolie.</r_s>
</res>
</entry>
</document>

<document>
<entry>
<id>66.35</id>
<au>
<a>MARESCOT, Michel</a>
</au>
<ti>Mahulem, histoire orientale</ti>
<det>
<pl>Avignon,</pl>
<pb>J.J. Niel,</pb>
<y>1766,</y>
<f>2 t. in - 12,</f>
<p>xii + 435, 488p.</p>
</det>
<bib>A BNt CatH ix 1766; CorrL mai 1766; LV B Dufrenoy Momet Q</bib>
<res>
<r_p>3e personne;</r_p>
<r_c>la carrière d’une religieuse exemplaire. Angélique de Hornezden;</r_c>
<r_s>intentions</r_s>
<r_st>édifiantes. Le t. Il comporte des Lettres spirituelles de la mère Angélique (pp.246 - 474), sans éléments romanesques.</r_st>
</res>
</entry>
</document>

<document>
<entry>
<id>66.36</id>
<ti>MARIN, le père Michel-Ange Angélique ou la religieuse selon le cœur de Dieu, par le R.P. Michei-Ange Marin, de l’ordre des Minimes</ti>
<det>
<pl>Amsterdam &amp; Paris,</pl>
<pb>Cellot,</pb>
<y>1756 (sic),</y>
<f>in-12,</f>
<p>236p</p>
</det>
<bib>Amienst Michaud</bib>
<ex>Jones donne une édition de 1750, citant Laporte. Les diverses permissions de l’ordre, cependant, datent du 15 novembre 1764, du 14 décembre 1764 et du 6 février 1765. 0 donne ce titre, sans indiquer de date.</ex>
<res>
<r_p>3e personne;</r_p>
<r_pl>cadre arabe;</r_pl>
<r_n>Izerben, Caritès, Aimanzaïde;</r_n>
<r_c>carrière d’un écrivain;</r_c>
<r_s>ton satirique.</r_s>
</res>
</entry>
</document>

<document>
<entry>
<id>66.37</id>
<au>
<a>MERCIER, Louis-Sébastien</a>
</au>
<ti>Histoire d’Izerben, poète arabe, traduite de l’arabe par M. Mercier</ti>
<det>
<pl>Lyon,</pl>
<pb>Pierre Duplain,</pb>
<y>1766,</y>
<f>2 t. in - 8,</f>
<p>418, 462p.</p>
</det>
<bib>A BNt CatH xxvii 1766; CorrL oct. 1766 B Béclard Benn Dufrenoy Q</bib>
<ex>Malgré la date de M.DCCLVI (pour M.DCC.LXVI?), cet ouvrage semble bien avoir paru en 1766, à en juger par les références contemporaines. Selon Béclard, \c Mercure annonce le volume en juillet 1766. D’après CorrL oct. 1766, ‘M. Mercier... vient de faire imprimer une Histoire d’Izerben ’.</ex>
<res>
<r_p>Lettres, avec un peu de narration Ire personne;</r_p>
<r_pl>province;</r_pl>
<r_n>Mlle de Mosan, M. de Prévalle, le marquis d’OImane, Mme de Renelle;</r_n>
<r_c>malheurs d’une jeune fille, intrigues de famille, histoires d’amour;</r_c>
<r_s>sensibilité.</r_s>
</res>
</entry>
</document>

<document>
<entry>
<id>66.38</id>
<au>
<a>MIREMONT, Anne d’Aubourg de La Boire, comtesse de</a>
</au>
<ti>Mémoires de madame la marquise de Crémy, écrits par elle-même</ti>
<det>
<pl>Amsterdam &amp; Paris,</pl>
<pb>Dufour,</pb>
<y>1766,</y>
<f>in - 8,</f>
<p>44 + 18p.</p>
</det>
<bib>A BNt CatH xlix 1766; CorrL nov. 1766; LV Mornet Q</bib>
<ex>Q: ‘L’auteur s’est peinte elle-même sous le nom de madame de Crémy. A l’exception de quelques particularités, il n’y a d’imaginaire dans cet ouvrage que les noms des lieux et des personnages qui y figurent’.</ex>
<res>
<r_p>Forme dramatique, entrecoupée de narration 3e personne;</r_p>
<r_pl>Lise, Lisandre, Cléante;</r_pl>
<r_s>intrigue sentimentale (leçon de musique).</r_s>
</res>
<ae>
<ae_ae>Autres éditions:</ae_ae>
<ae_se>— Lyon &amp; Paris, Duplain, 1767, 2t. in-8, 417, 462p. (Oront) - 1773, in-8 (BN) — Paris, Léopold Collin, 1808, 3t. in-12 (BN, Q)</ae_se>
</ae>
</entry>
</document>

<document>
<entry>
<id>66.39</id>
<au>
<a>MOLINE, Pierre-Louis</a>
</au>
<ti>Le duo interrompu, conte, suivi d’ariettes nouvelles</ti>
<det>
<pl>Utrecht,</pl>
<y>1766,</y>
<f>in - 12,</f>
<p>159p.</p>
</det>
<bib>BNt AL 1766 IV, 241 -248; CatH xxxviii 1766; CorrL déc. 1766</bib>
<res>
<r_st>Pp. 3-26, Le jeune homme; 27-75, Le vieillard; 76-122, La jeune fille; 123-159, La vieille. Contes</r_st>
<r_p>3e personne;</r_p>
<r_c>intrigues sentimentales;</r_c>
<r_s>peinturé des moeurs.</r_s>
</res>
<ae>
<ae_ae>Autre édition:</ae_ae>
<ae_se>- Paris, 1767, in - 12 (B, Q)</ae_se>
</ae>
</entry>
</document>

<document>
<entry>
<id>66.40</id>
<au>
<a>NOUGARET, Pierre-Jean-Baptiste</a>
</au>
<ti>Les passions des différents âges ou tableau des folies du siècle par M. N***</ti>
<det>
<pl>Paris,</pl>
<pb>Barbou,</pb>
<y>1766,</y>
<f>2t. in-8</f>
</det>
<bib>A BNt AL 1766 II 306-309; CorrL mai 1766 B Gay Mornet Q</bib>
<res>
<r_c>Contes moraux orientaux, avec éléments merveilleux, racontés dans un cadre;</r_c>
<r_s>I, 7-115, Histoire du marchand</r_s>
</res>
</entry>
</document>

<document>
<entry>
<id>66.40bis</id>
<au>
<a>OVIDE (Publius Ovidius Naso)</a>
<trd>trad. par Joseph-Gaspard mnt DUBOIS-FONTANELLE</trd>
</au>
<ti>Nouvelle traduction des Métamorphoses d’Ovide</ti>
<det>
<pl>Amsterdam,</pl>
<pb>Marc Michel Rey,</pb>
<y>1766,</y>
<f>3 t. in - 8,</f>
<p>xlviii + 283, 335, 326p.</p>
</det>
<bib>AL 1782 vüi 317-354 Blanc</bib>
<ex>Cette première édition (mais avec la mention in-12) est citée également par Paul Ducourtieux, Les Barbou, imprimeurs .... Limoges, 1894, p.349. Q donne la date de 1766 mais l’adresse de Panckouckc; et celle de Barbou pour 1767 (v. Autres éditions, ci-dessous). Le privilège de l’édition de 1767 (BNt) est accordé à Dubois-Fontanelle, qui le cède à Panckoucke le 30 septembre 1766. Trad. en prose de Ovidii Métamorphosés. V. aussi la version de l’abbé Banier (64.1158).</ex>
<ae>
<ae_ae>Autres éditions:</ae_ae>
<ae_se>- Paris, Panckoucke, 1766, 2 t. gr. in-8 (Q) - Nouvelle traduction des Métamorphoses d’Ovide, par M. Fontanelle, Paris, Panckoucke, 1767, 2 t. in-8, xvi+294, 340p. (BNt, Blanc) - Paris, Barbou, 1767, 2 t. in—12 (Q) - Paris, Nyon le jeune, 1770, 2t. in-12 (BN) - Lille, J.-B. Henry, 1772, 2t. in-8, xv + 271, 326p. (La Hayet, Blanc) - Paris, Barbou, 1778, 2t. in-12 (Blanc, Q). Édition revue par J.-J. de Barrett. - Rouen &amp; Paris, Nyon le jeune, 1780, 2t. in-12 (Q) - Paris, Barbou frères, an iy - 1796, 2t. in-12, 324, 275p. (NjPt, Blanc, Q). Édition revue par J.J. de Barrett. - Paris, Duprat et Letellier, 1802, 4t. in-8 (BN. Blanc, Q) - Paris, Duprat-Duverger, 1806, 2t. in-12 (NN, Q)</ae_se>
</ae>
</entry>
</document>

<document>
<entry>
<id>66.41</id>
<au>
<a>RIDLEY, James</a>
<trd>trad. par Jean-Baptiste-René ROBINET</trd>
</au>
<s>t</s>
<ti>Les contes des génies ou les charmantes leçons d’Horam fils d’Asmar, ouvrage traduit du persan en anglois, par sir Charles Morell, ci-devant ambassadeur des établissements anglois dans l’Inde, à la cour du grand Mogol, et en françois sur la traduction angloise</ti>
<det>
<pl>Amsterdam &amp; Paris,</pl>
<pb>Prault le jeune,</pb>
<y>1766,</y>
<f>4 t. in - 12,</f>
<p>viii + 176, 176, 187, 173p.</p>
</det>
<bib>A BM BNt AL 1766 II 95 - 120, 1782 VIII 317 - 354 CatH x 1766; CorrL déc. 1765; LV Gay Q Rochedieu Streeter</bib>
<ex>Une version abrégée du premier conte se trouve dans BUR 1786 juin, pp. 79-122.</ex>
<tr>Trad. de The Taies of the Genii or the Delightful Lessons of Horam, the Son of Asmar, 1764.</tr>
<res>
<r_p>3e personne, avec récits Ire personne et lettres;</r_p>
<r_pl>Angleterre;</r_pl>
<r_n>lady Foster, M. Osmond, miss Prado;</r_n>
<r_c>histoires de famille, aventures romanesques et sentimentales;</r_c>
<r_s>sensibilité, malheurs, vertu.</r_s>
</res>
<ae>
<ae_ae>Abudah ou le talisman d’Oromanes;</ae_ae>
<ae_se>116 - 141, Le dervis Alfouran; 142 - 163, Hassan Assar ou histoire du Caiif de Bagdat; 164 - 216, Kelaun et Guzuarat; 220 - 282, Les aventures d’Urad ou la belle voyageuse; II, 1 - 45, Les enchanteurs ou Misnar sultan de l’Inde; 46 - 92, Histoire de Mahmoud; 93 - 202, Suite du conte des Enchanteurs; 220 -287, Histoire de la princesse de Cassimir; 288 - 335, Sadak &lt;£ Kalasrade; III, 1 - 148, Suite de Sadak &amp; Kalasrade; 152 -326, Mirglip le Persan ou Phesaj Ecneps dervis des bois. Autres éditions: — Amsterdam, Marc Michel Rey, 1767, 3 t. in - 12 (B, Dufrenoy, Gay, Q, Rochedieu). Selon Rochedieu, la même édition a paru en 2 t. pet. in - 8. - Amsterdam, 1782, 3 t. in - 12 (BN, Gay, Rochedieu) - ds Cabinet des fées, t. XXIX - XXX. 1785-89 (v. 85.R4)</ae_se>
</ae>
</entry>
</document>

<document>
<entry>
<id>66.42</id>
<au>
<a>SMYTHIES, miss</a>
<trd>trad. par Philippe-Florent de PUISIEUX</trd>
</au>
<s>t</s>
<ti>Les frères ou histoire de miss Osmond, traduite de l’anglois par M. Depuisieux</ti>
<det>
<pl>La Haye &amp; Paris,</pl>
<pb>Vente,</pb>
<y>1766,</y>
<f>2 t. in - 12.</f>
<p>viii + 243, 298p.</p>
</det>
<bib>A BM BNt „ , , AL 1766 VI 120 - 136; CatH xxii 1766; CorrL mai 1766; LV Mornet Rochedieu Streeter</bib>
<tr>Trad. de The Brothers, 1758.</tr>
<res>
<r_p>3e personne, avec récits des personnages;</r_p>
<r_pl>Angleterre (Londres):</r_pl>
<r_n>Mme Searls, Mme Goodall, Lucy Wellers (riche bourgeoisie):</r_n>
<r_c>aventures d’une orpheline en société, peinture des moeurs);</r_c>
<r_s>sensibilité, vertu.</r_s>
</res>
<ae>
<ae_ae>Autre édition:</ae_ae>
<ae_se>- 1767, 4 t. in - 12 (BN)66.43</ae_se>
</ae>
</entry>
</document>

<document>
<entry>
<id>66.43</id>
<au>
<a>SMYTHIES, miss</a>
<trd>trad. par Adrien-Nicolas Piédefer, marquis ( de LA SALLE D’OFFÉMONT</trd>
</au>
<ti>Lucy Wellers, histoire traduite de l’anglois</ti>
<det>
<pl>Leyde &amp; Paris,</pl>
<pb>Merlin.</pb>
<y>1766,</y>
<f>2 t. in - 12,</f>
<p>200. 180p.</p>
</det>
<bib>A BNt AL 1766 IV 25 -35; CatH xvi, xl 1766; CorrL mai 1766; LV B Delcro Momet Q Rochedieu Streeter</bib>
<tr>Trad. de History of Lucy Wellers, 1753.</tr>
<res>
<r_p>3e personne, avec récits des personnages;</r_p>
<r_pl>Ecosse;</r_pl>
<r_n>M. Monrose. le pasteur Wilson, Mlle Blake;</r_n>
<r_c>histoires de famille, malheurs;</r_c>
<r_s>mélancolie, sensibilité.</r_s>
</res>
<ae>
<ae_ae>Autre édition:</ae_ae>
<ae_se>— Histoire de Lucie Wellers, écrite par une dame, traduite de l’anglois par Mr. ***. Lyon, Benoît Duplain. 1766, 2t. in-12, 359, 419p. (Ôront)</ae_se>
</ae>
</entry>
</document>

<document>
<entry>
<id>66.44</id>
<au>
<a>WOODFIN, Mrs. A.</a>
<trd>trad. par ?</trd>
</au>
<s>t</s>
<ti>Mémoires du Nord ou histoire d’une famille d’Ecosse, traduite de l’anglois</ti>
<det>Leyde &amp; Paris, Merlin. 1766, 2 t. in - 12, 200. 180p.</det>
<bib>A BNt CatH xlvi 1766; LV Momet Rochedieu Streeter</bib>
<tr>Trad. de Northern Memoirs or the History of a Scotch Family written by a Lady. 1757.</tr>
<res>3e personne, avec récits des personnages; Ecosse; M. Monrose. le pasteur Wilson, Mlle Blake; histoires de famille, malheurs; mélancolie, sensibilité.</res>
</entry>
</document>

</root>