<root>

<document>
<entry>
<id>72.1</id>
<ti>Adélaïde ou le triomphe de l’amour et de la vertu</ti>
<det>
<pl>Londres &amp; Paris,</pl>
<pb>Merlin,</pb>
<y>1772,</y>
<f>in-8,</f>
<p>136p.</p>
</det>
<bib>At CatH xlvi 1772; LV Gay Momet</bib>
<ex>BUR 1778 mai, pp. 179-183, offre une analyse de l’ouvrage</ex>
<res>
<r_p>3e personne;</r_p>
<r_pl>Reims, Paris, Londres;</r_pl>
<r_n>Adélaïde, madame Saint-Hilaire, Dessembrai, le chevalier de Valbus (commerçants, nobles);</r_n>
<r_c>malheurs d’une famille, intrigue sentimentale;</r_c>
<r_s>sensibilité larmoyante, vertu.</r_s>
</res>
</entry>
</document>

<document>
<entry>
<id>72.2</id>
<ti>Ecole de la vertu ou lettres morales utiles à toutes personnes pour se conduire dans le monde, principalement à la jeunesse</ti>
<det>
<pl>Poitiers,</pl>
<pb>Michel-Vincent Chevrier,</pb>
<y>1772,</y>
<f>in-12,</f>
<p>252p</p>
</det>
<bib>BNt AL 1772 V 128-136</bib>
<res>
<r_c>Série de lettres philosophiques et morales adressées à un jeune gentilhomme; il y entre beaucoup d’éléments romanesques (mise en scène, anecdotes sur la vie des correspondants).</r_c>
</res>
</entry>
</document>

<document>
<entry>
<id>72.3</id>
<ti>Lettres d’elle et de lui par une dame de la cour qui n’est pas * d’une académie</ti>
<det>
<pl>Londres,</pl>
<y>1772,</y>
<f>in-12</f>
</det>
<bib>LV Gay 71.R61</bib>
<au>
<a>SHERIDAN, Frances Chamberlaine, Mrs Thomas</a>
<trd>trad. par t madame de SÉRIONNE</trd>
</au>
<ti>Les désirs accomplis</ti>
<au>
<a>au Palais-Royal. 71.R64 THÙMMEL, Moritz August von</a>
<trd>trad. par Michael HUBER</trd>
</au>
<ex>Candide..., seconde partie 60.31 Cet ouvrage a paru également avec le Candide de Voltaire la même année (v. 71.R66).</ex>
</entry>
</document>

<document>
<entry>
<id>72.4</id>
<ti>Lindor ou les excès de l’amour, lettres</ti>
<det>
<pl>Londres &amp; Paris,</pl>
<pb>Vente,</pb>
<y>1772,</y>
<f>in-12,</f>
<p>183p.</p>
</det>
<bib>A BNt AL 1772 V 282-288; CatH xxx 1772; CorrL sept. 1772; LV Gay Mornet</bib>
<res>
<r_p>Lettres;</r_p>
<r_pl>France;</r_pl>
<r_n>Cidalise, Lindor, Mme Timoncoeur, Lisette;</r_n>
<r_c>amours contrariées, effusions sentimentales,</r_c>
<r_s>sensibilité effrénée.</r_s>
</res>
</entry>
</document>

<document>
<entry>
<id>72.5</id>
<ti>Les matinées du Palais Royal</ti>
<det>
<pl>Paris,</pl>
<pb>J.F. Bastien,</pb>
<y>1772,</y>
<f>2 part, in- 12,</f>
<p>201,219p.</p>
</det>
<bib>A BNt CatH iv 1772; CorrL sept. 1772; LV Gay Mornet</bib>
<res>
<r_p>Cadre, avec une série de récits 3e personne (dans le style des contes moraux);</r_p>
<r_c>l’Abbé raconte à Sophie et à M. Michaux la vie de personnages vus</r_c>
</res>
<au>
<a>ALGAROTTI, comte Francesco</a>
<trd>trad. par BELLETIER</trd>
</au>
<s>t</s>
<ae>
<ae_ae>Wilhelmine</ae_ae>
<ae_se>69.68 71.R65 VILLENEUVE, Gabrielle-Suzanne Barbot de La jardinière de Vincennes (2 éditions) 53.34</ae_se>
</ae>
</entry>
</document>

<document>
<entry>
<id>72.6</id>
<ti>On ne s’y attendait pas</ti>
<det>
<pl>Amsterdam,</pl>
<y>1772,</y>
<f>2 part, in-12,</f>
<p>xiv + 175, 196p.</p>
</det>
<bib>At AL 1772 VII 267-277; CatH xlvi 1772</bib>
<ex>L’édition de 1763 donnée par Gay n’est vraisemblablement qu’une erreur pour 1773 (v. ci-dessous). Celle de 1778, citée par Gay, se rapporte en fait à un autre ouvrage: On ne s’y attendait pas ou les époux réunis, comédie-proverbe.. par Louis de Laus de Boissy.</ex>
<res>
<r_p>3e personne, avec récits intercalés Ire personne;</r_p>
<r_pl>Urespsa (pays oriental imaginaire);</r_pl>
<r_n>le roi Rédi-Ferca, Xalem-Heubru, Erne-linde, El-Dateb;</r_n>
<r_c>aventures guerrières et sentimentales d’un être extraordinaire qui arrive à la cour (critique des moeurs et des institutions);</r_c>
<r_s>ton satirique, thèmes philosophiques.</r_s>
</res>
<ae>
<ae_ae>Autre édition:</ae_ae>
<ae_se>- Londres &amp; Paris, Prault, 1773, in-12, xiv + 175, 196p. (At, BN+, LV, Gay, Mornet)</ae_se>
</ae>
</entry>
</document>

<document>
<entry>
<id>72.7</id>
<ti>? éd. par Georg Adam JUNKER et Recueil historique ou choix de pièces morales, instructives et amusantes en françois et en allemand pour l’usage des amateurs des deux langues. On y a joint l’Histoire de la pucelle d’Orléans, tirée de l’Histoire de France de Velly. Par M. Junker, de l’Académie des belles-lettres de Gôttingue &amp; professeur de la langue allemande à Paris</ti>
<det>
<pl>Strasbourg,</pl>
<pb>Bauer et compagnie,</pb>
<y>1772,</y>
<f>in-8,</f>
<p>xiii + 409p.</p>
</det>
<bib>BNt</bib>
<ex>La mention suivante a été rapportée en rouge: A Paris, chez Barrois jeune, Quai des Augustins. Contient des textes bilingues (y compris des contes orientaux et des anecdotes) destinés à l’enseignement.</ex>
</entry>
</document>

<document>
<entry>
<id>72.8</id>
<ti>Les refus, par M.D. B.</ti>
<det>
<pl>Amsterdam &amp; Paris,</pl>
<pb>Mérigot jeune,</pb>
<y>1772,</y>
<f>in-8,</f>
<p>161p.</p>
</det>
<bib>A BNt CatH xviii 1772; LV Gay Mornet</bib>
<ex>BUR 1781 août, pp. 126-202, offre des extraits, tout en ajoutant que l’ouvrage n’a pas été réédité depuis 1772. L’auteur en serait-il Louis Desbiefs, qui a utilisé la formule ‘par M. D. B.’ dans certains de ses titres (v. 56.11,56.12)?</ex>
<res>
<r_p>Ire personne, avec dialogues et vers;</r_p>
<r_pl>France;</r_pl>
<r_n>madame Domai, madame de Volsan, Eléonore;</r_n>
<r_c>intrigues galantes, réflexions sur l’amour.</r_c>
</res>
</entry>
</document>

<document>
<entry>
<id>72.9</id>
<au>
<a>ARNAUD, François-Thomas-Marie de Baculard d’</a>
</au>
<s>nt</s>
<ti>Œuvres du comte Algarotti traduit (sic) de l’italien</ti>
<det>
<pl>Berlin,</pl>
<pb>G.J. Decker,</pb>
<y>1772,</y>
<f>7 t. in-8</f>
</det>
<bib>BM+ BN Blanc</bib>
<ex>T. Vil, pp. 5-85, Le congrès de Cythère, trad. de II Congresso di Citera, 1746. Pour la description de l’ouvrage, v. 58.6. Pour les autres traductions en prose, v. aussi 77.7, 82.11 et 89.27</ex>
</entry>
</document>

<document>
<entry>
<id>72.10</id>
<au>
<a>ARNAUD, François-Thomas-Marie de Baculard d’</a>
</au>
<ti>Adelson et Salvini, anecdote anglaise par monsieur d’Arnaud</ti>
<det>
<pl>Paris,</pl>
<pb>LeJay,</pb>
<y>1772,</y>
<f>in-8,</f>
<p>120p.</p>
</det>
<bib>BM BN| AL 1772 III 173-183; CatH v 1772; CorrL sept. 1772 Delcro Inklaar Q</bib>
<ex>C’est la quatrième nouvelle du t. II des Epreuves du sentiment (v. 70.21). BUR 1778 août, pp. 6-9, donne une analyse.</ex>
<res>
<r_p>3e personne;</r_p>
<r_pl>Rome, Londres;</r_pl>
<r_n>Adelson, Salvini, Nelly;</r_n>
<r_c>intrigue sentimentale (deux amis deviennent rivaux), aventures romanesques;</r_c>
<r_s>sensibilité effrénée, mélancolie.</r_s>
</res>
<ae>
<ae_ae>Autres éditions:</ae_ae>
<ae_se>- V. 70.21 - Hambourg &amp; Paris, Fauche et Lepetit. 1792, 175p. (Wachs, FC 92.xvii 2703, JP 8.X.92) - 1799 (Delcro)</ae_se>
</ae>
</entry>
</document>

<document>
<entry>
<id>72.11</id>
<au>
<a>BERTRAND (de Montpellier)</a>
</au>
<ti>Sargines, nouvelle par M. d’Arnaud</ti>
<det>
<pl>Paris,</pl>
<pb>LeJay,</pb>
<y>1772</y>
<f>in-8,</f>
<p>I36p.</p>
</det>
<bib>A BNt AL 1772 III 173-183, 1773 IV 217-250; Catll xxvii 1772 Inklaar</bib>
<ex>C’est la cinquième nouvelle du t. II des Epreuves du sentiment (v. 70.21).</ex>
<res>
<r_p>3e personne;</r_p>
<r_pl>époque de Philippe-Auguste;</r_pl>
<r_n>Sargines, Sophie, Pierre;</r_n>
<r_c>aventures chevaleresques et sentimentales (fils d’un père vaillant, Sargines fait des prodiges par amour);</r_c>
<r_s>sensibilité, genre troubadour.</r_s>
</res>
<ae>
<ae_ae>Autres éditions:</ae_ae>
<ae_se>- V. 70.21 - Paris, imprimerie de Didot l’aîné, 1781, in-24, 130p. (BM, BN) - Paris, Le Jay, 1788, in-8 (BN) - Sargines ou l’élève de l’amour, Hambourg, Fauche &amp; Paris, Lepetit, 1793, in-18 (BNf, Gay, Q)</ae_se>
</ae>
</entry>
</document>

<document>
<entry>
<id>72.12</id>
<au>
<a>BIEVRE, François-Georges Maréchal, marquis de</a>
</au>
<ti>Mémoires d’un Languedocien, contenant des voyages, des avantures et des événements curieux et intéressants, des combats, des intrigues galantes &amp; des réflexions propres à faire connoitre le danger des passions de la jeunesse, par le détail même de leurs causes &amp; de leurs effets, par Mr. B******d, de Montpellier</ti>
<det>
<pl>Montpellier,</pl>
<pb>Jean Martel aîné,</pb>
<y>1772,</y>
<f>in-8,</f>
<p>127p.</p>
</det>
<bib>A BNf LV B Gay Momet Q</bib>
<res>
<r_p>Ire personne, avec récits intercalés Ire personne;</r_p>
<r_pl>Montpellier, Afrique du Nord, Malaga;</r_pl>
<r_n>Achmet, Zaïre, Loretty;</r_n>
<r_c>intrigue romanesque, voyages (pirates barbaresques), aventures orientales;</r_c>
<r_s>intentions moralisatrices.</r_s>
</res>
</entry>
</document>

<document>
<entry>
<id>72.13</id>
<au>
<a>BRET, Antoine</a>
</au>
<ti>Les amours de l’Ange-lure, roman historique par Mr. le marquis de B*****</ti>
<det>
<pl>Cythère,</pl>
<y>l’an des amours,</y>
<f>pet. in-12,</f>
<p>24p.</p>
</det>
<bib>BM BNt B Delcro Gay Q</bib>
<res>
<r_c>Petite facétie licencieuse: la Fé-lure, courtisée par l’Ange-lure (aidé par la Fé-néantise et l’Ange-oleur), reçoit chez elle VAnge-in, mais est trahie par ta Fé-condité...</r_c>
</res>
<ae>
<ae_ae>Autres éditions:</ae_ae>
<ae_se>- s.l.n.d. [ 1789], in-8, 24p. (BMt). A la fin: A Angelo-polis, chez l’Ange-bouffi. - ds Biévriana, ou jeux de mots de M. de Bièvre, nouvelle édition corrigée et augmentée, Paris, Maradan, 8( 18001, in-12, pp. 62-67 (BMt) - ds Biévriana, an IX, pp. 56-61 (B)</ae_se>
</ae>
</entry>
</document>

<document>
<entry>
<id>72.13bis</id>
<au>
<a>BUTEL-DUMONT, Georges-Marie</a>
</au>
<ti>Le protecteur bourgeois ou la confiance trahie, comédie en vers, par monsieur B****, tome second</ti>
<det>
<pl>Aux Deux-Ponts,</pl>
<pb>à l’imprimerie ducale,</pb>
<y>1772,</y>
<f>pet. in-8,</f>
<p>iii + 122+ 52 + 42p.</p>
</det>
<bib>BNt Q</bib>
<ex>La mention ‘tome second’ est expliquée par le fart que ce volume fait partie d’une collection d’œuvres diverses de Bret où chacun des trois tomes a une page de titre différente. La pièce de théâtre annoncée dans le titre est suivie de deux morceaux</ex>
<res>
<r_st>en dialogues: 1-52, L’héritage, conte moral et dramatique. 1-42, Le mariage manqué, conte dramatique.</r_st>
</res>
</entry>
</document>

<document>
<entry>
<id>72.14</id>
<au>
<a>CARACCIOLI, Louis-Antoine, marquis de</a>
</au>
<ti>Journées mogoles, opuscule décent d’un docteur chinois Imprimé à Dély &amp; se trouve à</ti>
<det>
<pl>Paris,</pl>
<pb>J.P. Costard,</pb>
<y>1772,</y>
<f>2 part. in-12,</f>
<p>228, 179p.</p>
</det>
<bib>At BMt LV Dufrenoy Gay Momet</bib>
<ex>Gay donne comme attribution Butel-Dumont ou Beugnet, et renvoie au Bulletin du bibliophile, 1859, p. 642.</ex>
<res>
<r_p>3e personne, avec récits intercalés;</r_p>
<r_pl>Indes;</r_pl>
<r_n>Aurengzeb, Mutuluck, Areck-Aya;</r_n>
<r_c>aventures galantes et romanesques.</r_c>
</res>
<ae>
<ae_ae>Autre édition:</ae_ae>
<ae_se>Nouvelle édition. Imprimé à Dély &amp; se trouve à Paris, Dufour. 1773, 2 part, in-12, 228, 179p. (BMt, Catll xxvi 1773). Même impression que l’édition princeps, avec une nouvelle page de titre.72.15</ae_se>
</ae>
</entry>
</document>

<document>
<entry>
<id>72.15</id>
<au>
<a>CARRA, Jean-Louis</a>
</au>
<ti>Voyage de la raison en Europe, par l’auteur des Lettres récréatives et morales Compiègne, Louis</ti>
<det>
<pl>Bertrand &amp; Paris,</pl>
<pb>Saillant et Nyon,</pb>
<y>1772,</y>
<f>in- 12,</f>
<p>v + 423p.</p>
</det>
<bib>A BM BNt AL 1771 VIII 40-42; CatH xliii 1771</bib>
<ex>La date de 1771 donnée par Q a sans doute ses origines dans une annonce parue cette année.</ex>
<res>
<r_p>3e personne;</r_p>
<r_c>Lucidorda Raison) fait un voyage imaginaire à travers l’Europe (critique des moeurs);</r_c>
<r_s>ton satirique.</r_s>
</res>
<ae>
<ae_ae>Autres éditions:</ae_ae>
<ae_se>- Liège, 1773, in-12 (B, Q) — ds l’Oyages imaginaires, t. XXVII, 1787-89 (v. 87.RI 6)</ae_se>
</ae>
</entry>
</document>

<document>
<entry>
<id>72.16</id>
<au>
<a>CAZOTTE, Jacques</a>
</au>
<ti>Odazir ou le jeune Syrien, roman philosophique, composé d’après les mémoires d’un Turc, par M. ***</ti>
<det>
<pl>La Haye,</pl>
<y>1772,</y>
<f>in-8,</f>
<p>vii + 267p.</p>
</det>
<bib>At B Delcro Dufrenoy Mornet Q</bib>
<res>
<r_p>Ire personne;</r_p>
<r_pl>Syrie, Italie;</r_pl>
<r_n>Ally, Muzul, Odazir, Dolcini, Cécile;</r_n>
<r_c>voyages, observations sur les moeurs, intrigue sentimentale;</r_c>
<r_s>thèmes philosophiques.</r_s>
</res>
<ae>
<ae_ae>Autre édition:</ae_ae>
<ae_se>- La Haye, 1772, in-16, vii + 255p. (MHt)</ae_se>
</ae>
</entry>
</document>

<document>
<entry>
<id>72.17</id>
<au>
<a>COTENEUVE.de</a>
</au>
<ti>Le diable amoureux, nouvelle espagnole</ti>
<det>
<pl>Naples,</pl>
<y>1772,</y>
<f>in-8,</f>
<p>viii + 144p.</p>
</det>
<bib>At BM AL 1772 II 99-122; CatH viii 1772; LV B Delcro Gay Momet Q</bib>
<ex>Saint-Fargeau Shaw NBR lrc année VII ( 1798), pp. 174-204, donne une version abrégée.</ex>
<res>
<r_p>Ire personne;</r_p>
<r_pl>Naples;</r_pl>
<r_n>dom Alvare, Serano, Biondetta;</r_n>
<r_c>aventures merveilleuses et fantastiques.</r_c>
</res>
<ae>
<ae_ae>Autres éditions:</ae_ae>
<ae_se>— ds Voyages imaginaires, t.XXXV, 1787-89 (v. 87.R16) Pour les éditions des Œuvres badines, v. 76.18.</ae_se>
</ae>
</entry>
</document>

<document>
<entry>
<id>72.18</id>
<au>
<a>DORAT, Claude-Joseph</a>
</au>
<ti>Lettres du baron d’OIban</ti>
<det>
<pl>Amsterdam &amp; Paris,</pl>
<pb>Merlin.</pb>
<y>1772,</y>
<f>in-8,</f>
<p>148p.</p>
</det>
<bib>At CatH vi 1773 Momet</bib>
<res>
<r_p>Lettres, avec récits intercalés Ire personne;</r_p>
<r_pl>Paris, province;</r_pl>
<r_n>le baron d’OIban, Mlle de Muret, M. de Lauzanne, Julie Thêville;</r_n>
<r_c>intrigue mondaine et sentimentale;</r_c>
<r_s>sensibilité.</r_s>
</res>
<ae>
<ae_ae>Autre édition:</ae_ae>
<ae_se>- Londres &amp; Paris, Costard, 1773, in- 12 (B, Delcro, Mornet. Q)</ae_se>
</ae>
</entry>
</document>

<document>
<entry>
<id>72.19</id>
<au>
<a>GASCHIGNARD, P.</a>
</au>
<ti>Les malheurs de l’inconstance ou lettres de la marquise de Syrcé et du comte de Mirbelle</ti>
<det>
<pl>Amsterdam &amp; Paris,</pl>
<pb>Delalain,</pb>
<y>1772,</y>
<f>2 part, in-8,</f>
<p>xiv +312, 284p.</p>
</det>
<bib>A BNt CatH xii 1772; LV B Delcro Gay Momet Q</bib>
<res>
<r_p>Lettres;</r_p>
<r_pl>France;</r_pl>
<r_n>lady Sidley, le comte de Mirbelle, le duc de ***, la marquise de Syrcé;</r_n>
<r_c>intrigue sentimentale (un cœur sensible peut pécher mais reste pur), malheurs;</r_c>
<r_s>sensibilité effrénée, analyse d’un problème moral.</r_s>
</res>
<ae>
<ae_ae>Autres éditions:</ae_ae>
<ae_se>- Amsterdam &amp; Paris, Delalain, 1772, 2 part, in-8, xvi + 260, 247p. (BMt) - Amsterdam &amp; Paris, Delalain, 1772, 2 part, in-8, xvi + 243, 221p. (BMt). Ces volumes semblent appartenirà une édition des CEuvres de Dorât, en onze tomes, annoncée par Delalain. - Amsterdam &amp; Paris, Delalain, 1773, 2 t. in-8 (BN, Gay) Amsterdam &amp; Paris, Delalain, 1773, 2 part, in-12, 164, 150p. (At. Mornet) - Amsterdam &amp; Paris, de la Lain, 1773, 2 part, in-12, 188, 160p. (At, Momet) — Neuchâtel, Société typographique, 1773, 2t., xii + 188, 160p. (Neuchâtel) - Paris, 1775, 288p. (Wachs) - ds Collection complète des œuvres, Neuchâtel, Société typographique, 1776, 6t. in-8 (BN) — Les malheurs.... Neuchâtel, 1776, 2t. in-12 (Clermont) — Rouen, Machuel et Racine, 1782, 2t. (DLC) - ds Œuvres choisies, Paris, Delalain aîné, 1786, 6t. (DLC) - Lille, C.-F.-J. Lehoucq, 1786, 2t., xii + 176, 165p. (Bruxellest) — Paris, Leprieur, 1793, 2t. in-12, xiv + 251, 216p. (Aspin Cat. 45, Q) - Paris, 1794, 2t. in-18 (Q) Pour la soi-disant édition des CEuvres de 1780, v. 62.14, Autres éditions.</ae_se>
</ae>
</entry>
</document>

<document>
<entry>
<id>72.20</id>
<au>
<a>GAUCHAT, abbé Gabriel</a>
</au>
<ti>Histoire de monsieur de Vaubrun écrite par lui-mème, recueillie &amp; mise en ordre par M. P. Gaschignard</ti>
<det>
<pl>Amsterdam &amp; Paris,</pl>
<pb>J.F. Bastien,</pb>
<y>1772,</y>
<f>2 part, in-12,</f>
<p>181, 148p.</p>
</det>
<bib>A BNt B Momet Q</bib>
<ex>B et Q donnent le nom de l’auteur sous la forme: Gasniard.</ex>
<res>
<r_p>Ire personne, avec récits intercalés Ire et 3e personne et une série de lettres;</r_p>
<r_pl>province (Bretagne), Bruxelles, Cologne, ...;</r_pl>
<r_n>Vaubrun (fils d’un armateur de Nantes), Desbouvillières, Adélaïde;</r_n>
<r_c>intrigue sentimentale, voyages; malheurs (‘Amour, fatal écueil! où se brise la vertu des plus sages’);</r_c>
<r_s>à la manière de Prévost.</r_s>
</res>
<ae>
<ae_ae>Autre édition:</ae_ae>
<ae_se>- 1773 (Mornet)</ae_se>
</ae>
</entry>
</document>

<document>
<entry>
<id>72.21</id>
<au>
<a>HALLER, Albrecht von</a>
<trd>trad. par G.-H. SEIGNEUX DE t CORREVON</trd>
</au>
<s>m</s>
<ti>Le philosophe du Valais ou correspondance philosophique avec des observations de l’éditeur</ti>
<det>
<pl>Amsterdam &amp; Paris,</pl>
<pb>Le Jay,</pb>
<y>1772,</y>
<f>2 part, in-12,</f>
<p>xiv + 407, 448p.</p>
</det>
<bib>BNf AL 1772 IV 318-329; CatH xxvi 1772; CorrL sept. 1772 B Q</bib>
<res>
<r_c>En marge: discussions philosophiques sous forme de lettres échangées par le baron de</r_c>
<r_n>Salveri, M. Simpal, le marquis de Nointon, etc. Certains</r_n>
<r_c>détails de la vie des correspondants sont évoqués dans les lettres.</r_c>
</res>
</entry>
</document>

<document>
<entry>
<id>72.22</id>
<au>
<a>LA PLACE, Pierre-Antoine de</a>
</au>
<ti>Usong, histoire orientale par Mr. le baron de Haller, seigneur de Goumoens le Jux, président de la Société royale de Gôttingue &amp; de la Société économique de Berne, associé de l’Académie royale des scienc. (sic) de Paris, &amp;c &amp;c, membre du Conseil souverain des deux Cents de la république de Berne, &amp;c., traduit de l’allemand par Mt S. de C.</ti>
<det>
<pl>Lausanne,</pl>
<pb>F. Grasset,</pb>
<y>1772,</y>
<f>in- 12,</f>
<p>xvi + 353 p.</p>
</det>
<bib>BNt AL 1772 II 338-348; CatH v 1772 B Dufrenoy Q</bib>
<tr>Trad.de Usong, eine morgenlandische Geschichte, 1771.</tr>
<res>
<r_p>3e personne;</r_p>
<r_pl>Asie centrale, Europe, Perse;</r_pl>
<r_n>Usong, Lievang, Liosua, George Castriot;</r_n>
<r_c>aventures politiques et militaires;</r_c>
<r_s>thèmes politiques.</r_s>
</res>
<ae>
<ae_ae>Autres éditions:</ae_ae>
<ae_se>- ... traduit de l’allemand, Paris, Valade &amp; Lausanne, Fr. Grasset et compagnie, 1772, in-12, xii + 346p. (A, BNt) - Paris, Valade, 1772, in-12, vii + 346p. (A, BNt, LV). Seule la page de titre paraît avoir été renouvelée. - Paris, Valade, 1763 (pour 1772), 336p. (MiU, NjP, OCU, PPL-R) - Paris &amp; Francfort, Esslinger, 1772 (Nordmann) — CatH donne ce titre en 1774: Lausanne &amp; Paris, Cavelier.</ae_se>
</ae>
</entry>
</document>

<document>
<entry>
<id>72.23</id>
<au>
<a>LA ROCHE, Maria Sophie Gutcrmann, Frau von</a>
</au>
<ti>Lydia ou mémoires de milord D***, imités de l’anglais par M. de La Place</ti>
<det>
<pl>Londres &amp; Bruxelles,</pl>
<pb>J.L. de Boubers,</pb>
<y>1772,</y>
<f>4 part, in-12,</f>
<p>vi + 158, 131, 134, 202p.</p>
</det>
<bib>BNt AL 1773 III 257-261; CorrL fév. 1773; LV Cobb Delcro Gay Mornet Q</bib>
<ex>Il s’agit d’une réédition des Erreurs de l’amour-propre de Cleland, avec une nouvelle suite (4e partie) composée par La Place. Pour d’autres détails, v. 54.12.</ex>
</entry>
</document>

<document>
<entry>
<id>72.24</id>
<au>
<a>MAYDIEU, abbé Jean</a>
</au>
<ti>Les caprices de l’amour et de l’amitié, anecdote angloise, suivie d’une petite anecdote allemande</ti>
<det>
<pl>Zuric,</pl>
<pb>Orell, Gessner, Fuesslin et Comp.,</pb>
<y>1772,</y>
<f>in-8,</f>
<p>153p.</p>
</det>
<bib>BMt B Gay Q</bib>
<ex>L’ouvrage a été traduit en allemand et publié chez Orell en 1772.</ex>
<res>
<r_p>Pp. 1-98, Les caprices...: conte dans le cadre d’une lettre;</r_p>
<r_pl>Angleterre;</r_pl>
<r_n>Mylord Kilmar, Lady Sophie;</r_n>
<r_c>intrigues sentimentales;</r_c>
<r_s>sensibilité.</r_s>
<r_c>Pp. 99-153, Petite anecdote allemande: conte dans le cadre d’une lettre; mademoiselle de Blenheim, madame de Peltin, (lolzen; intrigue familiale;</r_c>
<r_s>sensibilité, vertu.</r_s>
</res>
<ae>
<ae_ae>Autre édition de la Petite anecdote allemande:</ae_ae>
<ae_se>- ds Mémoires de mademoiselle de Sternheim, 1773 (v. 73.26).</ae_se>
</ae>
</entry>
</document>

<document>
<entry>
<id>72.24bis</id>
<au>
<a>MEADES, Ann éd. par Thomas HULL et</a>
<trd>trad. par ?</trd>
</au>
<ti>Jeannette ou la fervente paysanne, histoire portugaise</ti>
<det>
<f>In-12,</f>
<p>iv + 328p.</p>
</det>
<bib>VGM CatH xvii 1779; JP 23.iv.79</bib>
<ex>Les références que nous donnons ci-dessus se rapportent à la deuxième édition, qui a paru en 1779. (v. ci-dessous, Autres éditions). L’édition princeps de 1772 semble être inconnue aux bibliographes. Dans le seul exemplaire de cette édition que nous ayons pu voir, la page de titre manque; la Permission est accordée à ‘notre bien-amé...’, et datée du 15 janvier 1772. Le titre que nous donnons ci-dessus est celui qui paraft dans la Permission; à la première page du texte on trouve: Jeannette ou la chrétienne parfaite, et le titre courant est: La chrétienne parfaite. Dans la Préface de l’édition de 1804, l’abbé Maydieu prétend qu’ayant traduit une liasse de papiers qu’il avait trouvée dans un vieux château, il a appris avec étonnement, trois ans plus tard, qu’une personne pieuse avait fait imprimer cette traduction à Lyon. Trouvant que cette version était ‘remplie de défauts’, il a entrepris de préparer une nouvelle édition; en effet, les éditions ultérieures comportent quelques changements.</ex>
<res>
<r_p>3e personne;</r_p>
<r_pl>Portugal (un village près de Lisbonne);</r_pl>
<r_n>Jeannette, Marianne, Claudine, Charles, Gaspard;</r_n>
<r_c>après un amour malheureux, l’héroïne devient un modèle de toutes les vertus;</r_c>
<r_s>intentions moralisatrices, réflexions édifiantes.</r_s>
</res>
<ae>
<ae_ae>Autres éditions:</ae_ae>
<ae_se>— Histoire de la vertueuse Portugaise ou le modèle des femmes chrétiennes, dédiée aux Rosières de Salency, Paris, Ch. Pierre Berton, 1779, in-12, xvi + 437p. (Le Manst, Troyest, LV, Q) — ... nouvelle édition, Paris, Onfroy, 1804, in-12, xvi + 434p. (BNt) — Besançon, A. Montorsolo et compagnie, 1824, in-16 (MH)</ae_se>
</ae>
</entry>
</document>

<document>
<entry>
<id>72.25</id>
<au>
<a>MONNET, Jean</a>
</au>
<s>t</s>
<ti>Les mœurs du jour ou histoire de sir William Harrington, écrite du vivant de M. Richardson, éditeur de Paméla, Clarisse &amp; Grandison, revue &amp; retouchée par lui sur le manuscrit de l’auteur, traduction de l’anglois</ti>
<det>
<pl>Amsterdam,</pl>
<pb>D.J. Changuion,</pb>
<y>1772,</y>
<f>4 part, in- 12,</f>
<p>223, 228, 220, 226p.</p>
</det>
<bib>At Catll ii 1773; CorrL fév. 1773; LV Rochedieu</bib>
<ex>BUR 1785 avril II, pp. 3-153, offre des extraits.</ex>
<tr>Trad. de The History of Sir William Harrington, 1771.</tr>
<res>
<r_p>Lettres;</r_p>
<r_pl>Angleterre;</r_pl>
<r_n>miss Julie Harrington, lord S., M.J. Renholds, sir William Harrington;</r_n>
<r_c>intrigue mondaine, histoires sentimentales, observation des moeurs.</r_c>
</res>
<ae>
<ae_ae>Autres éditions:</ae_ae>
<ae_se>- Histoire de sir William Harrington traduit (sic) de l’anglois, Amsterdam, D.J. Changuion, 1772, 4 part, in-12 (BNt). Même édition que la précédente, avec un nouveau frontispice gravé. — Moeurs..., Lausanne, François Grasset et Comp., 1773, 4 part, in-12, 256, 257-516, 249, 251-492p. (A, BMt, Rochedieu, Streeter) - Amsterdam, Changuion, 1785, 4t. in-12 (BN sous ‘Richardson’, Rochedieu) - 1786, 4t. in-12 (BN sous ‘Richardson’, Rochedieu)</ae_se>
</ae>
</entry>
</document>

<document>
<entry>
<id>72.26</id>
<au>
<a>PERREAU, Jean-André</a>
</au>
<ti>Supplément au Roman comique ou mémoires pour servir à la vie de Jean Monnet, ci-devant directeur de l’Opéra-Comique à Paris, de l’Opéra de Lyon &amp; d’une Comédie Françoise à Londres</ti>
<det>
<pl>Londres,</pl>
<y>1772,</y>
<f>2 part, in-12,</f>
<p>200, 288p.</p>
</det>
<bib>A BMt BNt AL 1772 I 283-285, II 324-336; CatH xv 1772; LV Q</bib>
<ex>Dans son article biographique consacré à Jean Monnet, Michaud semble puiser une bonne partie de ses renseignements dans cet ouvrage. 11 y a en regard de la page de titre un portrait de Monnet. Quelle que soit l’authenticité de ces mémoires, les pp. 107-288 du t. Il présentent un ouvrage romanesque: Les mystifications du sieur P*** (aventures burlesques d’un comédien, racontées à la troisième personne).</ex>
<ae>
<ae_ae>Autres éditions:</ae_ae>
<ae_se>— Mémoires pour servir..., 1772 (Q) - Supplément.... Londres, 1773, 2t. (CtY, DLC, NjP, OCU) - Mémoires pour servir..., 1777 (Q). JP 15.vii.77 donne le titre Supplément au Roman comique.</ae_se>
</ae>
</entry>
</document>

<document>
<entry>
<id>72.27</id>
<au>
<a>POINSINET DE SIVRY, Louis</a>
</au>
<ti>Lettres illinoises, par J.A.P., auteur de Clarisse</ti>
<det>
<pl>Londres &amp; Paris,</pl>
<pb>Merlin,</pb>
<y>1772,</y>
<f>in-8,</f>
<p>326p.</p>
</det>
<bib>Sainte-Genevièvef DLC AL 1772 VIII 133-139; CatH xlvi 1772; LV B Q</bib>
<ex>Clarisse est un ‘drame en cinq actes et en prose’ de 1771.</ex>
<res>
<r_p>Lettres;</r_p>
<r_pl>Amérique;</r_pl>
<r_n>Manza (sauvage iroquois), Sophie, le chevalier de St. Anne, Valcourt;</r_n>
<r_c>intrigue sentimentale, aventures guerrières;</r_c>
<r_s>sensibilité passionnée, couleur locale.</r_s>
</res>
</entry>
</document>

<document>
<entry>
<id>72.28</id>
<au>
<a>RABELLEAU</a>
</au>
<ti>Le phasma ou l’apparition, histoire grecque, contenant les aventures de Néoclès, fils de Thémistocle, ouvrage tiré d’un manuscrit trouvé à Smyrne et traduit par M. Poinsinet de Sivry, de la Société royale des sciences &amp; belles-lettres de Lorraine</ti>
<det>
<pl>Aux Deux-Ponts &amp; Paris.</pl>
<pb>Lacombe,</pb>
<y>1772,</y>
<f>in-12,</f>
<p>viii + I83p.</p>
</det>
<bib>A BNt AL 1773 I 145-167; CatH I 1772; LV B Delcro Mornet Q</bib>
<ex>V. aussi Journal littéraire dédié au Roi..., Berlin, 1773, V, pp. 204-215. D’après l’avant-propos de l’ouvrage, il s’agirait du remaniement par un écrivain grec du Bas Empire du thème dramatique du Phasma (une fille élevée secrètement par sa mère dans une chapelle).</ex>
<res>
<r_p>3e personne, avec un long récit Ire personne;</r_p>
<r_pl>Grèce antique;</r_pl>
<r_n>Néoclès, Thémistocle, Xercès, Parthémise, Parthère, le prince Arons:</r_n>
<r_c>aventures romanesques, intrigues amoureuses;</r_c>
<r_s>style épique.</r_s>
</res>
</entry>
</document>

<document>
<entry>
<id>72.29</id>
<au>
<a>RÉMY, abbé Joseph-Honoré</a>
</au>
<ti>Voyage d’un prince autour du monde ou les effets du luxe</ti>
<det>
<pl>Rouen,</pl>
<pb>Et.-Vinc. Machuel,</pb>
<y>1772,</y>
<f>in- 12.</f>
<p>vi + 62p.</p>
</det>
<bib>A BNt AL 1774 IV 331-335 B Q</bib>
<ex>La deuxième partie de l’ouvrage—Les effets et les inconvénients du luxe—est en vers.</ex>
<res>
<r_p>3e personne:</r_p>
<r_pl>Chine, Constantinople, Russie, Rome,...;</r_pl>
<r_c>voyage imaginaire; discussions politiques, intentions didactiques.72.30</r_c>
</res>
</entry>
</document>

<document>
<entry>
<id>72.30</id>
<au>
<a>RÉTIF DE LA BRETONNE, Nicolas</a>
</au>
<ti>Les oreilles des bandits de Corinthe, avec une lettre de M. de Voltaire sur les comètes</ti>
<det>
<pl>La Haye &amp; Paris,</pl>
<pb>Valade,</pb>
<y>1772,</y>
<f>in-8,</f>
<p>23p.</p>
</det>
<bib>CatH xxvi 1772; CorrL juillet 1772 Bengesco Drujon</bib>
<ex>L’exemplaire donné dans le catalogue de la bibliothèque de Reims a été détruit en 1914-1918. Bengesco cite Bachaumont, Mémoires secrets, 10 juillet 1772, où l’ouvrage entier est attribué à Voltaire. La Lettre, qui est effectivement de Voltaire, occupe les pp. 19-23.</ex>
<res>
<r_c>Allégorie satirique (CorrL)</r_c>
</res>
</entry>
</document>

<document>
<entry>
<id>72.31</id>
<au>
<a>USSIEUX, Louis d’</a>
</au>
<ti>Edme Adèle de Comm ** ou lettres d’une fille à son père En</ti>
<det>
<pl>France,</pl>
<y>1772,</y>
<f>5 part, in-12,</f>
<p>xiv + 346, 356, 384, 384, viii + 78+ 58 + 44 + 24+ 52p.</p>
</det>
<bib>A BM BNt AL 1772 IV 44-50; CorrL sept. 1772; LV B Drujon Gay Rives Childs</bib>
<ex>Selon Rives Childs, le titre: Lettres d’une fille à son père que donnent plusieurs bibliographes aurait son origine dans un faux titre ainsi libellé qui se trouve dans certains exemplaires. La date de 1777 donnée par Q serait une erreur pour 1772.</ex>
<res>
<r_p>Lettres, avec beaucoup de récits intercalés 3e personne (dont certains sont renvoyés à une sorte d’appendice);</r_p>
<r_pl>France, Allemagne;</r_pl>
<r_n>Adèle, M. de Comm**, Mme d’Ol**, le comte d’Ol**, Adélaïde;</r_n>
<r_c>aventures romanesques, histoires de famille très embrouillées;</r_c>
<r_s>prétentions moralisatrices.</r_s>
</res>
</entry>
</document>

<document>
<entry>
<id>72.34</id>
<au>
<a>USSIEUX, Louis d’</a>
</au>
<ti>Henriette et Lucie ou les amies rivales, nouvelle écossoise par M. d’Ussieux</ti>
<det>
<pl>Paris,</pl>
<pb>J.P. Costard,</pb>
<y>1772,</y>
<f>in-8,</f>
<p>46p.</p>
</det>
<bib>At BNt CatH xxvi 1772; CorrL sept. 1772</bib>
<ex>C’est la première nouvelle du Décaméron françois (v. 72.33).</ex>
<res>
<r_p>3e personne;</r_p>
<r_pl>Écosse (époque de Jacques I);</r_pl>
<r_n>le lord comte de Millfont, le général Murcé, le baron de Sainclair, Luci;</r_n>
<r_c>intrigue sentimentale;</r_c>
<r_s>sensibilité effrénée.</r_s>
</res>
<ae>
<ae_ae>Autres éditions:</ae_ae>
<ae_se>- Paris, Edme, 1772, in-8 (BN) - V. 72.33. — Henriette et Lucie ou les deux amies, Londres &amp; Paris, Lamy, 36p. (JP 29.xi.82, JL xlix 83). Nous n’avons pas pu retrouver un exemplaire de cette édition, mais c’est probablement la nouvelle par d’Ussieux.</ae_se>
</ae>
</entry>
</document>

<document>
<entry>
<id>72.35</id>
<au>
<a>RICCOBONI, Marie-Jeanne Laboras de Mézières, madame</a>
</au>
<ti>Jeanne Gray, anecdote angloise par M. d’Ussieux</ti>
<det>
<pl>Paris,</pl>
<pb>J.P. Costard,</pb>
<y>1772,</y>
<f>in-8,</f>
<p>pp. 47-102</p>
</det>
<bib>At BNt CatH xlix 1772</bib>
<ex>C’est la deuxième nouvelle du Décaméron françois (v. 72.33).</ex>
<res>
<r_p>3e personne;</r_p>
<r_pl>Angleterre (époque d’Edouard VI);</r_pl>
<r_n>Guilfort Dudley, Jeanne Gray, Northumberland, Marie;</r_n>
<r_c>amours tragiques;</r_c>
<r_s>sensibilité effrénée.</r_s>
</res>
<ae>
<ae_ae>Autres éditions:</ae_ae>
<ae_se>- V. 72.33. — Paris, Brunet, 1776, in-8 (BN)</ae_se>
</ae>
</entry>
</document>

<document>
<entry>
<id>72.32</id>
<au>
<a>USSIEUX, Louis d’</a>
</au>
<ti>Lettres d’Elisabeth Sophie de Vallière à Louise Hortence de Canteleu, son amie, par madame Riccoboni</ti>
<det>
<pl>Paris,</pl>
<pb>Humblot,</pb>
<y>1772,</y>
<f>2 part, in-12,</f>
<p>358, 320p.</p>
</det>
<bib>A BNt AL 1771 VII 289-310; CatH xlviii 1771; CorrL fév. 1772; LV Crosby Mornet Q</bib>
<res>
<r_p>Lettres;</r_p>
<r_pl>province;</r_pl>
<r_n>le marquis de Germeuil, mylord Lindsey, Pauline, Cécile;</r_n>
<r_c>intrigue sentimentale, malheurs d’une jeune orpheline;</r_c>
<r_s>sensibilité, analyse des sentiments.</r_s>
</res>
<ae>
<ae_ae>Autres éditions:</ae_ae>
<ae_se>- 2de édition, Neuchâtel, 1772, 2 part., 218, 194p. (Neuchâtel) - Paris, Humblot, 1772, 2 part, in-8, 208, 190p. (VGM) - Paris, Humblot, 1775 (BN) - ... nouvelle édition, Paris, Belin, 1775, in-12 (Crosby) Pour les éditions des Œuvres, v. 57.12.</ae_se>
</ae>
</entry>
</document>

<document>
<entry>
<id>72.33</id>
<au>
<a>WIELAND, Christoph Martin</a>
<trd>trad. par le marquis François de t BARBÉ-MARBOIS</trd>
</au>
<ti>Le Décaméron françois, par M. d’Ussieux</ti>
<det>
<pl>Paris,</pl>
<pb>J.P. Costard,</pb>
<y>1772 (t. I) —Dufour, 1774 (t. 11),</y>
<f>2 t. in-8,</f>
<p>xü+ 322,312p.</p>
</det>
<bib>At BNt AL 1773 II 191-206; CatH xxxiii 1772;CorïL sept. 1772; LV Gay Mornet</bib>
<ex>Il s’agit d’un recueil groupant une série de nouvelles publiées les unes après les autres, à la manière des Épreuves du sentiment et des Nouvelles historiques d’Arnaud (v. 70.21,74.8). Nous notons ici les éditions collectives et chaque nouvelle à l’année</ex>
<ae>
<ae_ae>de sa parution:</ae_ae>
<ae_se>Henriette et Luci, Jeanne Gray, 1772; Berthold, Clémence d’Entragues, Elizène, 1773; Les princes d’Arménie, Jean sans peur, Raymond et Mariane, Roger et Victor, 1774; Thélaire, 1775. Les rééditions, dont nous faisons la liste sommaire ci-dessous, semblent être faites d’éléments disparates le plus souvent, réunis sous des pages de titre nouvelles. Autres éditions collectives: - Paris, Edme, 1772, in-8 (At, Q) - Paris, Brunet, 1775, in-8 (BNt) - Nouvelles et anecdotes historiques, par M. d’Ussieux, Paris, rue Saint-Jean-de-Beauvais, 1775, in-8, 322p.(At). Ce sont les cinq premières nouvelles du Décaméron françois. - Décaméron..., Maestricht, Jean-Edme Dufour et Philippe Roux, 1775, 2 t. in-12, xvi + 292, 272p. (At, BM) Amsterdam, Van Harrevelt, 1776, 2 t. in- 12 (DLC, CatH xii 1776, Q) Paris, Nyon, 1783-1784, 2 t. in-8 (BM, Gay) - Paris, Belin, 1798 (PU)</ae_se>
</ae>
</entry>
</document>

<document>
<entry>
<id>72.36</id>
<au>
<a>ZAYAS Y SOTOMAYOR, Dofia</a>
</au>
<ti>Socrate en délire ou dialogues de Diogène de Synope, traduits de l’allemand de M. Wieland</ti>
<det>
<pl>Dresde &amp; Paris,</pl>
<pb>veuve Desaint,</pb>
<y>1772,</y>
<f>in-8,</f>
<p>254p.</p>
</det>
<bib>BN+ CatH xxxiii 1773 Steinberger</bib>
<tr>Trad. de T.wK.pà.rqt; paivopevo&lt;; oder die Dialogen des Diogenes von Sinope, 1770.</tr>
<res>
<r_p>Ire personne, avec récits intercalés Ire personne;</r_p>
<r_pl>Grèce;</r_pl>
<r_n>Diogène, Lamon, Chérêa;</r_n>
<r_c>intrigue décousue;</r_c>
<r_s>réflexions morales et philosophiques.</r_s>
</res>
<ae>
<ae_ae>Autres éditions:</ae_ae>
<ae_se>— Dresde, G.C. Walther, 1772, in-8, 254p. (BMt, Steinberger) — Dresde &amp; Paris, 1772, in-8 (BN, Steinberger) - Dresde, 1775, in-8 (Steinberger) — Amsterdam, 1780, in-8 (Q, Steinberger) - Paris, Rochette, an V-1797, in-12, 178p. (BMt, BN, Steinberger). C’est l’édition pour laquelle le catalogue du BM donne par erreur la date de 1791. — Socrate fou ou dialogues ....Paris, 1798 (JP 31.iii.98, JT 16.xi.97 Goedeke, Steinberger)</ae_se>
</ae>
</entry>
</document>

<document>
<entry>
<id>72.37</id>
<au>ZAYAS Y SOTOMAYOR, Dofia</au>
<ti>Maria et d’autres trad. par et Louis d’USSIEUX Nouvelles espagnoles, traduites de différens auteurs par M. d’Ussieux</ti>
<det>
<pl>Madrid &amp; Paris,</pl>
<pb>Ruault,</pb>
<y>1772,</y>
<f>2 t. in-12,</f>
<p>394, 348p.</p>
</det>
<bib>A BMt BNt AL 1772 VII 254-259; CatH xlvii 1772; LV Delcro Gay Mornet Q</bib>
<res>
<r_c>Trois de ces récits sont des traductions de nouvelles tirées des Novelas ejemplares y amorosas de Maria de Zayas (</r_c>
<r_st>I re partie, 1636; 2e partie, 1647): La fausse suivante, trad. de Amar solo por vencer; Les stratagèmes de l’amour, trad. de E! imposible vencido; Les foiblesses de l’amour, trad. de El desenganado amado, y premio de la virtud. Nous n’avons pu identifier les auteurs des autres nouvelles. /, 1-55, La cabane des Pyrénées; 56-119, Adélaïde de Plorida; 120-173. Angélique de Loris ou la jeune Biscaienne; 174-211, Zélim &amp; Sélima; 212-258, Verdinitz &amp; Plomby; 259-300, Le brave de Castille; 301-394, Les époux fidèles. II, !-48, La vertu persécutée; 49-76, Toujours un crime précède un grand crime; 77-124, La fausse suivante; 125-190, Les stratagèmes de l’amour; 191-231, Les foiblesses de l’amour réparées et la fidélité conjugale récompensée; 232-348, L’orgueil et l’ambition humiliés.</r_st>
</res>
</entry>
</document>

</root>