<root>

<document>
<entry>
<id>77.1</id>
<ti>Eulalie ou les dernières volontés de l’amour, anecdote récente publiée par madame de V*** qui en est l’héroïne</ti>
<det>
<pl>Londres &amp; Paris,</pl>
<pb>Couturier, Desauges,</pb>
<y>1777,</y>
<f>in-12,</f>
<p>viii + 216p.</p>
</det>
<bib>At BM BNt CatH ix 1777; JP 27.ii.77; LV Gay Momet</bib>
<res>
<r_p>ire personne (avec dialogues);</r_p>
<r_pl>province, Paris;</r_pl>
<r_n>Eulalie, M. de Serinville, Saint-Julien, M. Dolmont;</r_n>
<r_c>amours contrariées, aventures romanesques, malheurs;</r_c>
<r_s>sensibilité effrénée.</r_s>
</res>
</entry>
</document>

<document>
<entry>
<id>77.2</id>
<ti>Lettres galantes et philosophiques de deux nones publiées par un apôtre du libertinage, avec des notes</ti>
<det>
<pl>Au Paraclet,</pl>
<y>1777,</y>
<f>in-8,</f>
<p>171p.</p>
</det>
<bib>(A) BMt BNt Monglond</bib>
<res>
<r_p>Lettres;</r_p>
<r_pl>couvent:</r_pl>
<r_n>sœur Christine, sœur Agathe, le père Anselme, Etienne;</r_n>
<r_c>correspondance lubrique, libertinage des religieuses.</r_c>
</res>
<ae>
<ae_ae>Autres éditions:</ae_ae>
<ae_se>- Paris, an II, in-18 (Cohen, Gay, Tricotel) - Rouen, 1797 (BN). L’édition de Rome que donne Gay pour 1797 est peut-être une erreur pour celle-ci.</ae_se>
</ae>
</entry>
</document>

<document>
<entry>
<id>77.3</id>
<ti>Le monialisme, histoire galante écrite par une ex-religieuse de l’abbaye où se sont passées les aventures</ti>
<det>
<pl>Rome,</pl>
<pb>aux dépens des couvens,</pb>
<y>1777,</y>
<f>2 part, in-12,</f>
<p>iii + 168, l69-324p.</p>
</det>
<bib>BMt Gay</bib>
<ex>Selon Gay, c’est peut-être le même ouvrage que le Bordel dans le cloître.</ex>
<res>
<r_p>Ire personne, dialogue et lettres;</r_p>
<r_pl>cadre conventuel;</r_pl>
<r_n>dom Delabrisse. le père Anselme, Agathe, Susanne;</r_n>
<r_c>récits libres, précisions pornographiques.</r_c>
</res>
</entry>
</document>

<document>
<entry>
<id>77.4</id>
<ti>L’ombre errante, rêve historique qui embrasse tout ce qui s’est passé d’intéressant depuis Pharamond jusqu’à Louis XVI Dans</ti>
<det>
<pl>l’atmosphère,</pl>
<pb>de l’imprimerie des Génies,</pb>
<y>1777,</y>
<f>2 part. in-12,</f>
<p>198, 214p.</p>
</det>
<bib>At BM LV</bib>
<res>
<r_p>Ire personne;</r_p>
<r_c>l’âme d’un homme qui vient de mourir voyage et observe les mœurs; la seconde partie offre un Abrégé impartial de l’histoire de France.</r_c>
</res>
</entry>
</document>

<document>
<entry>
<id>77.5</id>
<ae>
<ae_se>Le passe-tems du sexe Mardrid (sic), 1777, in-12, 235p. BMt Il est évidemment possible que l’édition donnée par Gay (ci-dessous, Autre édition) soit l’édition princeps. Cent trente-deux petits contes grivois. Autre édition: — Le passetemps du sexe, contenant un recueil de contes libres et gaillards par Libertinus, Cythère, 1777 (Gay)</ae_se>
</ae>
</entry>
</document>

<document>
<entry>
<id>77.6</id>
<au>
<a>ALEMAN, Mateo</a>
<trd>trad. par Alain-René LESAGE et adapt. nt par Pons-Augustin ALLETZ</trd>
</au>
<ti>Les avantures plaisantes de Gusman d’Alfarache, tirées de l’histoire de sa vie &amp; revues sur l’ancienne traduction de l’original espagnol</ti>
<det>
<pl>La Haye &amp; Paris,</pl>
<pb>veuve Duchesne,</pb>
<y>1777,</y>
<f>2t. in-12,</f>
<p>xii + 291, 299p.</p>
</det>
<bib>BMt BNt CatH xlviii 1776 Cordier Gay Q</bib>
<ex>Gay et Q donnent aussi une édition de 1772 que nous n’avons pu retrouver. Selon l’avertissement, l’éditeur a ‘réduit à deux petites Parties les trois volumes de la traduction de M. le Sage, qui parut il y a quarante ans’. La version de Lesage date de 1732 (v. 77.R9); celles de J. Chambelan et ensuite de Brémond ont paru au XVIIe siècle.</ex>
<tr>Trad. de La vida de Guzman de Alfarache, 1599-1603.</tr>
<res>
<r_p>Ire personne;</r_p>
<r_pl>Espagne, Italie;</r_pl>
<r_c>voyages et aventures picaresques.</r_c>
</res>
<ae>
<ae_ae>Autres éditions:</ae_ae>
<ae_se>— La Haye &amp; Paris, veuve Duchesne, 1777, 2t. in-12, x + 359, 367p. (BMt, Cordier) - Histoire de Guzman d’Alfarache..., Amsterdam, Compagnie, 1777, 2t. in-12 (BN, Cordier) — Aventures plaisantes..., Londres, 1783, 2t. in-18, xvi + 283, viii + 285p. (BMt, BN, Brissart, Cordier, Gay, Q) - Paris &amp; Noyon, Bailleul Ivers 17861,4t. in-18 (Cordier)</ae_se>
</ae>
</entry>
</document>

<document>
<entry>
<id>77.7</id>
<au>
<a>ALGAROTTI, comte Francesco</a>
<trd>trad. par ?</trd>
</au>
<s>nt</s>
<ti>Le congrès de Cythère du comte Algarotti, traduit en français sur la septième et dernière édition</ti>
<det>
<pl>Florence &amp; Paris,</pl>
<pb>Dorez,</pb>
<y>1777,</y>
<f>in-12,</f>
<p>iv+ 143p.</p>
</det>
<bib>BNt JP 16.iv.77 Blanc</bib>
<tr>Trad. de II Congresso di Citera, 1746.</tr>
<ex>Le congrès de Cythère occupe les pages 1-110; il est suivi d’un Jugement et de deux Lettres sur l’ouvrage. Pour la description de l’ouvrage, v. 58.6. Pour d’autres traductions, v. aussi 72.9, 82.11 et 89.27.</ex>
</entry>
</document>

<document>
<entry>
<id>77.8</id>
<au>
<a>ARNAUD, François-Thomas-Marie de Baculard d’</a>
</au>
<ti>Nouvelles historiques par M. d’Arnaud, tome second</ti>
<det>
<pl>Paris,</pl>
<pb>Delalain,</pb>
<y>1777,</y>
<f>in-8,</f>
<p>160p.</p>
</det>
<bib>At BNt AL 1776 VII 196-212; CatH v 1777; JP 13.i.77 Delcro Inklaar</bib>
<ex>C’est ainsi que se présente le quatrième récit de la série des Nouvelles historiques (v. 74.8). Le faux titre porte: Le prince de Bretagne, la page de titre, telle que nous la décrivons, étant destinée à servir de frontispice général au tome II une fois relié.</ex>
<res>
<r_p>3e personne;</r_p>
<r_pl>Bretagne (XVe siècle);</r_pl>
<r_n>François, Pierre, Gilles. Alix, Tangui (cour du duc de Bretagne);</r_n>
<r_c>aventures romanesques, intrigue sentimentale:</r_c>
<r_s>sensibilité effrénée, effets d’horreur.</r_s>
</res>
<ae>
<ae_ae>Autres éditions:</ae_ae>
<ae_se>- V. 74.8 - Paris, 1787, in-18, 216p. (NICt)77.9</ae_se>
</ae>
</entry>
</document>

<document>
<entry>
<id>77.9</id>
<au>
<a>ARNAUD, François-Tliomas-Marie de Baculard d’</a>
</au>
<ti>Suite des Epreuves du sentiment par M. d’Arnaud, tome quatrième, troisième anecdote, Pauline et Suzette</ti>
<det>
<pl>Paris,</pl>
<pb>Delalain,</pb>
<y>1777,</y>
<f>in-8,</f>
<p>pp. 171-258</p>
</det>
<bib>At BNt AL 1777 1 199-216; CatH xii 1777; JP 12,18.iii.77 Delcro Gay Inklaar</bib>
<ex>Le titre de départ porte: Pauline et Suzette, anecdote française. Pour la série des Épreuves du sentiment, v. 70.21.</ex>
<res>
<r_p>3e personne;</r_p>
<r_pl>province, Paris;</r_pl>
<r_n>Pauline de Monticourt, Suzette. Blinsey (noblesse, paysans):</r_n>
<r_c>les démêlés de deux sœurs de lait échangées en nourrice;</r_c>
<r_s>sensibilité larmoyante.</r_s>
</res>
<ae>
<ae_ae>Autres éditions:</ae_ae>
<ae_se>- V. 70.21</ae_se>
</ae>
</entry>
</document>

<document>
<entry>
<id>77.10</id>
<au>
<a>ARNAUD, François-Thomas-Marie de Baculard d’</a>
</au>
<ti>Suite des Epreuves du sentiment par M. d’Arnaud, tome quatrième, quatrième anecdote, Makin</ti>
<det>
<pl>Paris,</pl>
<pb>Delalain,</pb>
<y>1777.</y>
<f>in-8,</f>
<p>pp. 261-362</p>
</det>
<bib>At BNt AL 1777 III 117-130; CatH xxvii 1777; JP l.vii.77 Delcro Gove</bib>
<ex>Inklaar et Gove donnent une édition de 1775, dont nous n’avons pu voir un exemplaire. Cette date pourrait avoir ses origines dans un exemplaire de l’ouvrage sans page de titre, mais qui aurait été relié avec une des nouvelles des Epreuves parue en 1775. Le titre de départ porte: Makin, anecdote anglaise. Pour la série des Epreuves du sentiment, v. 70.21.</ex>
<res>
<r_p>3e personne;</r_p>
<r_pl>Angleterre (règne d’Edouard III);</r_pl>
<r_n>lord et lady Dorset, Hélène, Robert Makin;</r_n>
<r_c>des amants contrariés s’enfuient dans une (le déserte (Madère);</r_c>
<r_s>sensibilité, nature, malheurs.</r_s>
</res>
<ae>
<ae_ae>Autres éditions:</ae_ae>
<ae_se>- V. 70.21</ae_se>
</ae>
</entry>
</document>

<document>
<entry>
<id>77.11</id>
<au>
<a>ARNAUD, François-Thomas-Marie de Baculard d’</a>
</au>
<ti>Suite des Epreuves du sentiment par M. d’Arnaud, tome quatrième, cinquième anecdote, Germeuil</ti>
<det>
<pl>Paris,</pl>
<pb>Delalain,</pb>
<y>1777,</y>
<f>in-8,</f>
<p>pp. 365-456</p>
</det>
<bib>At BNt AL 1777 VII 98-117; CatH xxxviii 1777; JP 27.ix, 8.X.77 Delcro Inklaar</bib>
<ex>Le titre de départ porte: Germeuil, anecdote. Pour la série des Epreuves du sentiment, v. 70.21.</ex>
<res>
<r_p>3e personne;</r_p>
<r_pl>Paris;</r_pl>
<r_n>Germeuil, Blinval, Adélaïde;</r_n>
<r_c>aventures romanesques d’un provincial à Paris;</r_c>
<r_s>sensibilité effrénée.</r_s>
</res>
<ae>
<ae_ae>Autres éditions:</ae_ae>
<ae_se>- V. 70.21</ae_se>
</ae>
</entry>
</document>

<document>
<entry>
<id>77.12</id>
<au>
<a>ARNAUD, François-Thomas-Marie de Baculard d’</a>
</au>
<s>m</s>
<ti>Vie de Dérues, exécuté à Paris en place de Grève, le 6 mai 1777</ti>
<det>
<pl>Paris,</pl>
<pb>chez tous les libraires qui vendent des nouveautés,</pb>
<y>1777,</y>
<f>in-12,</f>
<p>35p.</p>
</det>
<bib>BMt BNt AL 1777 II 71; CatH xxii 1777;CorrL mai 1777 Inklaar Q</bib>
<ex>Selon CorrL ‘cette petite brochure est de M. Baculard d’Arnaud’. Cf. l’autre biographie de Desrues attribuée à Cailleau (77.19).</ex>
<res>
<r_c>En marge: biographie sans doute quelque peu romancée du célèbre criminel.</r_c>
</res>
</entry>
</document>

<document>
<entry>
<id>77.13</id>
<au>
<a>BARET, Paul</a>
</au>
<ti>Fo-ka ou les métamorphoses, conte chinois dérobé à M. de V***</ti>
<det>
<pl>Pékin &amp; Paris,</pl>
<pb>veuve Duchesne,</pb>
<y>1777,</y>
<f>2 part, in-12,</f>
<p>136, 139p.</p>
</det>
<bib>A BMt BNt CatH xlviii 1776; CorrL sept. 1777; LV B Bengesco Delcro Dufrenoy Gay Mornet Q</bib>
<ex>Cet ouvrage, dans cette édition, constitue la première partie du tome Xll de la Bibliothèque de campagne, Amsterdam &amp; Paris, veuve Duchesne, 1778, 24 t. (BNt). Mornet donne une seconde édition en 1777, que nous n’avons pu retrouver; mais il s’agit peut-être d’une référence erronée à la Bibliothèque de campagne que nous venons de citer.</ex>
<res>
<r_p>3e personne;</r_p>
<r_c>empire du Génie Clinquant; Eo-ka, Zizie, Mimie; le héros, invisible, observe ses contemporains dans une série de scènes où les mœurs sont critiquées;</r_c>
<r_s>ton satirique.</r_s>
</res>
</entry>
</document>

<document>
<entry>
<id>77.14</id>
<au>
<a>BASEDOW, Johann Bernhard</a>
<trd>trad. par le baron Jean- mt François de BOURGOING</trd>
</au>
<ti>De l’éducation des princes destinés au trône, par Mr. Basedow, traduit de l’allemand par Mr. de B***</ti>
<det>
<pl>Yverdon,</pl>
<pb>Société littéraire et typographique,</pb>
<y>1777,</y>
<f>in-8,</f>
<p>122p</p>
</det>
<bib>BNt Perret Q</bib>
<tr>Trad. de Agathokrator oder von Erzieliung künftiger Regenten 1771.</tr>
<res>
<r_c>En marge: roman de l’éducation virant au traité (le roi Agatho-crator et sa femme Sophronie s’occupent de l’éducation de leur fils, le jeune Agathocrator).</r_c>
</res>
</entry>
</document>

<document>
<entry>
<id>77.15</id>
<au>
<a>BERTIN, le chevalier Antoine de</a>
</au>
<s>m</s>
<ti>Voyage de Bourgogne, à M***</ti>
<det>
<pl>A l’isle de Bourbon &amp; Paris,</pl>
<pb>rue S. Jacques, au-dessus de celle des Mathurins, à l’enseigne du Grand Corneille,</pb>
<y>1777,</y>
<f>in-8</f>
<p>28p.</p>
</det>
<bib>BNt CorrL juin 1777; JP 8,16.viii.77 Neubert Q</bib>
<res>
<r_c>En marge: l’auteur raconte en prose et en vers un voyage par le coche d’eau de Paris en Bourgogne.</r_c>
</res>
<ae>
<ae_ae>Autres éditions:</ae_ae>
<ae_se>- ds Recueil amusant de voyages..., t.I Paris, Nyon l’aîné, 1783-84 (v. 83.R6). - ds Voyages imaginaires, t.XXVIII, 1787-89 (v. 87.R16) - ds Œuvres complètes de Berlin, t.II, Paris, Pillot 1806, 2t. in-18 (BNt)</ae_se>
</ae>
</entry>
</document>

<document>
<entry>
<id>77.15bis</id>
<au>
<a>BERTRAND, Elie</a>
</au>
<ti>Le Thévenon ou les journées de la montagne, par M.E. Bertrand, conseiller-privé de la cour de Pologne, membre de plusieurs Académies des</ti>
<det>
<pl>sciences, &amp;c. &amp;c. &amp;c. Neuchâtel,</pl>
<pb>de l’imprimerie de la Société typographique,</pb>
<y>1777,</y>
<f>in-12,</f>
<p>489p.</p>
</det>
<bib>At</bib>
<res>
<r_c>Discussions et réflexions découpées en ’journées’ et agrémentées de quelques récits: La constance et la vertu couronnées (seconde journée); Rencontre d’un vieillard et Le soldat vertueux (troisième journée); Histoire de Sophie Du Theil (cinquième et sixième journées); Histoire de M. Mathieu (sixième journée); Histoire de M. d’Essart (septième journée); Histoire de M. Le Fevre (huitième journée).</r_c>
</res>
<ae>
<ae_ae>Autres éditions:</ae_ae>
<ae_se>— Lausanne, 1777, 2t. in-12 (Q) — Le solitaire du Mont Jura ou récréations d’un philosphe ...nouvelle édition revue, corrigée et augmentée, Neuchâtel, Société typographique, 1782, 2t. in-12 (Neuchâtel, PP, PPULC, Q)</ae_se>
</ae>
</entry>
</document>

<document>
<entry>
<id>77.16</id>
<au>
<a>BOISGIRON, madame de</a>
</au>
<ti>Lettres de mademoiselle de Boismiran, recueillies et publiées par madame de ***</ti>
<det>
<pl>Amsterdam &amp; Paris,</pl>
<pb>Moutard,</pb>
<y>1777,</y>
<f>4 part, in-12,</f>
<p>159, 123, 124, 142p.</p>
</det>
<bib>A BNt LV B Mornet</bib>
<res>
<r_p>Lettres;</r_p>
<r_pl>Paris, province, Martinique;</r_pl>
<r_n>Mlle de Boismiran, Mlle de Belvaux, M. de Flinonval, M. d’Ornevil, Zaide, le marquis de V........;</r_n>
<r_c>amours contrariées, aventures romanesques;</r_c>
<r_s>sensibilité effrénée, vertu, bienfaisance.</r_s>
</res>
</entry>
</document>

<document>
<entry>
<id>77.17</id>
<au>
<a>BRISSOT DE WARVILLE, Jacques-Pierre</a>
</au>
<s>m</s>
<ti>Le pot pourri, étrennes aux gens de lettres</ti>
<det>
<pl>Londres,</pl>
<y>1777,</y>
<f>in-12,</f>
<p>84p.</p>
</det>
<bib>BNt B</bib>
<res>
<r_c>En marge: de petits essais critiques sur divers</r_c>
<r_st>sujets, particulièrement littéraires, où l’on retrouve parfois des éléments romanesques. Par ex.: pp. 9-17, L’après-souper d’Apollon ou examen des journalistes; 31-44, Le monde bouleversé, petite vision ou prophétie de l’abbé Joachim faite dans le douzième siècle; 66-84, La matinée perdue par un suppôt de l’Académie françoise.</r_st>
</res>
</entry>
</document>

<document>
<entry>
<id>77.18</id>
<au>
<a>BROOKE, Frances Moore</a>
<trd>trad. par ?</trd>
</au>
<s>t</s>
<ti>Histoire de miss West ou l’heureux dénouement, par madame ***, auteur de VHistoire d’Emilie Montagu, traduite de l’anglois</ti>
<det>
<pl>Rotterdam,</pl>
<pb>Bennet et Hake,</pb>
<y>1777,</y>
<f>2 part. pet. in-8</f>
<p>182 159p.</p>
</det>
<bib>A BNt Catll xxv 1778; JP 15.vi.78 Rochedieu Streeter</bib>
<ex>L’édition de 1778 donnée par B est sans doute fondée sur les annonces qui ont paru cette année.</ex>
<tr>Trad. de All’s Right at Last or the Hislory of Miss West, 1773.</tr>
<res>
<r_p>Lettres;</r_p>
<r_pl>Angleterre, Amérique;</r_pl>
<r_n>miss Elizabeth Darneley, miss Eanni West, Mr Parker, lord Wallon;</r_n>
<r_c>vie d’une jeune fille imprudente, intrigues mondaines, aventures coloniales;</r_c>
<r_s>sensibilité, prétentions moralisatrices.</r_s>
</res>
</entry>
</document>

<document>
<entry>
<id>77.19</id>
<au>
<a>CAILLEAU, André-Charles</a>
</au>
<s>m</s>
<ti>Vie privée et criminelle d’Antoine-François Desrues, contenant les particularités de sa jeunesse, ses mauvaises inclinations, son insigne hypocrisie, &amp; le détail des manoeuvres abominables &amp; des crimes atroces commis, de dessein prémédité, par ce scélérat, envers la dame de Lamotte &amp; son fils</ti>
<det>
<pl>Avignon &amp; Paris,</pl>
<pb>Cailleau,</pb>
<y>1777,</y>
<f>in-12,</f>
<p>132p.</p>
</det>
<bib>BNt B Q</bib>
<ex>Selon Q, cet ouvrage est attribué également à Baculard d’Arnaud. Cf. 77.12.</ex>
<res>
<r_p>3e personne;</r_p>
<r_pl>province (Chartres), Paris;</r_pl>
<r_n>bourgeoisie, peuple;</r_n>
<r_c>ta carrière de fourberies et de crimes de Desrues (biographie romancée);</r_c>
<r_s>de très nettes intentions moralisatrices.</r_s>
</res>
<ae>
<ae_ae>Autres éditions:</ae_ae>
<ae_se>- Paris, Cailleau, 1777, in-12, 96p. (BMt) - Lille, veuve J.B. Roger, s.d. [ 1778?], in-12, 120p. (BMt) - Amsterdam, 1779, in-12, 118p. (BMt) - Paris, Tiger, s.d. (1816] (BN)</ae_se>
</ae>
</entry>
</document>

<document>
<entry>
<id>77.20</id>
<au>
<a>CAZALET, Nicolas</a>
</au>
<ti>Les méprises ou Lucrèce et Bradamante, conte, suivi des Aveux, conte bleu en prose, et d’Actéon, romance, par M. Cazalet</ti>
<det>
<pl>Amsterdam &amp; Paris,</pl>
<pb>P. Fr. Gueffier,</pb>
<y>1777,</y>
<f>in-12,</f>
<p>x+ 120p.</p>
</det>
<bib>A BNt AL 1777 II 121-136: CatH xxi 1777; JP 12,22.iv.77 Delcro Gay Q</bib>
<ex>A part les A veux, le reste de l’ouvrage est en vers.</ex>
<res>
<r_c>Pp. 49-105, Les aveux: deux époux sur le retour de l’âge se font confidence de leurs infidélités réciproques.</r_c>
</res>
</entry>
</document>

<document>
<entry>
<id>77.21</id>
<au>
<a>CERVANTES SAAVEDRA, Miguel de</a>
<trd>trad. et adapt. par nt François FILLEAU DE SAINT-MARTIN et Vaquette d’HERMILLY</trd>
</au>
<ti>Histoire de l’admirable et incomparable Don Quichotte de la Manche, nouvelle édition revue avec soin sur l’original de Michel de Cervantès, &amp; beaucoup plus correcte que les précédentes, avec figures...</ti>
<det>
<pl>Paris,</pl>
<pb>veuve Duchesne,</pb>
<y>1777,</y>
<f>4t. in-12,</f>
<p>500, 525, 561,567p.</p>
</det>
<bib>Moulins</bib>
<ex>Bardon et Q donnent: Barrois aîné, au lieu de: veuve Duchesne. D’autres exemplaires portent: Cailleau (DLC?) ou Fournier (MHt). Bardon (pp. 850-851 ): ‘C’est la traduction de Filleau de Saint-Martin revue et considérablement abrégée par Vaquette d’Hermilly.’ Pour les rééditions de la traduction de Filleau de Saint-Martin, v. 52.R8.</ex>
</entry>
</document>

<document>
<entry>
<id>77.22</id>
<au>
<a>CERVANTES SAAVEDRA, Miguel de</a>
<trd>trad. par Jean- nt Baptiste LEFEBVRE DE VILLEBRUNE</trd>
</au>
<ti>Nouvelles espagnoles de Michel de Cervantès, traduction nouvelle avec des notes, ornée de figures en taille-douce, par M. Le Febvre de Villebrune, L’Espagnole angloise, nouvelle cinquième</ti>
<det>
<pl>Paris,</pl>
<pb>veuve Duchesne,</pb>
<y>1777,</y>
<p>56p.</p>
</det>
<bib>BMt BNt</bib>
<ex>Pour la série des Nouvelles espagnoles, v. 75.23.</ex>
</entry>
</document>

<document>
<entry>
<id>77.23</id>
<au>
<a>CERVANTES SAAVEDRA, Miguel de</a>
<trd>trad. par Jean- nt Baptiste LEFEBVRE DE VILLEBRUNE</trd>
</au>
<ti>Nouvelles espagnoles de Michel de Cervantès, traduction nouvelle avec des notes, ornée de figures en taille-douce, par M. Le Febvre de Villebrune, Le sot curieux, nouvelle sixième</ti>
<det>
<pl>Paris,</pl>
<pb>veuve Duchesne,</pb>
<y>1777,</y>
<p>63p.</p>
</det>
<bib>BMt BNt Bardon</bib>
<ex>Cette nouvelle est tirée de Don Quichotte; Bardon indique que Saint-Martin de Chassonville a été le premier, en 1744, à insérer ce récit dans la série des Nouvelles exemplaires. Pour la série des Nouvelles espagnoles, v. 75.23.</ex>
</entry>
</document>

<document>
<entry>
<id>77.24</id>
<au>
<a>CERVANTES SAAVEDRA, Miguel de</a>
<trd>trad. par Jean- nt Baptiste LEFEBVRE DE VILLEBRUNE</trd>
</au>
<ti>Nouvelles espagnoles de Michel de Cervantès, traduction nouvelle avec des notes, ornée de figures en taille-douce, par M. Le Febvre de Villebrune, Le licentié de verre, nouvelle septième</ti>
<det>
<pl>Paris,</pl>
<pb>veuve Duchesne,</pb>
<y>1777,</y>
<f>in-8.</f>
<p>56p.</p>
</det>
<bib>BMt BNt AL 1778 II 58-71; JP 12.vii.77</bib>
<ex>Pour la série des Nouvelles espagnoles, v. 75.23.</ex>
</entry>
</document>

<document>
<entry>
<id>77.25</id>
<au>
<a>CERVANTES SAAVEDRA, Miguel de</a>
<trd>trad. par Jean-nt Baptiste LEFEBVRE DE VILLEBRUNE</trd>
</au>
<ti>Nouvelles espagnoles de Michel de Cervantès, traduction nouvelle avec des notes, ornée de figures en taille-douce, par M. Le Febvre de Villebrune, L’illustre Frégone, nouvelle huitième</ti>
<det>
<f>In-8,</f>
<p>84p.</p>
</det>
<bib>BMt BNt AL 1778 II 58-71; JP 25.ix, 10.xi.77</bib>
<ex>Les exemplaires que nous avons vus ne comportent qu’un faux titre où la date n’est pas indiquée. Pour la série des Nouvelles espagnoles, v. 75.23.</ex>
</entry>
</document>

<document>
<entry>
<id>77.26</id>
<au>
<a>CERVANTES SAAVEDRA, Miguel de</a>
<trd>trad. par Jean- nt Baptiste LEFEBVRE DE VILLEBRUNE</trd>
</au>
<ti>Nouvelles espagnoles de Michel de Cervantès, traduction nouvelle avec des notes, ornée de figures en taille-douce, par M. Le Febvre de Villebrune, La force du sang, nouvelle neuvième</ti>
<det>
<f>In-8,</f>
<p>56p.</p>
</det>
<bib>BMt BNt</bib>
<ex>Les exemplaires que nous avons vus ne comportent qu’un faux titre où la date n’est pas indiquée. Pour la série des Nouvelles espagnoles, v. 75.23.</ex>
</entry>
</document>

<document>
<entry>
<id>77.27</id>
<au>
<a>CERVANTES SAAVEDRA, Miguel de</a>
<trd>trad. par Jean- nt Baptiste LEFEBVRE DE VILLEBRUNE</trd>
</au>
<ti>Nouvelles espagnoles de Michel de Cervantès, traduction nouvelle avec des notes, ornée de figures en taille-douce, par M. Le Febvre de Villebrune, Cornélie, nouvelle dixième</ti>
<det>
<f>In-8,</f>
<p>76p.</p>
</det>
<bib>BMt BNt</bib>
<ex>Les exemplaires que nous avons vus ne comportent qu’un faux titre où la date n’est pas indiquée. Pour la série des Nouvelles espagnoles, v. 75.23.</ex>
</entry>
</document>

<document>
<entry>
<id>77.28</id>
<au>
<a>CERVANTES SAAVEDRA, Miguel de</a>
<trd>trad. par Jean-nt Baptiste LEFEBVRE DE VILLEBRUNE</trd>
</au>
<ti>Nouvelles espagnoles de Michel de Cervantès, traduction nouvelle avec des notes, ornée de figures en taille-douce, par M. Le Febvre de Villebrune, Le mariage trompeur, nouvelle onzième</ti>
<det>
<f>In-8,</f>
<p>96p.</p>
</det>
<bib>BMt BNt</bib>
<ex>Les exemplaires que nous avons vus ne comportent qu’un faux titre où la date n’est pas indiquée. Pour la série des Nouvelles espagnoles, v. 75.23.</ex>
</entry>
</document>

<document>
<entry>
<id>77.29</id>
<au>
<a>CERVANTES SAAVEDRA. Miguel de</a>
<trd>trad. par Jean-nt Baptiste LEFEBVRE DE VILLEBRUNE</trd>
</au>
<ti>Nouvelles espagnoles de Michel de Cervantès, traduction nouvelle avec des notes, ornée de figures en taille-douce, par M. Le Febvre de Villebrune, Les filoux, nouvelle douzième</ti>
<det>
<f>In-8,</f>
<p>63 +2p.</p>
</det>
<bib>BMt BNt</bib>
<ex>Les exemplaires que nous avons vus ne comportent qu’un faux titre où la date n’est pas indiquée. Pour la série des Nouvelles espagnoles, v. 75.23.</ex>
</entry>
</document>

<document>
<entry>
<id>77.30</id>
<au>
<a>COTENEUVE, de</a>
</au>
<ti>La confiance trahie ou lettres du chevalier de Murcy, par M. de Coteneuve</ti>
<det>
<pl>Amsterdam &amp; Paris,</pl>
<pb>Mérigot le jeune,</pb>
<y>1777,</y>
<f>in-8,</f>
<p>I66p.</p>
</det>
<bib>A BNt AL 1777 IV 144; CatH xxxv 1777; JP 30.vi.77; LV Delcro Momet Q(sous’Cotteneuve’)</bib>
<res>
<r_p>Lettres:</r_p>
<r_pl>province, Paris:</r_pl>
<r_n>le chevalier de Murcy, Mme d’Orville, M. de Pienne;</r_n>
<r_c>intrigues sentimentales.</r_c>
</res>
</entry>
</document>

<document>
<entry>
<id>77.31</id>
<au>
<a>CRÉBILLON, Claude-Prosper Jolyot de, Anne-Gabriel MEUS-cn NIER DE QUERLON, Jean-Jacques ROUSSEAU et d’autres, adapt. par ?</a>
</au>
<ti>Le temple de Vénus</ti>
<det>
<pl>Londres,</pl>
<y>1777,</y>
<f>in-8,</f>
<p>396p.</p>
</det>
<bib>BMt</bib>
<ex>B Avant-propos: ‘J’ai vu les plus beaux Tableaux de l’amour; je vais les exposer aux yeux des Enfans fortunés de la Nature. Ce sont des Miniatures tirées des meilleurs peintres en ce genre.’ L’ouvrage consiste en une trentaine de ‘tableaux’, c’est-à-dire de seines ou de chapitres empruntés à des romans d’amour, par exemple: Le Sopha, La nouvelle Héloïse, Serpille et Lilla. L’éditeur a fait quelques changements pour que ces extraits puissent se lire comme des morceaux indépendants.</ex>
</entry>
</document>

<document>
<entry>
<id>77.32</id>
<au>
<a>CRILLON, Louis-Athanase Des Balbes de Berton, abbé de</a>
</au>
<s>m</s>
<ti>Mémoires philosophiques du baron de ***, grand chambellan de Sa Majesté l’Impératrice Reine Vienne en</ti>
<det>
<pl>Autriche &amp; Paris.</pl>
<pb>Berton,</pb>
<y>1777 (t.l)—1778 (t.II),</y>
<f>2 t. in-8,</f>
<p>304, 351p.</p>
</det>
<bib>BMt BNt AL 1777 IV 36-37, 202-212, 1778 III 145-168, 217-240, 1779 I 356; CatH üi 1777, xxiv 1778, viii 1779; CottL juillet 1777; JP 9.viii.77, 13.vi.78, 31.i.79 B Delcro Q</bib>
<res>
<r_c>Avertissement: ‘Ces Mémoires ne sont point l’histoire de ma vie, mais celle de mon cœur &amp; de ma raison ... Il sera facile de voir que mon livre n’est pas un Roman ...’ En marge: les rencontres et les conversations philosophiques d’un étranger à Paris, racontées à la première personne (dialogues, mise en scène).</r_c>
</res>
<ae>
<ae_ae>Autres éditions:</ae_ae>
<ae_se>- Vienne en Autriche et les principaux libraires de l’Europe, 1778, in-12 (BN, t.l seulement) - Paris, Berton, 1779, 2t. in-8 (BN)</ae_se>
</ae>
</entry>
</document>

<document>
<entry>
<id>77.33</id>
<au>
<a>DIDEROT, Denis</a>
</au>
<s>m</s>
<ti>Pensées philosophiques en françois et en italien, auxquelles on a ajouté un Entretien d’un philosophe avec Mde la duchesse de ***, ouvrage posthume de Thomas Crudeli, en italien et en françois, par le même auteur</ti>
<det>
<pl>Londres,</pl>
<y>1777,</y>
<f>in-8,</f>
<p>181p.</p>
</det>
<bib>BMt BN Q</bib>
<ex>L’Entretien ... avec Mdt la duchesse est le même ouvrage que (Entretien ... avec la maréchale de ***. Pour les détails sur la publication de (Entretien, v. l’Introduction de Paul Vernière dans les Œuvres philosophiques de Diderot, Paris, Garnier, 1956, pp. 519-523.</ex>
<res>
<r_st>Pp. 1-115, Pensées philosophiques. Pp. 117-181. Entretien: en marge: dialogue; la duchesse et Crudeli discutent des questions de religion et de morale.</r_st>
</res>
<ae>
<ae_ae>Autre édition:</ae_ae>
<ae_se>- ds Opuscules philosophiques et littéraires, éd. Bourlet de Vauxcelles, Paris, Chevet, 1796, in-12 (BN, Vernière) Pour les éditions des Œuvres de Diderot, v. 73.20.</ae_se>
</ae>
</entry>
</document>

<document>
<entry>
<id>77.34</id>
<au>
<a>DIONIS, mademoiselle</a>
</au>
<ti>Origine des Grâces, par mademoiselle D“**</ti>
<det>
<pl>Paris,</pl>
<y>1777,</y>
<f>in-8,</f>
<p>xi + 111p.</p>
</det>
<bib>A BMt BNt AL 1778 II 72; CatH lii 1777; CorrL juin 1778; JP 4.xiL77, 22-23.L78 B dayton Gay Mornet Q</bib>
<res>
<r_st>Pp. 1-70, Origine des Grâces: 3e personne: Grèce; Vénus, le Berger. Céphlse; poème en prose; 71-76, Mars, allégorie; 77-87, Le bienfait rendu, conte moral; 88-90, Au filet d’Elise; 91-94, Les souvenirs d’Aline; 95-97, Le lever de l’aurore; 98-99, A Emilie; 100-102, Sacrifice d’une nymphe à Vénus; 103-104, La cruche cassée, conte sur un tableau de Greuze-105-107, Rose et Zéphir.</r_st>
</res>
</entry>
</document>

<document>
<entry>
<id>77.35</id>
<au>
<a>DOMAIRON, Louis</a>
</au>
<ti>Le libertin devenu vertueux ou mémoires du comte D’***</ti>
<det>
<pl>Londres &amp; Paris,</pl>
<pb>veuve Duchesne,</pb>
<y>1777,</y>
<f>2 part, in-12,</f>
<p>viii + 348, 252p.</p>
</det>
<bib>A BNt CatH xvi 1777; CorrL mars 1777; JP 12.iv.77; LV B Delcro Gay Mornet Q</bib>
<res>
<r_p>Ire personne (mémoires):</r_p>
<r_pl>Paris. Italie, Provence, Hollande;</r_pl>
<r_n>Kerzamour, le comte de ***, Casier, Adélaïde;</r_n>
<r_c>aventures romanesques, crimes, voyages;</r_c>
<r_s>prétentions moralisatrices.</r_s>
</res>
<ae>
<ae_ae>Autres éditions:</ae_ae>
<ae_se>- Londres &amp; Liège, F.-J. Desoer, 1777, 2t. in-12 (BN, Momet) - Londres &amp; Paris, veuve Duchesne, 1778, 2t. in-12, 270 191 p. (Leeds)</ae_se>
</ae>
</entry>
</document>

<document>
<entry>
<id>77.36</id>
<au>
<a>DUBOURG</a>
</au>
<s>*</s>
<ti>Fables et contes moraux</ti>
<det>
<y>1777,</y>
<f>in-12</f>
</det>
<bib>Q</bib>
</entry>
</document>

<document>
<entry>
<id>77.37</id>
<au>
<a>DUFF, W.</a>
<trd>trad. par ?</trd>
</au>
<s>t</s>
<ti>Histoire de Rhedy, hermite du mont Ararat, conte oriental traduit de l’anglois</ti>
<det>
<pl>Londres &amp; Versailles,</pl>
<pb>Le Fèvre,</pb>
<y>1777,</y>
<f>2 part, in-12,</f>
<p>163, 86p</p>
</det>
<bib>A BNt JP 28.v, 28.vi.77; LV Dufrenoy Momet</bib>
<tr>Trad. de The History of Rhedi, the Hermit of Mount Ararat 1773.</tr>
<res>
<r_p>Cadre 3e personne, avec récit Ire personne;</r_p>
<r_pl>Perse, Venise, Géorgie,...;</r_pl>
<r_n>Amur, Rhedy, Sélima (cour, noblesse):</r_n>
<r_c>intrigue sentimentale, aventures romanesques, voyages.</r_c>
</res>
</entry>
</document>

<document>
<entry>
<id>77.38</id>
<au>
<a>DUVAL-PYRAU, l’abbé</a>
</au>
<ti>Aristide, par M. l’abbé Duval-Pyrau, conseiller de la cour de S.A.S. Monseigneur le landgrave &amp; prince de Hesse-Hombourg &amp; membre de plusieurs académies &amp; sociétés littéraires</ti>
<det>
<pl>Yverdon,</pl>
<pb>imprimerie de la Société littér.</pb>
<pl>&amp; typog.,</pl>
<y>1777,</y>
<f>in-8,</f>
<p>144p.</p>
</det>
<bib>A BM BNt CatH xiv 1777 Delcro Momet Perret Q</bib>
<res>
<r_p>3e personne;</r_p>
<r_pl>Athènes;</r_pl>
<r_n>Aristide, Clisthène, Policeyde, Lyco-mède;</r_n>
<r_c>intrigues politiques, guerres, vie romancée d’Aristide (dialogues, mise en scène):</r_c>
<r_s>sensibilité, prétentions morales (portrait du citoyen vertueux).</r_s>
</res>
<ae>
<ae_ae>Autre édition:</ae_ae>
<ae_se>- 1778, in-8 (Perret)</ae_se>
</ae>
</entry>
</document>

<document>
<entry>
<id>77.39</id>
<au>
<a>FALQUES, Marianne-Agnès</a>
</au>
<ti>Dialogues moraux et amusants en anglois et en françois pour l’instruction de la jeunesse, par madame Fauques de Vaucluse</ti>
<det>
<pl>Londres,</pl>
<pb>Edouard et Charles Dilly,</pb>
<y>1777,</y>
<f>2t. in-12,</f>
<p>xiii + 277, vii + 303p.</p>
</det>
<bib>BM+ Delcro Q</bib>
<res>
<r_c>Texte français en face du texte anglais. Un groupe d’amis s’entretiennent, en neuf dialogues, des vertus et des vices; chaque discussion est suivie d’une histoire exemplaire: L’allégorie de Psyché; Histoire de deux amans infortunés; La singulière éducation de Sesostris; Le mariage et les amours de Marc A ntoine: L’histoire d’une famille atliéniene (sic) et d’une famille romaine: Les aventures d’un homme de qualité françois, retiré du monde;</r_c>
<r_s>Conte oriental; L’histoire de deux marchands génois; Les deux isles.</r_s>
</res>
<ae>
<ae_ae>Autre édition:</ae_ae>
<ae_se>- Londres, C. Dilly, 1784, 2t. in-12 (BN, Q)</ae_se>
</ae>
</entry>
</document>

<document>
<entry>
<id>77.40</id>
<au>
<a>GODARD D’AUCOUR, Claude n</a>
</au>
<ti>L’académie militaire ou les héros subalternes, nouvelle édition revue et augmentée avec figures, par un auteur suivant l’armée</ti>
<det>
<pl>Amsterdam,</pl>
<pb>par la Société,</pb>
<y>1777,</y>
<f>2t. in-12,</f>
<p>xii + 269, 303p.</p>
</det>
<bib>At BMt CatH xvii 1777; JP 28.V.77; LV 11A1 B Gay Momet</bib>
<ex>0 La première édition de cet ouvrage parut en 1740, selon Gay, ou en 1745, date à laquelle Jones a trouvé les premiers exemplaires (A, BM, BN). L’ouvrage aurait paru encore en 1747 (Gay) et en 1749 (A, BN). Selon l’avis, l’édition de 1777 est la quatrième, et tout le IVe livre (II, 175-303) est nouveau. II, 175-303:</ex>
<res>
<r_p>Ire personne:</r_p>
<r_pl>Paris et province;</r_pl>
<r_n>le narrateur poursuit</r_n>
<r_c>plusieurs métiers, organise une Académie bourgeoise (réflexions sur les finances, l’Opéra, etc.), et finit par se faire moine;</r_c>
<r_s>ton satirique.</r_s>
</res>
</entry>
</document>

<document>
<entry>
<id>77.41</id>
<au>
<a>GOETHE, Johann Wolfgang von</a>
<trd>trad. par le comte Woldmar ‘ nt von SCHMETTAU</trd>
</au>
<ti>Les passions du jeune Werther, ouvrage traduit de l’allemand de M. Goethe par monsieur</ti>
<det>
<pl>Aubry Manheim &amp; Paris,</pl>
<pb>Pissot,</pb>
<y>1777,</y>
<f>in-8,</f>
<p>xxxix + 220p.</p>
</det>
<bib>A BN! AL 1778 I 260-282; CatH li 1777; CottL mars 1778; JP 10.i.78; LV Baldcnsperger, Bibl. Q</bib>
<tr>Trad. de Leiden desjungen Werthers, 1774.</tr>
<ex>Les versions françaises de Seckendorff et de Deyverdun ont paru en 1776 (v. 76.26 et 76.27); celle de Salse a paru en 1800 (00.78). Pour la description, v. 76.26.</ex>
<ae>
<ae_ae>Autres éditions:</ae_ae>
<ae_se>- Reims, Cazin, 1784, in-12, 232p. (BM!, Balden-sperger) - Paris, Cazin, 1786, in-18, xxix + 225p. (BN!, Balden-sperger) — Paris, 1790(?) (Baldensperger, qui cite Cohen). Düsseldorf possède un exemplaire sans page de titre; le catalogue donne: [um 17901. - Londres (sic), 1792, in-8, 287p. (Dusseldorf, Frankfurt!). Baldensperger donne: in-12. - Paris, 1792, in-12 (Baldensperger, qui cite Cohen) — Paris, Le Prieur, 1793, in-8 (BN, Baldensperger) - Werther, Paris, Louis, 1794, in-8, 2I0p. (Frankfurt!, Baldensperger) — Paris, 1794, in-16 (Baldensperger). Le catalogue de CtY donne: Werther. Paris, Dufart, 1794, 2t. — Paris, Devaux, 1795, 219p. (Düsseldorf, NNC) — Londres, 1797, 2t. in-18 (Baldensperger) - Werther, traduit de l’allemand de Goete (sic) par Aubry, Paris, 1797, 2t. in-18 (Baldensperger, Q) — Werther, traduction de l’allemand. Paris, F. Dufart. an 5e-1797, 2t. in-18, 122, 129p. (BN!, Baldensperger) ’ — Werther, traduction de l’allemand pa C. Aubry, nouvelle édition revue et corrigée par le traducteur, Paris, Didot jeune, 1797, in-8, viii + I78p. (Düsseldorf) — Werther, traduction de l’allemand de Goethe par C. Aubry, nouvelle édition revue et corrigée .... s.l., 1797, in-8, 209p. (Düsseldorf) - Les passions du jeune Werther, Paris, an VIII, in-8 (Baldensperger) - Paris, Tiger, s.d. (vers 18001, 2t. in-18, 105, 108p. (BM!, BN) — Werther, traduit de l’allemand de Goethe (sic), en français et en espagnol.... Paris, F. Louis. 1803, 2t. in-12, xi+ 195, 237p. (BN!) -Paris, 1810, in-12 (BM)</ae_se>
</ae>
</entry>
</document>

<document>
<entry>
<id>77.42</id>
<au>
<a>GRIFFITH, Elizabeth</a>
<trd>trad. par ?</trd>
</au>
<s>t</s>
<ti>Histoire de lady Julie Harley, par Mad. Griffith, traduit de l’anglois</ti>
<det>
<pl>Paris,</pl>
<pb>veuve Duchcsne</pb>
<pl>&amp; Amsterdam,</pl>
<pb>D.J. Changuion,</pb>
<y>1777,</y>
<f>2 part. pet. in-8,</f>
<p>148, 173p.</p>
</det>
<bib>BN! CatH vi 1778; LV Rochedieu Streeter</bib>
<tr>Trad. de The Story of Lady Juiiana Harley, 1776.</tr>
<res>
<r_p>Lettres;</r_p>
<r_pl>Angleterre;</r_pl>
<r_n>Charles Evelyn, William Stanley, lady Julie Harley, miss Evelyn;</r_n>
<r_c>intrigue sentimentale et mondaine.</r_c>
</res>
<ae>
<ae_ae>Autres éditions:</ae_ae>
<ae_se>- Paris, veuve Duchesne &amp; Amsterdam, Changuion, 1778, 2t. in-12 (A) - Paris, 1786. in-12 (Rochedieu)</ae_se>
</ae>
</entry>
</document>

<document>
<entry>
<id>77.43</id>
<au>
<a>LAWRENCE, Herbert</a>
<trd>trad. par ?</trd>
</au>
<s>t</s>
<ti>Vie et aventures de Sens commun, histoire allégorique traduite de l’anglais sur la seconde édition</ti>
<det>
<pl>Avignon,</pl>
<y>1777,</y>
<f>in-8,</f>
<p>166p.</p>
</det>
<bib>At BM BN CorrL juillet 1779; LV Mornet Perret Rochedieu Streeter</bib>
<ex>A possède un deuxième exemplaire identique à celui que nous décrivons, à part le fait que la pagé de titre porte non pas: ‘Avignon’ mais: ‘Yverdon’.</ex>
<tr>Trad. de The Life and Adventures of Commen Sense, 1769.</tr>
<res>
<r_p>Ire personne;</r_p>
<r_pl>A thénes:</r_pl>
<r_n>Vérité, Wisdom, Esprit. Prudence;</r_n>
<r_c>action allégorique, abrégé de l’histoire de France;</r_c>
<r_s>ton satirique.</r_s>
</res>
<ae>
<ae_ae>Autre édition:</ae_ae>
<ae_se>— 1779, pet. in-8 (Drujon)</ae_se>
</ae>
</entry>
</document>

<document>
<entry>
<id>77.44</id>
<au>
<a>LE MONNIER, abbé Guillaume-Antoine</a>
</au>
<s>m</s>
<ti>Fêtes des bonnes-gens de Canon et des Rosières de Briquebec</ti>
<det>
<pl>Avignon &amp; Paris,</pl>
<pb>l’abbé Le Monnier, Prault, frère Joubert et Cellot, veuve Vallat-la-Chapelle,</pb>
<y>1777,</y>
<f>in-8,</f>
<p>viii+ 208p.</p>
</det>
<bib>BM BNt AL 1777 II 54-71; JP 30.iv, 1-2.V.77, 23.iii, 16.iv.78 B</bib>
<res>
<r_c>En marge: le récit, sous forme de lettres, de cérémonies campagnardes. Même si le fond en est vrai, ta forme de l’ouvrage se rapproche des conventions romanesques. Sensibilité, vertu, prétentions morales.</r_c>
</res>
<ae>
<ae_ae>Autre édition:</ae_ae>
<ae_se>— s.d. ( 1778], 2 part, in-8, viii + 216 + 73p. (BN, B)</ae_se>
</ae>
</entry>
</document>

<document>
<entry>
<id>77.45</id>
<au>
<a>LEROY DE LOZEMBRUNE, François-Claude</a>
</au>
<ti>Lettres et contes sentimentaux de George Wanderson, publiés par Mr. le Roy de Lozembrune, membre de plusieurs académies &amp; sociétés littéraires</ti>
<det>
<pl>Augsbourg,</pl>
<pb>Conrad Henry Stage,</pb>
<y>1777,</y>
<f>in-8</f>
</det>
<bib>Lausannet Q</bib>
<ex>L’exemplaire de Lausanne est incomplet; la dernière page est la p.214.</ex>
<res>
<r_st>Pp. 1-47, Le départ; 48-75, Histoire d’André: 76-110, Histoire du baron de Tekeli; 111-138. L’inconséquence de l’amour; 139-175, La force du sang; 176-198, La sagesse de la folie; 199-2... Le voyage de Jupiter.</r_st>
</res>
</entry>
</document>

<document>
<entry>
<id>77.46</id>
<au>
<a>LESUIRE, Robert-Martin</a>
</au>
<ti>Les noces patriarchales, poëme en prose en cinq chants</ti>
<det>
<pl>Londres &amp; Paris,</pl>
<pb>Quillau, veuve Tilliard,</pb>
<y>1777,</y>
<f>in-12,</f>
<p>viii + 260p.</p>
</det>
<bib>At CatH viii 1777; CorrL mars 1777; JP 17.ii.77 Clayton Q</bib>
<ex>Poème en prose dont le sujet est tiré de l’Ecriture sainte (Abraham, Isaac, Rebecca).</ex>
<ae>
<ae_ae>Autre édition:</ae_ae>
<ae_se>- Isaac et Rebecca ou les noces patriarchales, poëme en prose en cinq chants, nouvelle édition, Londres &amp; Paris, Duchesne, 1780 (JP 2.iv.80, Q). Ce titre est donné dans une notice parue dans L’Amérique découverte, 1781, de Lesuire, ainsi que par Clayton.</ae_se>
</ae>
</entry>
</document>

<document>
<entry>
<id>77.47</id>
<au>
<a>LOAISEL DE TRÈOGATE, Joseph-Marie</a>
</au>
<ti>Soirées de mélancolie, par M. L***</ti>
<det>
<pl>Amsterdam,</pl>
<pb>Arkstée et Merkus,</pb>
<y>1777,</y>
<f>in-8,</f>
<p>xiv+ 160p.</p>
</det>
<bib>At CatH xix 1776; JP 26.v, 8.vL77 B Delcro Loaisel de Saulnays Momet Q</bib>
<res>
<r_st>Pp. 1-12, La vision; 13-32, L’innocence protégée du ciel; 33-44, Le remords; 45-56, Nisa; 57-66. Les regrets; 67-74, Le crime puni; 75-94, Le songe; 95-130, L’empire de la beauté; 131-143, Le vieux laboureur; 144-150, A ma Julie; 151-157, Le port; 158-160, Au lecteur.</r_st>
</res>
<ae>
<ae_ae>Autre édition:</ae_ae>
<ae_se>- Nouvelle édition, Paris, Louis, an III, 2t. in-18, 186, 154p. (CtYt). Loaisel de Saulnays donne: Paris, 1794, 2t. in-18.77.48</ae_se>
</ae>
</entry>
</document>

<document>
<entry>
<id>77.48</id>
<au>
<a>LOUIS XVIII, le comte de Provence, depuis</a>
</au>
<ti>Les mannequins, conte ou histoire comme l’on</ti>
<det>
<f>voudra Pet. in-8,</f>
<p>36p.</p>
</det>
<bib>BNt B Clayton Drujon</bib>
<ex>Toutes les références données ci-dessus proposent la date de 1777.</ex>
<res>
<r_p>3e personne;</r_p>
<r_pl>Perse;</r_pl>
<r_n>Sophi, Alibeg, le Mollak, Togur;</r_n>
<r_c>allégorie politique de la France.</r_c>
</res>
<ae>
<ae_ae>Autres éditions:</ae_ae>
<ae_se>- s.d., in-8, 37p. (B) - s.d., in-8, 32p. (B) — Ispahan, s.d., in-12, 74p. (Q) - s.d., in-8, 26p. (BMt)</ae_se>
</ae>
</entry>
</document>

<document>
<entry>
<id>77.49</id>
<au>
<a>MACPHERSON, James</a>
<trd>trad. par Pierre-Prime-Félicien mt LE TOURNEUR</trd>
</au>
<ti>Ossian, fils de Fingal, barde du troisième siècle, poésies galliques traduites sur l’anglois de M. Macpherson par M. Le Tourneur</ti>
<det>
<pl>Paris,</pl>
<pb>Musier fils,</pb>
<y>1777,</y>
<f>2 t. in-8,</f>
<p>lxxx + 309, 301p.</p>
</det>
<bib>BM BNt AL 1776 VI 217-239; CatH 1 1776; JP 16, 23-25.iii.77 Clayton Cushing Q Rochedieu VanTieghem</bib>
<ex>Rochedieu donne une édition de 1776, suivant sans doute une annonce parue cette année.</ex>
<tr>Trad. de Works of Ossian. 1765.</tr>
<res>
<r_c>En marge: fragments épiques en prose poétique.</r_c>
</res>
<ae>
<ae_ae>Autres éditions:</ae_ae>
<ae_se>— Il existe également une version in-4 de la première édition (BN, Cushing) - ds Poésies galliques, Paris, Dufart, an VI-1798, 7t. in-16 (Rochedieu, Van Tieghem). Comprend la traduction de Le Tourneur et les Poèmes d’Ossian de Smith (v. 95.40). - Paris, Dantu, an VIII [1799], 2t. in-8 (Q, Rochedieu) - Nouvelle édition augmentée, Paris, 1810, in-8 (BM)</ae_se>
</ae>
</entry>
</document>

<document>
<entry>
<id>77.50</id>
<au>
<a>MARMONTEL, Jean-François</a>
</au>
<ti>Les Incas ou la destruction de l’empire du Pérou par M. Marmontel, historiographe de France, l’un des quarante de l’Académie françoise</ti>
<det>
<pl>Paris,</pl>
<pb>Lacombe,</pb>
<y>1777,</y>
<f>2t. in-8,</f>
<p>xii + 338, 380p.</p>
</det>
<bib>BNt AL 1776 VIII 289-321; CatH vi 1777; CorrL mars 1777; JP 19,30.i,77 Clayton Delcro Dufrenoy Lenel Mornet Q</bib>
<res>
<r_p>3e personne, avec récit intercalé ire personne;</r_p>
<r_pl>Pérou;</r_pl>
<r_n>Cora, Orozimbo, Alonzo de Molina. Atalibre, Huasca;</r_n>
<r_c>aventures guerrières, incidents romanesques: roman philosophique (contre le fanatisme), couleur locale, épopée en prose.</r_c>
</res>
<ae>
<ae_ae>Autres éditions:</ae_ae>
<ae_se>- Paris, Lacombe, 1777, 2t. in-8, xxxii + 253, 310p. (BMt) — Paris, Lacombe, 1777, 2t. in-8, xxviii + 207, 257p. (At) - Paris, Lacombe, 1777, 2t. in-8, xxv + 235, 253p. (At) - Paris, Lacombe, 1777, 2t. in-8, xxxviii + 264, 324p. (At: t.II seulement. Bruxellest) - Paris, Lacombe, 1777, 2t. in-8, viii + 252, 280p. (MH) - Paris, Lacombe, 1777, 399p. (DPU, MH) - Paris, Lacombe, 1777, 2t. in-12, xlviii + 311, 366p. (RPJCBt) - Paris, Lacombe, 1777, 2t. in-8, xii + 321, 364p. (Bibl. Monglondt) - Paris, Lacombe, 1777, 2t. in-8, xii + 338, 380p. (ICN, Cohen - Paris, Lacombe, 1777, 2t. in-8, xii + 338, 380p. (Cohen). Selon Cohen, c’est une contrefaçon de l’édition précédente. - Amsterdam, M.M. Rey, 1777, 2t. in-12 (Nantes) Berne, Société typographique, 1777, 2t. in-8 (Ajaccio, Besançon, MWA, NN) - Liège, Bassompierre, 1777,2t. in-8 (Bordeaux, CtY, MB, PP. PU-Mu) - Francfort &amp; Leipsic, Broenner, 1777, 2t. (CtY, DLC) - Neuchâtel, Société typographique, 1777, 2t. (Neuchâtel, 0C1W) - Paris, Lacombe, 1778, 2t. in-12, xii + 321,364p. (BMf, Momet, Q) — Lausanne, 1780, in-8 (Momet, Q) ds Œuvres, 1786-87 (Q) — ds Œuvres complètes. t.Xl-XII, Paris, Née de La Rochelle, 1787. 17t. in-18 (BN, Gay, Q) — Les Incas..., Paris, Lacombe, 1789, xxiv + 205p. (MB, PP, PU-Mus) ds Œuvres, Paris, Dufart, 1790 (MH) — Les Incas..., Paris, 1793, 2t. in-18 (BN) — Paris, 1794, 3t. (DLC, Q) — Paris, an III, 3t., xxxii + 179, 226, 208p. (CtY, DcGet, DLC, MH) — Francfort &amp; Leipsic, Henry-Louis Brônner, 1809, in-12, 315p. (BMt) — Lyon, Leroy, 1810, 2t. (MnU, PPL-R) — Lyon, Mme Buynand, 1810, 3t. in-12 (BN) — Paris, Billois, 1810, 2t. in-18, xxxiv + 284, 323p. (BNt) — Paris, 1810, 2t. in-12, xxiv + 203, 244p. (BMt ) — Lyon, Mme J. Buynand, 1811,3t. in-12 (BN) — La Flèche, impr. de P.-J. Voglet, 1811, 3t. in-12 (BN) -s.1.,1812. 2t. in-12 (BN) — Paris, Aubry, 1813, 3t. in-13 sic, pour in-18? (BN) — Londres, T. Boosey, B. Dulau, Mawman, C. Law, de Couchy, 1814, in-8, 416p. (BMt) — Lyon, Ve Buynand née Bruyset, 1817, 3t. in-18, xxxvi + 211, 248, 244p. (BNt) — Paris, Ledentu, 1817, 2t. in-18, xxiv + 288, 322p. (BNt) — ds Œuvres, Paris, Verdière, 1818-19 (BM, BN, Q) — ds Œuvres, Paris, A. Costes, 1819 (BN) — ds Œuvres, A. Belin, 1819-20 (BM, BN, Q)</ae_se>
</ae>
</entry>
</document>

<document>
<entry>
<id>77.51</id>
<au>
<a>MAYER, Charles-Joseph de</a>
</au>
<ti>Héliogabale et Alexandre Sévère, histoires romaines, précédées d’une explication de quelques antiquités romaines, dédiées à Monsieur frère du Roi, par M. Mayer</ti>
<det>
<pl>Paris,</pl>
<pb>veuve Duchesne,</pb>
<y>1777,</y>
<f>in-8,</f>
<p>142p.</p>
</det>
<bib>BNt CatH xl 1776; JP 29.i.77 Q</bib>
<ex>donne la date de 1776, suivant sans doute une annonce parue cette année.</ex>
<res>
<r_st>Pp. 1-98 /Introduction historique/ ; 99-122, Héliogabale, histoire romaine; 123-142, Alexandre Sévère, histoire romaine: récits historiques assez sobres, avec des prétentions moralisatrices,</r_st>
</res>
</entry>
</document>

<document>
<entry>
<id>77.52</id>
<au>
<a>NOUGARET, Pierre-Jean-Baptiste</a>
</au>
<ti>La paysanne pervertie ou les mœurs des grandes villes, mémoires de Jeannette R***, recueillis de ses lettres &amp; de celles des personnes qui ont eu part aux principaux évène-mens de sa vie, mis au jour par M. Nougaret</ti>
<det>
<pl>Londres &amp; Paris,</pl>
<pb>J.F. Bastien,</pb>
<y>1777,</y>
<f>4 part, in-12,</f>
<p>xvi+240, 301, 336, 399p.</p>
</det>
<bib>At BM (BN) CatH xxvii 1777; CorrL juillet 1777; JP 13.vii, 1.x.77; LV B Delcro Gay Mornet Q</bib>
<res>
<r_p>Lettres;</r_p>
<r_pl>province, Paris;</r_pl>
<r_n>la marquise de F***, la comtesse de C***, Jeannette R***, Coton Michu, l’abbé T***, Louise R***;</r_n>
<r_c>malheurs d’une jeune paysanne, que sa protectrice noble emmène à Paris;</r_c>
<r_s>sensibilité, prétentions moralisatrices.</r_s>
</res>
</entry>
</document>

<document>
<entry>
<id>77.53</id>
<au>
<a>ORMOY, Charlotte Chaumet, madame d’</a>
</au>
<ti>Les malheurs de la jeune Émélie pour servir d’instruction aux âmes vertueuses et sensibles, par madame la présidente d’Ormoy</ti>
<det>
<pl>Paris,</pl>
<pb>Dufour, veuve Duchesne, Nyon, Ruault,</pb>
<y>1777,</y>
<f>2 part. in-12,</f>
<p>xiv+ 175, 147p.</p>
</det>
<bib>A BNf AL 1776 VI 3-25; CatH xlvi 1776; LV B Delcro Gay Mornet</bib>
<ex>Gay et Q donnent aussi 1776, suivant sans doute des annonces parues cette année.</ex>
<res>
<r_p>3e personne, avec récit intercalé Ire personne;</r_p>
<r_pl>Paris;</r_pl>
<r_n>Émélie Delorme, le comte d’OIban, madame de Saint-Ange, la sœur Saint-Ange;</r_n>
<r_c>intrigue sentimentale, malheurs;</r_c>
<r_s>sensibilité, vertu, prétentions moralisatrices.</r_s>
</res>
</entry>
</document>

<document>
<entry>
<id>77.54</id>
<au>
<a>RAMOND DE CARBONNIÈRES, baron Louis-François- Elisabeth</a>
</au>
<ti>Les dernières aventures du jeune d’OIban, fragment des Amours alsaciennes</ti>
<det>
<pl>Yverdon,</pl>
<pb>de l’imprimerie de la Soc. litt.</pb>
<pl>&amp; typ.,</pl>
<y>1777,</y>
<f>in-12,</f>
<p>104p.</p>
</det>
<bib>A BN+ Catll xxxviii 1778; JP 9.ix, 22.x.78; LV Gay</bib>
<res>
<r_c>Perret Baldensperger cite l’ouvrage comme une imitation de Werther. Il y a des exemplaires où la mention; ‘Yverdon, de l’imprimerie Soc. litt. &amp; typ.’ manque sur la page de titre (BMf). Forme dramatique;</r_c>
<r_s>Alsace</r_s>
<r_pl>(Kaisersberg);</r_pl>
<r_n>Lali, Solfa, Birk, Sinval, le Missionnaire;</r_n>
<r_c>amours malheureuses (un jeune homme souffre d’un cœur trop sensible...);</r_c>
<r_s>sensibilité effrénée, mélancolie.</r_s>
</res>
<ae>
<ae_ae>Autres éditions:</ae_ae>
<ae_se>— Le chant de Schwartzbourg, 1789 (Monglond, qui cite Baldensperger, Bibl. de Goethe...) - Les dernières aventures ..., 18... Selon Nodier dans la Notice de son édition de 1829, cette troisième édition aurait paru ‘au commencement de ce siècle’. - ... nouvelle édition, Paris, Techener, 1829 (BMf). Comporte une Notice par Charles Nodier.</ae_se>
</ae>
</entry>
</document>

<document>
<entry>
<id>77.55</id>
<au>
<a>RÉTIF DE LA BRETONNE, Nicolas-Edme</a>
</au>
<ti>Les gynographes ou idées de deux honnêtes-femmes sur un projet de règlement proposé à toute l’Europe pour mettre les femmes à leur place &amp; opérer le bonheur des deux sexes, avec des notes historiques et justificatives, suivies des noms des femmes célèbres, recueillis (sic) par N.-E. Rétif-de-la-Bretonne, éditeur de l’ouvrage</ti>
<det>
<pl>La-llaie,</pl>
<pb>Gosse et Pinet</pb>
<pl>&amp; Paris,</pl>
<pb>Humblot,</pb>
<y>1777,</y>
<f>in-8,</f>
<p>viii + 567p.</p>
</det>
<bib>A BM BNt CatH Ii 1776; CorrL nov. 1776 Q Rives Childs</bib>
<ex>Q donne aussi une édition de 1776, suivant sans doute la date d’une annonce parue à la fin de cette année. Correspondance (entre madame Des-Tianges et madame Des-Arcis), comprenant des discussions sur le rôle de la femme et cinq petites ’nouvelles’ illustrant certaines thèses. Autre édition: — Rives Childs fait remarquer que certains exemplaires portent le nom de la veuve Duchesne au lieu de celui de Humblot.</ex>
</entry>
</document>

<document>
<entry>
<id>77.56</id>
<au>
<a>RÉTIF DE LA BRETONNE, Nicolas-Edme</a>
</au>
<ti>Le quadragénaire ou l’âge de renoncer aux passions, histoire utile à plus d’un lecteur</ti>
<det>
<pl>Genève &amp; Paris,</pl>
<pb>veuve Duchesne,</pb>
<y>1777,</y>
<f>2 part, in-12,</f>
<p>244. 244p.</p>
</det>
<bib>A BNt BM CatH xxxvii 1777; JP 4.ix, 29.xi.77; LV Q Rives Childs Rives Childs</bib>
<ex>cite Lacroix, qui affirme que certains exemplaires portent le nom de l’auteur au frontispice.</ex>
<res>
<r_p>Lettres, avec récits intercalés Ire et 3e personnes;</r_p>
<r_pl>Paris,</r_pl>
<r_n>Elise De-Point**, M. De-Sac*, Agnès Balbin, Glancé, Mlle de Romanville (noblesse, bourgeoisie);</r_n>
<r_c>intrigues sentimentales;</r_c>
<r_s>les récits illustrent les théories de l’auteur sur l’amour et le mariage.</r_s>
</res>
</entry>
</document>

<document>
<entry>
<id>77.57</id>
<au>
<a>RICCOBONI, Marie-Jeanne Laboras de Mézières, madame</a>
</au>
<ti>Lettres de my-lord Rivers à sir Charles Cardigan, entremêlées d’une partie de ses correspondances à Londres pendant son séjour en France, par madame Riccoboni</ti>
<det>
<pl>Paris,</pl>
<pb>Humblot,</pb>
<y>1777,</y>
<f>2 part, in-12,</f>
<p>154, 208p.</p>
</det>
<bib>A BM BNt Catll xlviii 1776; CorrL oct. 1776 Crosby</bib>
<ex>Delcro et Q donnent la date de 1776, suivant sans doute une annonce parue cette année</ex>
<res>
<r_p>Lettres;</r_p>
<r_pl>Paris, Angleterre;</r_pl>
<r_n>mylord Rivers, lady Mary Courtenay, milady Ornery;</r_n>
<r_c>intrigue mondaine;</r_c>
<r_s>observations sur les mœurs.</r_s>
</res>
<ae>
<ae_ae>autres éditions:</ae_ae>
<ae_se>Amsterdam, D.J Changuion, 1777, in-12 (BM, BN, Crosby) Liège, Bassompierre, 1777, in-12 (Brest, Neuchâtel) Paris, Humblot, 1778, in-12 (A, Crosby) Paris, Belin, 1785 (BN, Crosby) Pour les éditions des Œuvres de madame Riccoboni, v. 57.12.</ae_se>
</ae>
</entry>
</document>

<document>
<entry>
<id>77.58</id>
<au>
<a>RUTLIDGE, James, dit Jean-Jacques</a>
</au>
<ti>Rutlcdge Premier et second voyages de mylord de *** à Paris, contenant la Quinzaine anglaise et le retour de mylord dans cette capitale après sa majorité par le Ch. R***</ti>
<det>
<pl>Yverdon,</pl>
<pb>imprimerie de la Société litt.</pb>
<pl>&amp; typ.,</pl>
<y>1777,</y>
<f>3 t. in-12,</f>
<p>xxiv + 308, 314, 286p.</p>
</det>
<bib>A BNt CorrL mars 1779; LV B LasVcrgnas Mornet Perret</bib>
<ex>Réédition et suite de la Quinzaine anglaise, 1776 (v. 76.45). NBR 2e année II (1798), pp. 141-220, offre une version abrégée.</ex>
<res>
<r_c>I, Quinzaine anglaise; II, III, Second voyage;</r_c>
<r_s>Ire</r_s>
<r_p>personne, avec récit intercalé Ire personne;</r_p>
<r_pl>province, Paris;</r_pl>
<r_n>Bouillac,</r_n>
<r_c>mylord de ***, voyages;</r_c>
<r_s>observations et critiques sur les mœurs et les institutions.</r_s>
</res>
<ae>
<ae_ae>Autres éditions:</ae_ae>
<ae_se>- V. 76.45.</ae_se>
</ae>
</entry>
</document>

<document>
<entry>
<id>77.59</id>
<au>
<a>SEALLY, John</a>
<trd>trad. par C.-H. NIREL</trd>
</au>
<s>t</s>
<ti>Les amours d’Elmire et Calisto ou la fatale succession, traduits (sic) de l’anglois par C.H. Nirel L.M.</ti>
<det>
<pl>Londres,</pl>
<y>1777,</y>
<f>in-12,</f>
<p>xi + 258p.</p>
</det>
<bib>At CatH xxxii 1777; LV Gay Q Streeter</bib>
<ex>Rochedieu donne; Londres &amp; Paris, Desenne, 1777, in-12.</ex>
<tr>Trad. de The Loves of Calisto and Élmira or the Fatal Legacy, 1776.</tr>
<ex>Une autre traduction, Clémentine du le legs fatal, a paru en 1799 (v. 99.162).</ex>
<res>
<r_p>Lettres;</r_p>
<r_pl>Angleterre;</r_pl>
<r_n>Calisto, Elmire, sir Charles B.;</r_n>
<r_c>intrigue sentimentale;</r_c>
<r_s>sensibilité.</r_s>
</res>
</entry>
</document>

<document>
<entry>
<id>77.60</id>
<au>
<a>V1DAMPIERRE, la comtesse de éd. par Jean-Baptiste-Claude Izouard, dit DELISLE DE SALES</a>
</au>
<ti>Mélanges de poésie et de prose par madame la comtesse de Vidamp...</ti>
<det>
<pl>Londres &amp; Paris,</pl>
<pb>chez les libraires qui vendent des nouveautés,</pb>
<y>1777,</y>
<f>in-16,</f>
<p>64p.</p>
</det>
<bib>A BM+ BNt JP 14.L77 B Q</bib>
<ex>Poésies et lettres avec un conte en prose: Isménide et Hylas (pp. 52-64).</ex>
</entry>
</document>

<document>
<entry>
<id>77.61</id>
<au>
<a>VINCENT (de Rouen) n</a>
</au>
<ti>Lettres écossaises, traduites de l’anglois par M. Vincent, avocat</ti>
<det>
<pl>Amsterdam &amp; Paris,</pl>
<pb>veuve Duchesne,</pb>
<y>1777,</y>
<f>2 part, in-12,</f>
<p>190, 188p.</p>
</det>
<bib>A BNt JP 19.ii.77</bib>
<ex>C’est une version augmentée des Lettres de miss Elisabeth Âuréli (65.52). Selon Q, les Lettres écossaises auraient paru également en 1765. Nous n’avons pu trouver aucun exemplaire portant cette date. Ces Lettres, dans cette édition de 1777, constituent la seconde partie du tome XII de la Bibliothèque de campagne, Amsterdam &amp; Paris, veuve Duchesne, 1778, 24t. in-12 (BNt). T.II, pp. 174-188, Dialogue entre un Anglois et un Chinois. Pour la description de l’ouvrage, v. 65.52. Les lettres de la nouvelle Deuxième partie offrent l’histoire de Charlotte Tilnei et de Tompson.</ex>
</entry>
</document>

<document>
<entry>
<id>77.62</id>
<au>
<a>WIELAND, Christoph Martin</a>
<trd>trad. par François BERNARD</trd>
</au>
<s>nt</s>
<ti>Histoire d’un jeune Grec, conte moral traduit de l’allemand de Mr Wielland (sic) en deux parties, par l’auteur de la traduction des Instructions d’un père à ses filles Leyde, C.de</ti>
<det>
<pl>Pecker,</pl>
<pb>C.F.,</pb>
<y>1777,</y>
<f>2 part, in-12,</f>
<p>viii + 229, 350p.</p>
</det>
<bib>At CatH xxxi 1778; JP 27.vii.78; LV Goedeke Steinberger</bib>
<ex>Gay donne: Leyde &amp; Paris, 1777-1778.</ex>
<tr>Trad. de Geschichte des Agathon, 1766. Une autre traduction de cet ouvrage a été publiée en 1768 par Joseph-Pierre Frenais, avec le titre: Histoire d’Agathon (v. 68.57).</tr>
<ae>
<ae_ae>Autre édition:</ae_ae>
<ae_se>- Leide, Pecker &amp; Paris, Moutard, 1778, in-8 (B, Goedeke, Goedeke, Q, Steinberger)</ae_se>
</ae>
</entry>
</document>

</root>