<root>

<document>
<entry>
<id>92.1</id>
<ti>Aza ou le nègre</ti>
<det>
<pl>Paris,</pl>
<pb>Bailly et chez les marchands de nouveautés,</pb>
<y>1792,</y>
<f>in-18,</f>
<p>75p.</p>
</det>
<bib>BNt</bib>
<res>
<r_p>3e personne, avec récits intercalés Ire personne;</r_p>
<r_pl>les bords du Niger;</r_pl>
<r_n>Aza, Narina, Farbana;</r_n>
<r_c>voyages, aventures, malheurs d’un Africain.</r_c>
</res>
</entry>
</document>

<document>
<entry>
<id>92.2</id>
<ti>Le cadran des plaisirs de la cour ou les aventures du petit page Chérubin, pour servir de suite à la vie de Marie-Antoinette, ci-devant reine de France</ti>
<det>
<pl>Paris,</pl>
<pb>chez les marchands de nouveautés,</pb>
<f>in-18,</f>
<p>260p.</p>
</det>
<bib>BMt BNt Gay</bib>
<ex>Gay propose peu vraisemblablement une première édition de 1790.</ex>
<res>
<r_p>Deux récits à la première personne;</r_p>
<r_pl>cour, province;</r_pl>
<r_n>Chérubin, la Divine (=Marie-Antoinette), mademoiselle Sapho;</r_n>
<r_c>aventures lubriques du personnage de Heaumarchais, suivies des confessions d’une prostituée;</r_c>
<r_s>précisions pornographiques.</r_s>
</res>
<ae>
<ae_ae>Autres éditions:</ae_ae>
<ae_se>an III, in-18, 108p. (Gay) Le cadran de la volupté ou les aventures du prince Chérubin. Amsterdam, 1796 (Gay) Chérubin ou l’heureux libertin, suivi d’une lettre de Julie à Pauline sur quelques goûts bizards (sic) de certains hommes avec lesquels elle s’est trouvé (sic), Lyon, Andelot. 1796, in-12, 9 + 70p. (BMt, Gay). Dans l’exemplaire du BM les neuf premières pages sont de la même impression que l’édition princeps. Chérubin ne contient que le premier des deux récits du Cadran des plaisirs. La Lettre de Julie (pp.48-70) est faite d’extraits pris dans Thérèse philosophe (60.R9) et La fille de joie (51.17). — Le cadran de la volupté..., Cologne, s.d., in-24 (MH, Gay)</ae_se>
</ae>
</entry>
</document>

<document>
<entry>
<id>92.3</id>
<ti>Catherine ou la forêt de Lewelyn par l’auteur du Village de t Martindale</ti>
<det>
<pl>Paris,</pl>
<pb>La Villette,</pb>
<y>1792,</y>
<f>2 part, in-12,</f>
<p>109, 110-220p.</p>
</det>
<bib>Oront FC 92 XVIII 3828; JP 8.vi.92 Rochedieu Streeter</bib>
<tr>Trad. de Catherine or the Woods ofLewellyn, I 788.</tr>
<ex>Block attribue l’original anglais à un certain ‘Mr Nicholson’, que nous n’avons pu identifier. V. aussi D. Blakey, The Minerva Press, 1939, p. 142. NBR Ire année II (1798), pp. 121-150, offre une analyse.</ex>
<res>
<r_p>Lettres;</r_p>
<r_pl>Grande-Bretagne;</r_pl>
<r_n>le colonel Harley, miss Peacock, miss Perceval, sir Edmond Chetwyn, Arthur Collins. George Ackland;</r_n>
<r_c>intrigues sentimentales, aventures romanesques, couleur locale (pays de Galles);</r_c>
<r_s>sensibilité.</r_s>
</res>
<ae>
<ae_ae>Autres éditions:</ae_ae>
<ae_se>— Seconde édition, Paris, Courcier, 1794 (MF 25.xi.94, Monglond) - Paris, Louis, Ile année républicaine, in-18, 232p. (Genèvet, Monglond)</ae_se>
</ae>
</entry>
</document>

<document>
<entry>
<id>92.4</id>
<ti>Les délices de Coblentz ou anecdotes libertines des émigrés français</ti>
<det>
<pl>Imprimé</pl>
<pb>à Coblentz,</pb>
<y>1792,</y>
<f>2t. in-18,</f>
<p>66, 80p.</p>
</det>
<bib>BM (t. I) BNt Gay</bib>
<ti>La page de titre de la seconde partie porte: Suite des Délices de Coblentz ou fête brillante donnée par M. le Pe de Condé aux illustres émigrés Français avant leur départ pour Paris. Deux lettres (une par volume) de madame de Mesgripgny à madame de Saluces, son amie à</ti>
<res>
<r_c>Paris, où elle raconte des orgies.</r_c>
</res>
</entry>
</document>

<document>
<entry>
<id>92.5</id>
<ti>Echo foutromane ou recueil de plusieurs scènes lubriques et libertines...</ti>
<ae>
<ae_ae>A Démocratis, aux dépens des fouteurs démagogues,</ae_ae>
<ae_se>1792, in-16 Gav Nous n’avons pu voir qu’une réédition de 1875: Sur l’imprimé à Démocratis, aux dépens des fouteurs démagogues, 1792, 81p. (BMt, Gay). Contes libres:</ae_se>
</ae>
<res>
<r_c>Les épreuves de l’abbé Dru; Le secret de madame Conlêché ou l’origine des chiens manchons; Entrevue de mademoiselle Pinelli avec Arlequin et Pierrot; La solitude instructive de madame Convergeais, ci-devant comtesse de Branlemont.</r_c>
</res>
</entry>
</document>

<document>
<entry>
<id>92.6</id>
<au>
<a>?</a>
<trd>trad. par F.-J. MOREAU</trd>
</au>
<s>t</s>
<ti>Elfrida ou l’ambition paternelle, traduit de l’anglais par M. Moreau</ti>
<det>
<pl>Paris,</pl>
<pb>Maradan,</pb>
<y>1792,</y>
<f>2t. in-12,</f>
<p>292, 270p.</p>
</det>
<bib>At BM JP 1, 3.xii.92 Streeter Rochedieu</bib>
<ex>B, Q et Rochedieu donnent également la date de 1798, mais il s’agit sans doute d’une confusion avec la nouvelle traduction publiée cette année-là (v. ci-dessous). Trad. de Elfrida or Palernal Ambition, 1786. Rochedieu semble être seul à attribuer cet ouvrage à Charlotte Smith. Une autre version de ce roman a été publiée par Bellin de La Liborlière en 1798 (v. 98.1 I ).</ex>
<res>
<r_p>3e personne;</r_p>
<r_pl>Angleterre;</r_pl>
<r_n>le lieutenant Overbury, miss Ctuyd, Hannah, Elfrida, Wilmot;</r_n>
<r_c>aventures romanesques, intrigue sentimentale.</r_c>
</res>
</entry>
</document>

<document>
<entry>
<id>92.7</id>
<ti>Les émigrantes ou la folie à la mode, par madame ***</ti>
<det>
<pl>Paris,</pl>
<pb>se vend chez les libraires marchands de nouveautés,</pb>
<f>in-8,</f>
<p>253p.</p>
</det>
<bib>BNj CorrL juin 1792; JP 3.V.92</bib>
<res>
<r_p>3e personne, avec récits intercalés Ire personne;</r_p>
<r_pl>Paris, Strasbourg;</r_pl>
<r_n>madame Lespinasse, Dorimon, Phénicie;</r_n>
<r_c>un groupe de jeunes personnes décide d’émigrer pour suivre la mode (série d’anecdotes racontées par les ‘émigrantes’ );</r_c>
<r_s>satire des moeurs.</r_s>
</res>
</entry>
</document>

<document>
<entry>
<id>92.8</id>
<ti>Nessir et Zulime, conte d’après Raphaël,... et traduit de t l’allemand par Paul-Henri Godet, ci-devant secrétaire in terprète au service de S.M.I. de toutes les Russies</ti>
<det>
<pl>Paris,</pl>
<y>1792,</y>
<f>in-12,</f>
<p>xx + 84p.</p>
</det>
<bib>Neuchâtelt FC 92 II 2149 Monglond</bib>
<ex>et Q donnent la date de 1791. Nous n’avons pu identifier l’original allemand de cet ouvrage.</ex>
<res>
<r_p>3e personne;</r_p>
<r_pl>Perse (XVe siècle);</r_pl>
<r_n>Arast (père de Nessir), Zulime (sa fille), Diodore, Fatmé;</r_n>
<r_c>intrigue sentimentale, détails historiques; récit d’après un tableau de Raphaël. ’</r_c>
</res>
</entry>
</document>

<document>
<entry>
<id>92.9</id>
<ti>Nitona Franka et le sultan Patapouf ou histoire de la révolution franche à l’ordre du jour, traduction libre</ti>
<det>
<pl>Paris,</pl>
<pb>l’an Vème. de la Liberté,</pb>
<f>in-18,</f>
<p>viii + 9-122p.</p>
</det>
<bib>BNt FC 92 XIII 3181</bib>
<ex>L’exemplaire de la BN comporte un titre gravé: ... traduction libre, Paris, chez les directeurs de l’imprimerie du Cercle social, l’an IVe. de la Liberté.</ex>
<res>
<r_p>3e personne;</r_p>
<r_pl>pays imaginaire (Rapis);</r_pl>
<r_n>Nitona Franka, le sultan Patapouf, Putrida;</r_n>
<r_c>intrigues politiques;</r_c>
<r_s>ouvrage à clef.</r_s>
</res>
</entry>
</document>

<document>
<entry>
<id>92.10</id>
<ti>Le règne du prince Trop-bon dans le royaume des fols, conte oriental ou plutôt histoire occidentale, publiée par madame la toujours comtesse de ***, &amp; dédiée à MM. les rédacteurs du journal intitulé l’Arziï du Roi, sous la direction de M. Montjoye Se trouve à Coblentz, à Worms, à Toumay, à Aix-la-Chapelle &amp; à</ti>
<det>
<pl>Paris,</pl>
<pb>au bureau de l’Ami du Roi, hôtel Carignan, rue Bailleul</pb>
<pl>&amp; chez</pl>
<pb>tous les marchands de nouveautés, de l’imprimerie de l’Ami du Roi,</pb>
<f>in-8,</f>
<p>64p.</p>
</det>
<bib>BNt CorrL juin 1792 Dufrenoy</bib>
<res>
<r_st>Dufrenoy propose la date de 1789. Conte oriental à clef (le roi Trop-bon, la reine Clémence, Kéren, dans un royaume où la folie se répand partout).</r_st>
</res>
</entry>
</document>

<document>
<entry>
<id>92.11</id>
<ti>Tableau sentimental de la France depuis la Révolution, par Yorick sous le nom de Sterne, pour servir de suite au Voyage sentimental du même auteur, traduit de l’anglois par l’auteur du poëme de Souza et à’Eleonore</ti>
<det>
<pl>Londres,</pl>
<y>1792,</y>
<f>in-12,</f>
<p>xii + 82p.</p>
</det>
<bib>BM BNt Barton</bib>
<res>
<r_p>Ire personne;</r_p>
<r_pl>Paris,</r_pl>
<r_n>Sterne, Yorick, Florino;</r_n>
<r_c>observations décousues sur la vie en France (petites scènes, rencontres, anecdotes).</r_c>
</res>
</entry>
</document>

<document>
<entry>
<id>92.12</id>
<au>
<a>DOPPET, François-Amédée</a>
</au>
<ti>Le commissionnaire de la ligue d’Outrc-Rhin ou le messager nocturne, contenant l’histoire de l’émigration françoise, les aventures galantes et politiques arrivées aux chevaliers françois et à leurs dames dans les pays étrangers, des instructions sur leurs projets contre-révolutionnels, et des notices sur tous les moyens tentés ou à tenter contre la Constitution, par un François qui fait sa confession générale et qui rentre dans sa patrie</ti>
<det>
<pl>Paris,</pl>
<pb>Buisson</pb>
<pl>&amp; Lyon,</pl>
<pb>Bruyset frères,</pb>
<y>1792,</y>
<f>in-8,</f>
<p>viii + 240p.</p>
</det>
<bib>BMt BNt JP 3.V.92 0</bib>
<res>
<r_c>Série de petites aventures racontées à la Ire personne par un messager qui aurait traversé l’Europe au service des émigrés.</r_c>
</res>
</entry>
</document>

<document>
<entry>
<id>92.13</id>
<au>
<a>FLORIAN, Jean-Pierre</a>
</au>
<ti>Claris de Nouvelles nouvelles par M. de Florian de l’Académie françoise, de celles de Madrid, Florence, etc.</ti>
<det>
<pl>Paris,</pl>
<pb>de l’imprimerie de Didot l’aîné,</pb>
<y>1792,</y>
<f>in-12,</f>
<p>198p.</p>
</det>
<bib>BNt FC 92 X 2937; MF 19.V.92 Monglond Q</bib>
<ex>Saillard L’auteur a publié une première série de nouvelles en 1784, avec le titre: Les six nouvelles de M. de Florian (v. 84. 24).</ex>
<res>
<r_st>Pp. 1-46, Selmours, nouvelle angloise; 47-65, Sélico, nouvelle africaine; 66-103, Claudine, nouvelle savoyarde; 104-124, Zulbar. nouvelle indienne; 125-164, Camiré, nouvelle américaine; 165-198, Valérie, nouvelle italienne.</r_st>
</res>
<ae>
<ae_ae>Autres éditions:</ae_ae>
<ae_se>- 2e édition, Paris, Didot, 1792, in-12, 176p. (BNt, Monglond) - Paris, Didot, 1792, in-32, 275p. (MHt) - Paris, Didot, 1792, in-24, 304p. (Oront, Utrechtf, MA, MHt, MiDA) — Paris, Didot, 1792, in-8, 273p. (Godenne) — Londres &amp; Paris, chez tous les marchands de nouveautés, 1792, in-16, 278p. (BMt) — Londres &amp; Paris, chez les principaux libraires, 1792, in—8, 278p. (La Hayet) - Liège, J.F. Desoer, 1793, in-24, iii + 281p. (Bruxelles, Lièget) - Paris &amp; Liège, Lemarié, 1793, in-18 (Dventert, Liège) - Toulouse, 1793, 2 part, in-12 (NN) - Paris, Lepetit, Berry, Dugrit, an III, 304p. (ScUt). Relié avec une édition des Six nouvelles publiée la même année par les mêmes éditeurs (v. 84.24). Paraît se rattacher au recueil des Œuvres, Paris, Lepetit, an 11-1797, 15t. in-12, donné par BN. - Leipsic, Gérard Fleischer, 1796, in-8 (BMt). C’est le t. VIII</ae_se>
</ae>
<ex>d’une collection des Œuvres. Pour les rééditions où les Nouvelles nouvelles se trouvent réunies avec les Six nouvelles, v. 84.24. Pour une discussion des différentes collections des Œuvres de Florian, v. 83.26.</ex>
</entry>
</document>

<document>
<entry>
<id>92.14</id>
<au>
<a>FULLER, Anne</a>
<trd>trad. par Jean-Baptiste VARNEY</trd>
</au>
<s>nt</s>
<ti>Histoire de miss Nelson, traduite de l’anglois par M. V.R..Y</ti>
<det>
<pl>Neuwied sur le Rhin,</pl>
<pb>Société typographique</pb>
<pl>&amp; Paris,</pl>
<pb>Garnery,</pb>
<y>1792,</y>
<f>4 part, in-18,</f>
<p>155, 198, 170, 175p.</p>
</det>
<bib>(Brest) ICUt FC 92 XIII 3178 Monglond Rochedieu</bib>
<tr>Trad. de The Couvent or History of Sophie Nelson, 1786.</tr>
<ex>Une autre version de cet ouvrage a paru en 1790. V. 90.37 pour d’autres détails.</ex>
<ae>
<ae_ae>Autres éditions:</ae_ae>
<ae_se>- Paris &amp; Leipzig, Sommer, 1792, 4t. (Rochedieu) - Leipzig, Sommer, 1812,4t. in-18 (Monglond)</ae_se>
</ae>
</entry>
</document>

<document>
<entry>
<id>92.15</id>
<au>
<a>GOODRICKJE, Henry</a>
<trd>trad. par ?</trd>
</au>
<s>t</s>
<ti>Lindor et Adélaïde, par l’auteur des Observations sur le discours du docteur Price, traduit de l’anglais par madame *****</ti>
<det>
<pl>Paris,</pl>
<pb>marchands de nouveautés,</pb>
<y>1792.</y>
<f>in-8,</f>
<p>283p.</p>
</det>
<bib>BNf Henry</bib>
<tr>Goodricke a publié ses Observations on Dr Price’s Theory and Principles of Civil Liberty and Government en 1776. Trad. de Lindor and Adelaide, a Moral Taie. 1791.</tr>
<res>
<r_p>3e personne;</r_p>
<r_pl>province (Grenoble). Amérique;</r_pl>
<r_n>le marquis d’Antin. Maricour, Adélaïde, Lindor;</r_n>
<r_c>vie de village, intrigue sentimentale, théories politiques;</r_c>
<r_s>sensibilité, vertu, philosophie.</r_s>
</res>
</entry>
</document>

<document>
<entry>
<id>92.16</id>
<au>
<a>GOUGES, Marie Gouze, dite Olympe de</a>
</au>
<ti>Le prince philosophe, conte oriental par l’auteur de la pièce intitulée l’Esclavage des nègres</ti>
<det>
<pl>Paris,</pl>
<pb>Briand.</pb>
<y>1792,</y>
<f>2 part, in-12,</f>
<p>261, 261p.</p>
</det>
<bib>BNt FC 92 VIII 2768; MF 21.iv.92 B Monglond Q</bib>
<res>
<r_p>3e personne;</r_p>
<r_pl>Siam, Chine:</r_pl>
<r_n>Almoladin, Gérofde, Zetmirc, Palémon, Corydas;</r_n>
<r_c>intrigues de cour, aventures romanesques, voyages.</r_c>
</res>
</entry>
</document>

<document>
<entry>
<id>92.17</id>
<au>
<a>GRAND1N, Charles-François</a>
</au>
<ti>Paulin ou les avantures du comte de Walter</ti>
<det>
<pl>Philadelphie,</pl>
<y>1792,</y>
<f>2t. in-18,</f>
<p>180, 164p.</p>
</det>
<bib>BM BNt FC 92 IV 2474; JP 19.iv.92 Gay Monglond92.17</bib>
<res>
<r_p>3e personne, avec récits intercalés Ire personne;</r_p>
<r_pl>Paris, province, Gènes;</r_pl>
<r_n>Paulin (Belleval), Agate, Jérôme, Anselme, Nulsifrote;</r_n>
<r_c>voyages, aventures romanesques et galantes;</r_c>
<r_s>ton satirique.</r_s>
</res>
<ae>
<ae_ae>Autre édition:</ae_ae>
<ae_se>Paris, Desenne, Lesclapart, au cabinet littéraire de Voltaire et chez tous les marchands de nouveautés, 1792, 2t. in-12, 124, 117p. (BN, Monglond)</ae_se>
</ae>
</entry>
</document>

<document>
<entry>
<id>92.18</id>
<au>
<a>INCHBALD, Elizabeth Simpson, Mrs</a>
<trd>trad. par Jacques-* , nvvnD r Marie DESCHAMPS Lady</trd>
</au>
<ti>Mathilde, pour servir de suite à Simple histoire, traduction de Langlois de mistriss Inchbald par M. Deschamps</ti>
<det>
<pl>Paris,</pl>
<pb>marchands de nouveautés,</pb>
<y>1792,</y>
<f>2t. in-8,196,</f>
<p>160p.</p>
</det>
<bib>Oront DeGe FC 92 XVII 3705; JP 12.X.92 Monglond Streeter</bib>
<ex>Rochedieu donne la date de cette première édition comme étant 1793. Suite de la traduction de A Simple Story, 1791. Pour la première partie de l’ouvrage, v. 91.28. NBR Ire année XII (1799), pp. 90-152, donne un abrégé de Lady Mathilde.</ex>
<res>
<r_p>3e personne;</r_p>
<r_pl>Angleterre;</r_pl>
<r_n>mylord Elmwood, miss Woodley, Sandford, lady Mathilde,</r_n>
<r_c>intrigue mondaine;</r_c>
<r_s>sensibilité.</r_s>
</res>
<ae>
<ae_ae>Autres éditions:</ae_ae>
<ae_se>- Lady Mathilde, suite de Simple histoire , seconde édition avouée par M. Deschamps et ornée de gravures, Paris, Louis, 1793, 2 part, in-18, 169, !44p. (BMf, BNt (t. I), Monglond, Rochedieu). Rochedieu donne aussi une version in-24 de cette édition. - V. aussi les éditions en 4 volumes de Simple histoire (91. 28), qui comportent la suite.</ae_se>
</ae>
</entry>
</document>

<document>
<entry>
<id>92.19</id>
<au>
<a>KJÉRALIO, Marie-Françoise Abeille, madame de</a>
</au>
<ti>Les visites par mademoiselle D** K***</ti>
<det>
<pl>Paris,</pl>
<pb>Gattey,</pb>
<y>1792,</y>
<f>in-8,</f>
<p>154p.</p>
</det>
<bib>BNt FC 92 II 2151 Monglond Q</bib>
<res>
<r_p>Lettres, avec récit intercalé Ire personne;</r_p>
<r_pl>Paris;</r_pl>
<r_n>Amélie d’Orvillars, le marquis d’Ambly, madame de Flarville;</r_n>
<r_c>intrigue mondaine, peinture des moeurs.</r_c>
</res>
</entry>
</document>

<document>
<entry>
<id>92.20</id>
<au>
<a>LABLÉE, Jacques</a>
</au>
<ti>Valcour et Pauline ou l’homme du jour, anecdote</ti>
<det>
<pl>Paris,</pl>
<y>1792,</y>
<f>in-12</f>
</det>
<bib>B Monglond Q</bib>
<ae>
<ae_ae>Autre édition:</ae_ae>
<ae_se>- Paris, Pougens, 1798, in-12 (JG I 49)</ae_se>
</ae>
</entry>
</document>

<document>
<entry>
<id>92.21</id>
<au>
<a>LA ROCHE, Maria Sophie Gutermann, Frau von</a>
<trd>trad. par t Marie-Élisabeth Bouée, madame de LAFITE</trd>
</au>
<ti>Miss Lony, traduit de l’allemand de M1116- de La Roche, par Mme. **</ti>
<det>
<pl>Lausanne,</pl>
<pb>L. Luquiens, Durand l’aîné et Comp.,</pb>
<y>1792,</y>
<f>in-8,</f>
<p>201p.</p>
</det>
<bib>BNf FC 92 111 2257 Monglond Q</bib>
<tr>Trad. de Geschichte von Miss Lony und der schône Bund, 1789.</tr>
<res>
<r_p>3e personne;</r_p>
<r_pl>Angleterre;</r_pl>
<r_n>sir Redall. Mr. Simons, miss Lony, Sally,</r_n>
<r_c>intrigue sentimentale;</r_c>
<r_s>sensibilité, vertu.</r_s>
</res>
</entry>
</document>

<document>
<entry>
<id>92.22</id>
<au>
<a>LEROUX, Adrien</a>
</au>
<s>m</s>
<ti>Voyage sur les frontières et à Paris</ti>
<det>
<pl>Paris,</pl>
<pb>Gaillard et chez tous les marchands de nouveautés,</pb>
<y>1792,</y>
<f>in-18,</f>
<p>iv + 140p.</p>
</det>
<bib>At BN Q</bib>
<res>
<r_c>Voyage en vers et en prose (incidents, compagnons de route; villes, sites et monuments visités).</r_c>
</res>
</entry>
</document>

<document>
<entry>
<id>92.23</id>
<au>
<a>LESUIRE, Robert-Martin</a>
</au>
<ti>Charmansange ou mémoires d’un jeune citoyen faisant l’éducation d’un ci-devant noble, par l’auteur de l’Aventurier</ti>
<det>
<pl>françois, &amp;c. Paris,</pl>
<pb>Defer de Maisonneuve,</pb>
<y>1792,</y>
<f>4t. in-12,</f>
<p>272, 264, 240, 264p.</p>
</det>
<bib>BNt Delcro Monglond Q</bib>
<res>
<r_p>Ire personne, avec récits intercalés Ire personne;</r_p>
<r_pl>province, Paris, Italie, Espagne;</r_pl>
<r_n>M. Chrysostome, Angélique, M. le Duc, Mme la Duchesse, l’abbé Gravachon, Mlle Pétronille, Azurine, Surveillé:</r_n>
<r_c>voyages, aventures romanesques et galantes du précepteur d’un jeune noble;</r_c>
<r_s>thèmes politiques et moraux.</r_s>
</res>
<ae>
<ae_ae>Autre édition:</ae_ae>
<ae_se>— Paris, Louis, 1795, 4t. (DLC)</ae_se>
</ae>
</entry>
</document>

<document>
<entry>
<id>92.24</id>
<au>
<a>LIOMIN, L.-A.</a>
</au>
<ti>La bergère d’Aranville, par M. Liomin</ti>
<det>
<pl>Neuchâtel,</pl>
<pb>de l’imprimerie de L. Fauche-Borel,</pb>
<y>1792,</y>
<f>pet. in-8,</f>
<p>139p.</p>
</det>
<bib>Oront FC 92 XII 3104 Monglond Q</bib>
<ex>FC donne: in-12, 140p.</ex>
<res>
<r_p>3e personne:</r_p>
<r_pl>Pyrénées (période révolutionnaire);</r_pl>
<r_n>Louise Montané, don Juan de Pédrera, Bellesert, Sevillé;</r_n>
<r_c>amours tumultueuses, malheurs.</r_c>
</res>
<ae>
<ae_ae>Autre édition:</ae_ae>
<ae_se>- La bergère d’Aranville ou l’émigration, par M. L***, Paris, Masson, Lecointe et Durey &amp; Abbeville, H. De-vérité, 1826, 2t. in-12, 156, 129p. (BNt)</ae_se>
</ae>
</entry>
</document>

<document>
<entry>
<id>92.25</id>
<au>
<a>LORY DE NARP, madame</a>
</au>
<ti>Les victimes de l’amour et de l’inconstance ou lettres de madame de Blainville</ti>
<det>
<pl>Paris.</pl>
<pb>Laurent jeune,</pb>
<y>1792,</y>
<f>2t. in-18</f>
</det>
<bib>MF 5.Ü.93 B Gay Monglond Q</bib>
<ae>
<ae_ae>Autres éditions:</ae_ae>
<ae_se>- 1794, 2t. in-18 (Gay) - ... nouvelle édition, Paris, Laurens (sic) jeune, 11800/, 2t. in-8 (JG III 246)</ae_se>
</ae>
</entry>
</document>

<document>
<entry>
<id>92.26</id>
<au>
<a>MALOUET, Pierre-Victor, baron de</a>
</au>
<s>m</s>
<ti>Voyage et conspiration de deux inconnues, histoire véritable extraite de tous les mémoires authentiques de ce temps-ci</ti>
<det>
<f>In-8,</f>
<p>52p.</p>
</det>
<bib>BMt BNt Q</bib>
<ex>Ouvrage attribué aussi à Mallet du Pan.</ex>
<res>
<r_c>En marge: voyage de ta Liberté (madame Eliot) et de la Raison (madame Stuard) à Paris, avec beaucoup de discussions sur la politique.</r_c>
</res>
</entry>
</document>

<document>
<entry>
<id>92.27</id>
<au>
<a>MARMONTEL, Jean-François</a>
</au>
<ti>L’école de l’amitié, conte moral, par M. Marmontel</ti>
<det>
<pl>Liege,</pl>
<pb>J.A. Latour,</pb>
<y>1792,</y>
<f>in-12,</f>
<p>95p.</p>
</det>
<bib>Oront Freund</bib>
<res>
<r_c>Ne comprend qu’un seul conte moral.</r_c>
</res>
<ae>
<ae_ae>Autres éditions:</ae_ae>
<ae_se>Pour les autres éditions de cet ouvrage, v. 92.28.</ae_se>
</ae>
</entry>
</document>

<document>
<entry>
<id>92.28</id>
<au>
<a>MARMONTEL, Jean-François</a>
</au>
<ae>
<ae_se>Nouveaux contes moraux Hambourg, P. Fr. Fauche &amp; Leipzig, P.F. Fauche, Voss et Léo, 1792, 2t. in-12 Freund Selon Freund, c’est dans cette édition (où sont reproduits également les 91.35, 91.36, 91.37 et 92.27) que paraissent pour la première fois sous forme de livre: Le trépied d’Hélène, Les bateliers de Besons, Il le falloit et Les rivaux d’eux-mêmes. Les volumes portant le titre Nouveaux contes moraux et publiés par Latour à Liège la même année ne comprennent que les contes déjà parus (v. ci-dessous, Autres éditions). Ce serait dans la ‘dernière édition augmentée’ de Fauche en 1794 (v. ci-dessous) qu’aurait paru pour la première fois: La cassette. Les derniers contes moraux de Marmontel n’ont été rattachés aux recueils que posthumement, au début du XIXe siècle Autres éditions des Nouveaux contes moraux: — Liège, Latour, 1792, 2t. in-12 (BN, Freund, Q). Ne com prend que le 91.35, le 91.36 et le 91.37. - ... seconde édition, Hambourg, Fauche &amp; Leipzig, Fauche, 1794, 2t. in-12 (Freund, Q) - ... dernière édition augmentée sur les précédentes d’un conte, Hambourg, P. Fr. Fauche, 1794, 2t. in-12 (Freund). Comprend La Cassette. Brunswick, Fauche, 1800, 5t. in-12 (Freund). Freund suppose, sans doute à cause des 5 volumes, que cette édition - qu’il n’a pas vue - comprendrait aussi les anciens contes. — Cobourg, Sinner, 1800, 2t. in-8 (Freund). Edition scolaire. — Paris, J.-B. Garnery, Maradan &amp; Strasbourg, frères Levrault, an 9. (1801), 4t. in-8 (BMf, Freund, Q) - Paris, J.-B. Garnery, Maradan &amp; Strasbourg, frères Levrault, an 9. (1801), 4t. in-12, viii + 302, 310, 310, 289p. (BNf, Freund). Ces deux dernières éditions font pendant à la version des Contes moraux publiée par les mêmes éditeurs la même année (v. 61.12, Autres éditions). — Paris, Richard, Caille et Ravier, an IX, 5t. in-24 (BNt, Freund, Q). Fait pendant à l’édition des Contes moraux publiée la même année (v. 61.12). - Leipsic, S.L. Crusius, 1805, 4t. in-8 (Freund). Représente, selon Freund, la suite de l’édition des Contes moraux publiée par Crusius en 1803 (v. 61.12). — Brunswick, Vieweg, 1810,4t. in-12 (Freund) - Cobourg &amp; Leipsic, Sinner, 1812, in-8 (Freund) - Paris, Guillaume, 1820, 5t. in-24 (BN, Freund) A partir de 1793, certaines éditions des Contes moraux comprennent au moins des éléments des Nouveaux contes moraux: nous n’avons pu en faire une analyse complète, mais il est vraisemblable que toutes les versions des Contes en cinq ou six volumes soient dans ce cas. Voir à ce propos 61.12, Autres éditions, ainsi que pour les éditions des Œuvres de Marmontel.</ae_se>
</ae>
</entry>
</document>

<document>
<entry>
<id>92.29</id>
<au>
<a>MERCIER, Louis-Sébastien</a>
</au>
<ti>Fictions morales, par M. Mercier</ti>
<det>
<pl>Paris,</pl>
<pb>chez les directeurs de l’imprimerie du Cercle social et chez les principaux libraires de l’Europe,</pb>
<y>1792, l’an quatrième de la liberté,</y>
<f>3t. in-8,</f>
<p>xvi + 304, 356, 365p.</p>
</det>
<bib>BNf CorrL janv. 1793 Monglond Q</bib>
<ex>Avant-propos: ‘Epars dans différens anciens journaux et recueils, je les ai rassemblés / mes contes moraux/ aujourd’hui, non sans peine, sous le titre de Fictions morales’. On trouvera des renseignements sur certains de ces morceaux aux numéros 67.42, 68.42 et 69.48, ainsi que dans T.E. Annandale, ‘Johann Gottlob Benjamin Pfeil and Louis-Sébastien Mercier’, Revue de littérature comparée, 44e année, no.4 (oct.-déc. 1970), pp. 444-459.</ex>
<res>
<r_st>/, 1-25, Vivonne et Ruyter; 26-47, Abézaîd; 48-57, Les sauvages des bords de l’Orénoque; 58-63, Anecdote historique tirée d’une ancienne chronique d’Allemagne; 64-108, Le marquis de Siqueville; 109-158. La sympathie; 159-225, L’avare corrigé; 226-237, Dolmell; 239-246, Dom-Pedro; 246-254, Alibée; 254-275, Ephegme; 276-286, L’oiseau de vérité; 287-304, Les amans du Groënlandois. II, 1-27, Où est le bonheur; 28-57, Menzicoff; 58-152, Les hypocrites; 153-356, L’homme sauvage. III, 1-57, Osman; 58-114, Léodamas; 115-188, Les époux malheureux; 189-266, Histoire de mademoiselle de Rémilies; 267-326, Le nouveau doyen de Killerine; 327-349, Séfi et Péhri; 349-365, Giaffar et Abassah.</r_st>
</res>
<ae>
<ae_ae>Autre édition:</ae_ae>
<ae_se>- Nouveaux contes moraux ou fictions morales, instructives et amusantes, par M. Mercier. Paris, libraires associés et chez les principaux libraires de l’Europe, an 8-1800, 3t. in-8 (Monglond)</ae_se>
</ae>
</entry>
</document>

<document>
<entry>
<id>92.30</id>
<au>
<a>MERCIER DE COMPÏÈGNE, Claude-François-Xavicr</a>
</au>
<ti>Rosalie et Gerblois ou l’époux généreux, nouvelle champenoise par M. Mercier, avec des romances mises en musique par M. Pollet</ti>
<det>
<pl>Paris,</pl>
<pb>rue Croix de la Bretonnerie, N° 43,</pb>
<y>1792,</y>
<f>in-18,</f>
<p>4+ 5-215p.</p>
</det>
<bib>VGMt FC 92 XVI 3542 Gay Q</bib>
<ex>Aux pp. 201-215 on trouve des Notes sur Thibaut et Blanche de Castille, avec quelques pages sur L’utilité des romans nationaux.</ex>
<res>
<r_p>3e personne;</r_p>
<r_pl>Champagne (Xllle siècle);</r_pl>
<r_n>Rosalie de Chézy, sire Henri de Montières, Gerblois;</r_n>
<r_c>amours malheureuses dans un cadre chevaleresque;</r_c>
<r_s>sensibilité, mélancolie.</r_s>
</res>
<ae>
<ae_ae>Autres éditions:</ae_ae>
<ae_se>— ... par M. Mercier, Paris, de l’imprimerie de J. Girouard, 1792, in-18,4 + 5-215p. (Oront ) — ... seconde édition, 1793 (Selon l’avis de l’édition de 1796, la première édition a paru en 1792, la deuxième en 1793.) — Rosalie et Gerblois, nouvelle historique par C. Mercier de Compiègne, troisième édition, Paris, Louis, 1796, in-18, 173p. (BNt, Monglond)</ae_se>
</ae>
</entry>
</document>

<document>
<entry>
<id>92.31</id>
<au>
<a>MERCIER DE COMPIÈGNE, Claude-François-Xavier</a>
</au>
<ti>Les soirées de l’automne et les épanchemens de l’amitié, par C.F.X. Mercier</ti>
<det>
<pl>Paris,</pl>
<pb>J. Girouard,</pb>
<f>2t. in-18,</f>
<p>iv + 172, 211p.</p>
</det>
<bib>BMt FC 92 XVI 3543 Gay Q</bib>
<res>
<r_st>Un faux titre, dans l’exemplaire du BM, porte: Œuvres de M. Mercier. Les morceaux qui se rapprochent du genre romanesque sont: I, 1-16, Les épreuves ou les suites d’un moment d’ivresse, conte poétique; 115-119, Promenade; 151-154, Retour vers Mimi. II, 15-54, Idilles; avec des morceaux en vers et des lettres.</r_st>
</res>
<ae>
<ae_ae>Autres éditions:</ae_ae>
<ae_se>- ... seconde édition, Paris, 1795, in-8 (Q, selon qui ‘on trouve dans ce volume une pastorale intitulée: Le prix de la bienfaisance’.) Erreur pour l’édition de 1796 ? — ... seconde édition, Paris, chez fauteur, 1796, 3t. in-18 (DLCt, JP 22 germ. IV. Gay). Édition augmentée (v. 96.45).</ae_se>
</ae>
</entry>
</document>

<document>
<entry>
<id>92.32</id>
<au>
<a>NAUBERT, Christiane-Bénédicte-Eugénie</a>
<trd>trad. par ?</trd>
</au>
<s>t</s>
<ti>Elisabeth, héritière du Tockenbourg ou histoire des dames de Sargans, ouvrage tiré des annales de la Suisse, traduit de l’allemand &amp; orné de figures</ti>
<det>
<pl>Genève,</pl>
<pb>J.E. Didier&amp; Paris, F. Dufart,</pb>
<y>1792,</y>
<f>4t. in-18,</f>
<p>252, 247, 258, 398p.</p>
</det>
<bib>BMt</bib>
<tr>Trad. de Elisabeth, Erbin von Toggenburg, 1789.</tr>
<res>
<r_p>Lettres, suivies de récits Ire et 3e personnes;</r_p>
<r_pl>Suisse!moyen âge);</r_pl>
<r_n>Conrad, Elisabeth;</r_n>
<r_c>une veuve, retirée dans un couvent, s’occupe de l’histoire de ses ancêtres illustres (série de nouvelles: Histoire de Noxia Venosta; Adélaïde de It’art; Ursule et Clorinde de Sargans; Histoire de deux inconnues).</r_c>
</res>
<ae>
<ae_ae>Autres éditions:</ae_ae>
<ae_se>- Paris, Didier, 1793, 4t. (PU) - Paris, J. Baillio, an V, 6t. in-18 (B. Monglond, Q)</ae_se>
</ae>
</entry>
</document>

<document>
<entry>
<id>92.33</id>
<au>
<a>NERCIAT, André-Robert</a>
</au>
<ti>Andréa de Mon noviciat ou les joies de Lolotte</ti>
<det>
<y>1792,</y>
<f>2t. in-18,</f>
<p>ci + 248, 255p.</p>
</det>
<bib>BNt Apollinaire, Nerciat C*** Gay Monglond</bib>
<res>
<r_p>Ire personne, avec récits intercalés Ire personne;</r_p>
<r_pl>France;</r_pl>
<r_n>le marquis de Pinartge, M. Bandini, Félicité, René. Mlle de la Motte, ...;</r_n>
<r_c>aventures libertines (scènes au couvent);</r_c>
<r_s>précisions pornograph iq ues.</r_s>
</res>
</entry>
</document>

<document>
<entry>
<id>92.34</id>
<au>
<a>NERCIAT, André-Robert Andréa de</a>
</au>
<ti>Monrose ou le libertin par fatalité</ti>
<det>
<y>1792,</y>
<f>4 part, in-8,</f>
<p>179, 214, 205, 200 + iv p.</p>
</det>
<bib>BMt BNt Apollinaire, Nerciat B C*** Monglond</bib>
<res>
<r_p>Ire personne (Félicia raconte l’histoire de son neveu. Monrose), avec récits intercalés Ire personne;</r_p>
<r_pl>Paris;</r_pl>
<r_n>Monrose, Félicia, Mme de Lisseval. Rose,....</r_n>
<r_c>aventures lubriques;</r_c>
<r_s>précisions pornographiques.92.34</r_s>
</res>
<ae>
<ae_ae>Autres éditions:</ae_ae>
<ae_se>- Selon Apollinaire et C*»*. l’édition de 1792 a pani également dans une version in-18. — Monrose ou suite de Félicia, par le même auteur, s.1., 1795, 4 part, in-18. xviii + 19-221, 247, 237, 219p. (BNj, Apollinaire, C***, Gay, Monglond, Q). L’ouvrage a gardé ce nouveau sous-titre dans les éditions qui ont suivi. - s.l.. 1795, 4 part, in-18. xviii + 19-199, 218, 207. 213p. (BMt). Le faux titre porte: Monrose ou le libertin par fatalité. — Paris, an cinq, 4t. in-12, x + 11-179, 202, 190, I94p. (BMt, Apollinaire, C***, Gay) - Paris, an huitième, 4 part, in-18, x + 11-179, 202, 190, 194p. (BMt, BNt, Apollinaire, Gay, Monglond) Paris, Le Prieur, s.d., 4t. in-16 (Apollinaire)</ae_se>
</ae>
</entry>
</document>

<document>
<entry>
<id>92.35</id>
<au>
<a>NOUGARET, Pierre-Jean-Baptiste</a>
</au>
<ti>Honorine Clarins, histoire américaine, publiée par M. Nougaret</ti>
<det>
<pl>Paris,</pl>
<pb>Louis,</pb>
<y>1792,</y>
<f>2t. in-12,</f>
<p>viii + 364, 267p.</p>
</det>
<bib>Oront CCCCU NN FC 92 XVIII 3829 Delcro Michaud Q</bib>
<ex>Delcro, Michaud et Q donnent également une édition de 1788 que nous n’avons pu retrouver. Il s’agit peut-être d’une confusion avec Duplessis, Honorine Derville (89.57), pan-? à la fin de 1788.</ex>
<res>
<r_p>Lettres;</r_p>
<r_pl>Amérique;</r_pl>
<r_n>le comte d’Aramans, Honorine Clarins, miss Henriette William, Micopac, Farugma, Zarisca;</r_n>
<r_c>aventures romanesques (épisode chez des Indiens); intrigue sentimentale.</r_c>
</res>
<ae>
<ae_ae>Autres éditions:</ae_ae>
<ae_se>- Regensburg, 1793, 2t. (RPJCB) - ... nouvelle édition revue et corrigée avec figures en taille-douce, Paris. Louis. 1796 (l’an 4), 4t. in-18, 175, 180, 174, 168p. (BNt, Delcro, Michaud, Q)</ae_se>
</ae>
</entry>
</document>

<document>
<entry>
<id>92.36</id>
<au>
<a>POLLIN, l’abbé Jean-Baptiste</a>
</au>
<ti>Le hameau de l’Agnielas, suivi du Ruisseau et de Cécile et de Blondel ou l’oratoire et du Nid de la fauvette, etc., par l’auteur du Citoyen des Alpes</ti>
<det>
<pl>Paris,</pl>
<pb>C.F. Perlet,</pb>
<y>1792,</y>
<f>in-18,</f>
<p>235p.</p>
</det>
<bib>BNt FC 92 XI 3027; MF 29.i.95 Monglond Q</bib>
<ex>Le citoyen des Alpes ou observations morales et politiques date de 1789 (Q).</ex>
<res>
<r_st>Pp. 9-114, Le hameau de l’Agnielas; 115-132, Le ruisseau, idvlle; 133-181, Cécile et Joseph Blondel ou l’oratoire; 183-210, Le nid de la fauvette; 211-227. Le lilas; 229-235, Le bouton de rose (morceaux pastoraux en prose).</r_st>
</res>
<ae>
<ae_ae>Autres éditions:</ae_ae>
<ae_se>- ... seconde édition, 1795 (Monglond, qui cite le compte rendu de MF 29.Î.95) - ... troisième édition, Grenoble, impr. de J. Allier et se vend à Paris, à Lyon et dans les autres villes de la République chez les marchands de nouveautés, an VI, 2t. in-12 (Grenoble, Monglond, Q) - Paris, Lavillette, an 1X-1801, 2t. in-12 (Bruxelles, Grenoble, Monglond)</ae_se>
</ae>
</entry>
</document>

<document>
<entry>
<id>92.37</id>
<au>
<a>ROZET</a>
</au>
<ti>Anecdotes historiques de la vie de Bogislas X, duc de Poméranie, surnommé le Grand, suivies de Korem et de Zendar, conte tartare, par M. Rozet</ti>
<det>
<pl>Paris,</pl>
<pb>Desenne,</pb>
<y>1792,</y>
<f>in-8,</f>
<p>viii + 72p.</p>
</det>
<bib>BNt Dufrenoy Monglond</bib>
<ex>O Pp. 59-72, Korem et Zendar: il s’agit, d’après une notice, d’un extrait tiré de Conversations in Polite Life, qui aurait paru ‘il y a environ cinquante ans’ à Londres.</ex>
</entry>
</document>

<document>
<entry>
<id>92.38</id>
<au>
<a>SAINT-PIERRE, Jacques-Henri</a>
</au>
<ti>Bernardin de Suite des Vœux d’un solitaire, pour servir de complément au cinquième volume des Etudes de la nature, avec la Chaumière indienne, par Jacques-Bcrnardin-Hcnri de Saint-Pierre</ti>
<det>
<pl>Paris,</pl>
<pb>de l’imprimerie de Didot jeune, P. Fr. Didot le jeune, Née de la Rochelle, De Senne,</pb>
<y>1792,</y>
<f>in-12,</f>
<p>251-411 + Ivi + 72p.</p>
</det>
<bib>BNt</bib>
<ex>Dufrenoy indique une première édition du Café de Surate en 1790; Q donne 1791 pour la Suite des voeux d’un solitaire. Nous citons le premier exemplaire que nous ayons pu avoir entre les mains. Les pp. Ivi + 72 représentent une réédition de la Chaumière indienne (91.43).</ex>
<res>
<r_p>Pp. 397-411, Le café de Surate: 3e personne;</r_p>
<r_pl>Surate;</r_pl>
<r_n>un Seidre persan, un Cafre, un Courtier Juif, le disciple de Confucius:</r_n>
<r_c>discussions (avec éléments romanesques) sur la nature de Dieu.</r_c>
</res>
<ae>
<ae_ae>Autres éditions:</ae_ae>
<ae_se>— Paris, imprimerie de Monsieur, P.F. Didot le jeune, Maquignon l’aîné, 1793, in-18, 242p. (BMt) — Pour les rééditions de la Chaumière indienne, avec laquelle Le café de Surate a parfois été reproduit, v. 91.43. Pour les différentes versions des Etudes de la nature et des CEuvres de Bernardin de Saint-Pierre, v.88.101.</ae_se>
</ae>
</entry>
</document>

<document>
<entry>
<id>92.39</id>
<au>
<a>SERVIEZ, le général Emmanuel-Gervais Roergas de</a>
</au>
<ti>Les prémices d’Annette, par M. de S..., Cape. d’infant.</ti>
<det>
<pl>Paris,</pl>
<pb>La Villette,</pb>
<y>1792,</y>
<f>in-18,</f>
<p>167p.</p>
</det>
<bib>BNt FC 92 XVIII 3829; JP 5 vent. IV; Mag. enc. 1 1795 vi 284 Monglond</bib>
<ex>Monglond et Q donnent une première édition de 1791 que nous n’avons pu retrouver.</ex>
<res>
<r_p>3e personne;</r_p>
<r_pl>France;</r_pl>
<r_n>Olivier, Annette, Honora, le père Torau;</r_n>
<r_c>amours contrariées par une mère et un confesseur qui ne prêchent pas d’exemple;</r_c>
<r_s>style héroï-comique.</r_s>
</res>
<ae>
<ae_ae>Autres éditions:</ae_ae>
<ae_se>— Londres, Durand, 1792, in-18 (NBR Ire année I, p.247; Gay) - Paris, an IV, in-12 (BM, Gay, Monglond, Q)</ae_se>
</ae>
</entry>
</document>

<document>
<entry>
<id>92.40</id>
<au>
<a>WEZEL, Johann Karl</a>
<trd>trad. par L. -H. DELAMARRE</trd>
</au>
<s>t</s>
<ti>Hermann et Ulrique, traduit de l’allemand</ti>
<det>
<pl>Paris,</pl>
<pb>Lavillette,</pb>
<y>1792,</y>
<f>2t. in-12,</f>
<p>336, 274p.</p>
</det>
<bib>Oront FC 92 VIII 2767; JP 8.vi.92; MF 5.V.92 Goedeke Monglond Q</bib>
<tr>Trad. de Hermann und Ulrike, ein komischer Roman, 1780.</tr>
<res>
<r_p>3e personne, avec quelques lettres;</r_p>
<r_pl>Allemagne;</r_pl>
<r_n>le comte et la comtesse d’Olhan, Henri (leur fils), Schwinger (instituteur), Delair (danseuse), Ulrique. Hedwige, madame Dormer;</r_n>
<r_c>aventures galantes, intrigues de cour, affaires d’argent;</r_c>
<r_s>ton comique.</r_s>
</res>
</entry>
</document>

</root>