<root>

<document>
<entry>
<id>96.1</id>
<ti>Aventures galantes de Rosalie, fille de joie, suivies du portrait de quelques jolies femmes de Paris, ouvrage traduit de l’anglais</ti>
<det>
<pl>Londres,</pl>
<y>1796,</y>
<f>in-18,</f>
<p>150p.</p>
</det>
<bib>Gay Rochedieu Streeter</bib>
<ex>Gay: ‘Fille d’un commissionnaire et d’une ravaudeuse, Rosalie est mise en apprentissage chez une coiffeuse; elle se livre au libertinage et meurt à l’hôpital’. Streeter n’a pas trouvé l’original anglais. Rochedieu propose Memoirs of a French Lady of Pleasure, mais la date de 1797 qu’il donne pour cet ouvrage laisse supposer que celui-ci pourrait être une version du roman français, plutôt que vice-versa. Il est fort possible que les Aventures galantes de Rosalie soient une traduction supposée.</ex>
</entry>
</document>

<document>
<entry>
<id>96.2</id>
<ti>Carline et Belval ou les leçons de la volupté</ti>
<det>
<pl>Londres,</pl>
<y>1796,</y>
<f>2t. in-18</f>
</det>
<bib>Gay</bib>
<ex>Selon B, dans sa 3e édition, il ne s’agit pas, malgré ce qu’en disent B (2de édition) et Q, d’une réédition de la Confession générale du chevalier de Wilfort, par Hubert d’Orléans (55.24). B donne le titre Carline et Belval sans indiquer ni lieu d’impression ni date. Roman très libre (Gay).</ex>
<ae>
<ae_ae>Autres éditions:</ae_ae>
<ae_se>- Paris, Deroy, /an V/, 2t. in—1 8 (JP 16 frim. V) - 3e édition, Avignon, Marcou, an V, 2t. in-18, 106, 101p. (Gay) - Avignon, Marcou, 1798, 2t. (Gay) - Paris, an VI, 2t. in-18 (Gay)</ae_se>
</ae>
</entry>
</document>

<document>
<entry>
<id>96.3</id>
<ti>Les confessions d’un solitaire L’an IV de la République une et</ti>
<det>
<pl>indivisible,</pl>
<y>1796 (vieux</y>
<pl>style),</pl>
<pb>Genève,</pb>
<y>1796,</y>
<f>2 part, in-18,</f>
<p>168, 204p.</p>
</det>
<bib>Oronf JP 24 pluv.IV; MF 10.iii.96 Cohen Monglond</bib>
<ex>Les bibliographies que nous citons donnent: Paris, Maradan, 2t. in-8.</ex>
<res>
<r_p>Ire personne;</r_p>
<r_pl>France, Espagne, Angleterre, Afrique M.</r_pl>
<r_n>Larthenas, Marguerite, M. Grasset, Vaucluse;</r_n>
<r_c>aventures et métiers divers d’un jeune bourgeois, voyages;</r_c>
<r_s>tendances réalistes, thèmes philosophiques.</r_s>
</res>
</entry>
</document>

<document>
<entry>
<id>96.4</id>
<ti>Les dangers du moment, traduit de l’allemand</ti>
<s>t</s>
<det>
<pl>Vienne,</pl>
<pb>Huebner,</pb>
<y>1796,</y>
<f>gr. in-8</f>
<p>Monglond, qui</p>
</det>
<bib>cite Kayser</bib>
<ex>Nous n’avons pu trouver d’autre référence à cet ouvrage, ni à un original allemand.</ex>
</entry>
</document>

<document>
<entry>
<id>96.5</id>
<ti>L’enfant du plaisir ou les délices de la jouissance</ti>
<det>
<pl>In-18,</pl>
<p>110p.</p>
</det>
<bib>BMt Gay</bib>
<ex>L’exemplaire du BM n’a pas de page de titre: nous citons le titre de départ. Selon Gay, l’ouvrage aurait paru vers 1796.</ex>
<res>
<r_p>Ire personne;</r_p>
<r_pl>Paris;</r_pl>
<r_n>M. de Naucré, la tante Abeline, Julienne, Monsieur Audebert, Lucas, Lisette;</r_n>
<r_c>aventures lubriques;</r_c>
<r_s>détails pornographiques.</r_s>
</res>
<ae>
<ae_ae>Autre édition:</ae_ae>
<ae_se>Paris, au temple de Cythère, 1803, in-18, 129p. (BNf)</ae_se>
</ae>
</entry>
</document>

<document>
<entry>
<id>96.6</id>
<ti>Les infortunes de Maria, esclave persanne</ti>
<det>
<pl>Paris,</pl>
<pb>Deroy,</pb>
<y>1796-Ve année républicaine,</y>
<f>in-18,176p.</f>
</det>
<bib>JP 13 frim. V; Mag. enc. II 1797 v 427 Gay Monglond Tricotel</bib>
<ex>‘Cet ouvrage est écrit en forme de journal; c’est Maria elle-même qui parle, c’est avec son père qu’elle s’entretient’ (compte rendu du Mag. enc., que nous avons suivi également pour la description de l’ouvrage donnée ci-dessous).</ex>
<res>
<r_p>Ire personne;</r_p>
<r_pl>Perse;</r_pl>
<r_n>Maria, Osman;</r_n>
<r_c>les amours de Maria et d’un pacha philosophe, vertueux et sensible.</r_c>
</res>
<ae>
<ae_ae>Autre édition:</ae_ae>
<ae_se>— ... troisième édition, Paris, J.-B. Saint-Sauveur, 1797, pet. in-18, 137p. (Monglond)</ae_se>
</ae>
</entry>
</document>

<document>
<entry>
<id>96.7</id>
<ti>Lady Almérie Bclmorc, traduit de l’anglois par de R....</ti>
<s>t</s>
<det>
<pl>Paris,</pl>
<pb>Gueffier jeune,</pb>
<y>l’an IV,</y>
<f>2 part, in-18,</f>
<p>166, 156p.</p>
</det>
<bib>Oront JG I 178; Moniteur 15 flor. IV</bib>
<ex>Nous ne connaissons pas l’original anglais de cet ouvrage.</ex>
<res>
<r_p>Lettres;</r_p>
<r_pl>Angleterre;</r_pl>
<r_n>le colonel Harcourt, William Richards, miss Bamard, M. Benson;</r_n>
<r_c>intrigues d’amour, voyages;</r_c>
<r_s>sensibilité, mais des éléments comiques aussi.</r_s>
</res>
</entry>
</document>

<document>
<entry>
<id>96.8</id>
<ti>Nouvelle vision de Babouc ou la Perse comme elle va Sur le rivage</ti>
<det>
<pl>de l’Oxus,</pl>
<pb>de l’imprimerie de Babouc</pb>
<pl>&amp; Paris,</pl>
<pb>l’auteur, Desenne, Maret et tous les marchands de nouveautés.</pb>
<y>1796 (part. I) - an V. 1797 (part.II),</y>
<f>2 part, in-8,</f>
<p>112, 139p.</p>
</det>
<bib>BNt JG I 145; JP 21 vent. V</bib>
<ex>L’exemplaire de la BN est précédé d’un prospectus de 15 pages.</ex>
<res>
<r_p>3e personne;</r_p>
<r_pl>Persepolis (Paris);</r_pl>
<r_n>/turiel, Babouc, le Vieillard;</r_n>
<r_c>tableau de Paris sous la Révolution présenté dans un déguisement persan.</r_c>
</res>
</entry>
</document>

<document>
<entry>
<id>96.9</id>
<ti>Les plus courtes folies sont les meilleures ou l’infidèle malgré lui L’imprimerie de Cocatrix, an</ti>
<det>
<pl>IV,</pl>
<p>2t., 217, 276p.</p>
</det>
<bib>Oront</bib>
<res>
<r_p>3e personne (récit découpé en ’journées’);</r_p>
<r_pl>Paris;</r_pl>
<r_n>Flores tan, madame de Saint-Odile, madame de Rezane, madame de Fonrose, madame de Florival;</r_n>
<r_c>galanteries de Florestan, séducteur et séduit.</r_c>
</res>
</entry>
</document>

<document>
<entry>
<id>96.10</id>
<ti>Veillées américaines, seconde édition</ti>
<det>
<pl>Paris,</pl>
<pb>Deterville, l’an III de la République.</pb>
<y>1796,</y>
<f>3t. in-18,</f>
<p>192, 202, 196p.</p>
</det>
<bib>CtYt RPJCBt</bib>
<ex>La première édition des Veillées semble être introuvable. Voir, à propos de cet ouvrage, Une sœur ainée d’Atala: Odérahi, histoire américaine, éditée par Gilbert Chinard, s.l.n.n., 1950. Chinard rejette l’attribution à Palisot de Beauvois proposée par Paul Hazard (Revue de littérature comparée, juillet 1923). En même temps il affirme (p. 16) que l’ouvrage porte ‘1795’ et non pas ‘1796’: dans l’exemplaire de CtY, par exemple, il est vrai que, sur les trois pages de titre, le dernier chiffre de la date est mal imprimé, mais un examen attentif révèle que dans les trois cas il s’agit bien d’un ‘6’ et non pas d’un ‘5’.</ex>
<res>
<r_c>Trois récits tirés des mémoires d’un cultivateur américain: Eliza; Eugénie;</r_c>
<r_s>Odéraï (sic).</r_s>
</res>
<ae>
<ae_ae>Autre édition i’Odérahi:</ae_ae>
<ae_se>- Odérahi, histoire américaine, contenant une peinture fîdelle des habitans de l’intérieur de l’Amérique septentrionale, Paris, Boiste, Richard, Desenne, s.d. /an IX/, in-12 (BN, Mag. enc. Vil 1801 iv 428)</ae_se>
</ae>
</entry>
</document>

<document>
<entry>
<id>96.11</id>
<au>
<a>BLANCHARD, Pierre</a>
</au>
<ti>Petite bibliothèque des enfans, par P. Blanchard, auteur de Félix el Pauline</ti>
<det>
<pl>Paris,</pl>
<pb>Le Prieur,</pb>
<f>2t. in-18,</f>
<p>xxii + 23-176, 204p.</p>
</det>
<bib>BNt</bib>
<ex>Q donne la date de 1795 pour la première édition. L’aver-tissement est daté du 5 vendémiaire, an IV.</ex>
<res>
<r_st>/, 23-35, Le petit Pierrot: 36-39, Le chien du fermier; 40-106, Rosette et Colas ou la grotte du rocher; 107-151, Le bon et le méchant enfant; 152-157, L’hospitalité ou les petits bergers du Mont-Jura; 158-162, Le nid de fauvette; 163-172, La fête de l’enfance; 173-176, L’homme laborieux et le fainéant. Il, 5-17, Le triomphe de la piété filiale; 18-131, Richarde! ou le jeune aventurier; 132-167, Isidore et Marcellin ou les jeunes héros; 168-203, ouvrages non-romanesques.</r_st>
</res>
<ae>
<ae_ae>Autres éditions:</ae_ae>
<ae_se>- Une ‘seconde édition, corrigée et augmentée ’ est annoncée par JT 30 flor. VIII. - 12e édition, Paris, Leprieur, 1825, in-12 (Q) 38K</ae_se>
</ae>
</entry>
</document>

<document>
<entry>
<id>96.12</id>
<au>
<a>BLANCHARD, Pierre</a>
</au>
<ti>Le rêveur sentimental, par P. Blanchard, auteur du Catéchisme de la nature, de Félix et Pauline et de la Petite bibliothèque des enfans</ti>
<det>
<pl>Paris,</pl>
<pb>Leprieur, IVe année républicaine,</pb>
<f>2t. in-1 8,</f>
<p>xii + 192 188p.</p>
</det>
<bib>BNt JP 11 fruct. IV Monglond Q</bib>
<res>
<r_p>Ire personne;</r_p>
<r_pl>France;</r_pl>
<r_n>mon ami Constant, la jeune Annette, Adélaide, Robert, Isidore,...;</r_n>
<r_c>série décousue de réflexions et d’anecdotes sensibles;</r_c>
<r_s>nature, sensibilité, vertu.</r_s>
</res>
</entry>
</document>

<document>
<entry>
<id>96.13</id>
<au>
<a>BLANCHARD, Pierre</a>
</au>
<ti>Simplicie ou les voluptés d’amour</ti>
<det>
<pl>Paris,</pl>
<pb>Leprieur,</pb>
<y>an IV-1796,</y>
<f>in-18,</f>
<p>188p.</p>
</det>
<bib>(NIC) JP 23 frim. V Gay Monglond</bib>
<res>
<r_st>Pp. 37-109, Simplicie ou les voluptés d’amour; 111-143, Simpliciette; 159-188, L’habitant des rives du Bétis.</r_st>
</res>
<ae>
<ae_ae>Autres éditions:</ae_ae>
<ae_se>- Paris, Le Prieur, an VII, in-18. 179p. (BMt) — ... nouvelle édition, Paris, Le Prieur, 1800, in-18 (JG III 148, Gay, Monglond, Q)</ae_se>
</ae>
</entry>
</document>

<document>
<entry>
<id>96.14</id>
<au>
<a>BONHOTE, Mrs Elizabeth trad.par?</a>
</au>
<s>t</s>
<ti>Hélène Woudley, traduit de l’anglais de milady Bonhot</ti>
<det>
<pl>Paris,</pl>
<pb>Déterville, an 4,</pb>
<y>1795,</y>
<f>2t. in-18</f>
</det>
<bib>JP 30 germ. IV, 17 niv. V</bib>
<tr>Trad. de Ellen Woodley, a Novel, 1790.</tr>
<res>
<r_c>L’éducation du fils d’un seigneur de village est entreprise par un honnête pasteur (M. Woudlei, Valentin, Hélène, sir Henry Alford, Edwin Alford...).</r_c>
</res>
</entry>
</document>

<document>
<entry>
<id>96.15</id>
<au>
<a>CAMPENON, Vincent</a>
</au>
<s>m</s>
<ti>Voyage à Chambéry, par Vincent Campenon</ti>
<det>
<pl>Paris,</pl>
<pb>J.J. Lucet,</pb>
<y>1796,</y>
<f>in-12,</f>
<p>58p.</p>
</det>
<bib>BNt JP 27 frim. V Q</bib>
<ex>donne: Grenoble, 1795.</ex>
<res>
<r_c>En marge: récit de voyage en vers et en prose.</r_c>
</res>
<ae>
<ae_ae>Autre édition:</ae_ae>
<ae_se>— ... troisième édition, Paris, de l’imprimerie de Didot jeune, 1797, in-18, 75p. (A, BM, BNt, Veillées I 3 (1798)92-97, Q)</ae_se>
</ae>
</entry>
</document>

<document>
<entry>
<id>96.16</id>
<au>
<a>CARACCIOLI, Louis-Antoine, marquis de</a>
</au>
<ti>Lilasie ou la beauté outragée par elle-même, par l’auteur des Lettres récréatives et morales</ti>
<det>
<pl>Paris,</pl>
<pb>Lanneau, Louvet, Meurant, Le Petit, Le Breton, IVe année républicaine,</pb>
<f>2t. in-18,</f>
<p>vi + 180, 184p.</p>
</det>
<bib>Oront JP 14 fruct. III. 15 vend. IV: MF 27 sept. 1795 B Blanc Gay Monglond Q</bib>
<ex>Les bibliographies que nous citons donnent la date de 1795.</ex>
<res>
<r_p>3e personne;</r_p>
<r_pl>France (Lignon), Afrique;</r_pl>
<r_n>Lilasie, Clorinde, Catimani, dame de Valbon, Melicerti;</r_n>
<r_c>malheurs d’une femme qui est trop belle (galanteries mondaines, voyages, esclavage);</r_c>
<r_s>ton sentimental et moralisateur.</r_s>
</res>
</entry>
</document>

<document>
<entry>
<id>96.17</id>
<au>
<a>CAZENOVE D’ARLENS, Constance de</a>
</au>
<ti>Henriette et Emma ou l’éducation de l’amitié</ti>
<det>
<pl>Paris,</pl>
<pb>Imprimerie des sciences et des arts</pb>
<pl>&amp; Leipsig,</pl>
<pb>Pierre Philippe Wolf,</pb>
<y>1796,</y>
<f>in-12,</f>
<p>259p.</p>
</det>
<bib>Oront DeGet JG I 24; JP 6 germ., 6 fruct. IV; Mag. enc. I 1795 vi 284; MF 29.iv.96 B Monglond Q</bib>
<res>
<r_p>3e personne, avec des lettres et un manuscrit;</r_p>
<r_pl>pays de Galles, Londres;</r_pl>
<r_n>lady Anna Belville, monsieur Williams, Henriette Aresby;</r_n>
<r_c>histoire d’une jeune fille dont la tête a été tournée par les romans (intrigues sentimentales);</r_c>
<r_s>sensibilité, mais ironie.</r_s>
</res>
</entry>
</document>

<document>
<entry>
<id>96.18</id>
<au>
<a>CHARRIÉRE, Isabelle-Agnès-Elisabeth van Tuyll van Serooskerken van Zuylen, dame de</a>
</au>
<ti>Les trois femmes, nouvelle, par l’auteur des Lettres de Lausanne, publiée pour le soulagement d’une de ses amies dans le malheur</ti>
<det>
<pl>Londres,</pl>
<pb>de l’imprimerie de Baylis, et se trouve chez J. Deboff, Dulau</pb>
<pl>&amp; Co, &amp; chez</pl>
<pb>tous les marchands de nouveautés,</pb>
<y>1796,</y>
<f>2t. in-18,</f>
<p>156, 137p.</p>
</det>
<bib>BNt</bib>
<ex>Ouvrage publié pour la première fois dans une version allemande: Drei Weiber..,, Leipzig, 1795 (Godet). V. aussi J.-D. Candaux, ‘Note sur deux éditions mutilées de madame de Charrière’, Revue des sciences humaines, xxxv, no. 137, janv.-mars 1970, 87-92.</ex>
<res>
<r_p>3e personne, avec récits intercalés Ire personne et lettres;</r_p>
<r_pl>Allemagne;</r_pl>
<r_n>Emilie (fille d’émigrés), Joséphine, Constance de Vaucourt, Henri, le baron d’Altendorf, Théobald;</r_n>
<r_c>intrigues mondaines et sentimentales, tableaux des moeurs.</r_c>
</res>
<ae>
<ae_ae>Autres éditions:</ae_ae>
<ae_se>- ... publiée par l’auteur de Caliste, Paris, Libraires de nouveautés, 1797, 2t. in-12, xii + 168, 139p. (Neuchâtelt, DLCt, JLLviii 1797, Godet, Monglond) - Paris, Mourer et Pinparé, 1797, 2t. in-18, xii + 168 139p. (DeGet, OLaK, JP 8.ix.97) - Paris, Mourer et Pinparé, an VI, 2t. in-18 (JP 16 mess. VI, Godet, Monglond) - Lausanne, Mourer, 1798, 2t. in-12 (JG I 24, Gay, Q, Saint-Fargeau) - ds L’abbé de la Tour ou recueil de nouvelles et autres écrits divers 1.1, Leipsic, Pierre Philippe Wolf, 1798, in-8 (BN: t. I-II, Genève, Oront, B, Godet, Monglond) V. 98.37. - Les trois femmes.... Paris, A. Nepveu, 1808, 323p. (Genève, Escoffier, Monglond) - Paris, A. Nepveu, 1809, in-8, 323p. (MHt). Q donne: Genève, 1809.</ae_se>
</ae>
</entry>
</document>

<document>
<entry>
<id>96.18bis</id>
<au>
<a>CUVELIER DE TRIE, Jean-Guillaume-A.</a>
</au>
<ti>La fille hussard ou les aventures d’un jeune sergent, roman par J.G.A. Cuvelier</ti>
<det>
<pl>Paris,</pl>
<pb>Barba,</pb>
<y>1796. IV? année républicaine,</y>
<f>in-18,</f>
<p>188p.</p>
</det>
<bib>BMt</bib>
<res>
<r_p>3e personne;</r_p>
<r_pl>près de Belgrade;</r_pl>
<r_n>Fritz-Hébert, Catherine, Christien, Laurêto, le baron de Traufmandorf, le comte de Caubor, Sophie;</r_n>
<r_c>amours tumultueuses, aventures romanesques;</r_c>
<r_s>ton sensible.</r_s>
</res>
</entry>
</document>

<document>
<entry>
<id>96.19</id>
<au>
<a>DAMIN, Louis</a>
</au>
<s>m</s>
<ti>Voyage de Chantilly, par le citoyen Damin</ti>
<det>
<pl>Paris,</pl>
<pb>de l’imprimerie d’Hacquart,</pb>
<y>1796.</y>
<f>in-12,</f>
<p>45p.</p>
</det>
<bib>BNt JP 16 prair. IV Q</bib>
<ex>Q donne le titre: Voyage à Chantilly et Ermenonville en prose et en vers. En marge: récit en prose et en vers d’un voyage fait en 1790 par le narrateur et son ami de Nanterre à Chantilly.</ex>
<ae>
<ae_ae>Autres éditions:</ae_ae>
<ae_se>— Le voyage curieux et sentimental, ... Toulouse, imprimerie de A.D. Manavit fils, an VIII, 2 part, in-8 (BN, Q) - ... seconde édition, Paris, 1802, in-12 (Q)</ae_se>
</ae>
</entry>
</document>

<document>
<entry>
<id>96.20</id>
<au>
<a>DANTE ALIGHIERI</a>
<trd>trad. par Paul-Edouard</trd>
</au>
<ti>Colbert, mnt duc d’ESTOUTEVILLE et revu par Marie-Farançois SALLIOR La divine comédie de Dante Alighieri, contenant la description de l’enfer, du purgatoire et du paradis</ti>
<res>
<r_c>Paris, Allior successeur de Didot jeune, l’an</r_c>
<r_s>IV de la République</r_s>
</res>
<det>
<y>(1796),</y>
<f>3t. in-8,</f>
<p>xxviii + 170, 179, 183-342p.</p>
</det>
<bib>BM BNt Q</bib>
<tr>Trad. en prose de la Divina Commedia. 1265-1321. Pour d’autres traductions de cet ouvrage, v. 76. 22.96.21</tr>
</entry>
</document>

<document>
<entry>
<id>96.21</id>
<au>
<a>DEMOUSTIER, Charles-Albert mn</a>
</au>
<bib>BNt JP 8 vent. IV Després Gay Michaux Q</bib>
<ex>Les quatre premières parties ont été publiées en 1786, 1788, 1789 et 1790. Pour de plus amples détails sur cet ouvrage, v. 86. 31.</ex>
<ae>
<ae_se>Lettres à Emilie sur la mythologie, par C.A. Demoustier, cinquième /sixième/ partie Paris chez l’auteur, an IV-1796 (t. V)- Devaux. Patris, an VII (t. VI), in-8. 152, 170p. ### Autres éditions: - Paris, Patris, an VI-1797 (t. V) - an VII (t. VI), 2t. in-18, 95, 150p. (BN, Després) - ... 6e partie, La Haye, libraires associés, 1799, in-18, 178p. (BN) Pour les éditions des six parties réunies, v. 86. 31.</ae_se>
</ae></entry>
</document>

<document>
<entry>
<id>96.22</id>
<au>
<a>ÉSOPE DE PHRYGIE et PHÈDRE</a>
<trd>trad. par Jean-Baptiste cmnt GAIL</trd>
</au>
<ti>Esope grec et latin, traduit en français par J.B. Gail, professeur de littérature grecque au Collège de France, place Cambrai</ti>
<det>
<pl>Paris,</pl>
<pb>de l’imprimerie de Delance, l’an V,</pb>
<y>1796,</y>
<f>3t. in-8,</f>
<p>371, 280 + 3. 1 + 260p.</p>
</det>
<bib>BM (t. II) BN+ JP 20.v, 7.xi,97</bib>
<ex>Le faux titre porte: Les trois fabulistes. Esope, Phèdre et La Fontaine, par Chamfort et Gail. La page de titre du t. II est libellé ainsi: Phèdre, traduit en français par J.-B. Gail, professeur de littérature grecque... ; le t. III ainsi: Fables de La Fontaine, avec les notes de Chamfort... Pour d’autres versions des fables d’Esope, v. 52.R18, 90.35. Traductions en prose des fables, dont on donne aussi le texte grec et latin.</ex>
</entry>
</document>

<document>
<entry>
<id>96.23</id>
<au>
<a>FANTIN-DESODOARDS, Antoine-Étienne-Nicolas</a>
</au>
<ti>Révolutions de l’Inde pendant le dix-hùitième siècle ou mémoires de Typhoo-Zaeb, sultan du Maissour, écrits par lui-même et traduits de la langue indostane, publiés par Antoine Fantin-Desodoards, citoyen français</ti>
<det>
<pl>Paris,</pl>
<pb>George Bridel, chez les marchands de nouveautés,</pb>
<y>1796 (n. st. IV),</y>
<f>2t. in-8.</f>
<p>xvi + 382, 358p.</p>
</det>
<bib>BM BNt Q</bib>
<res>
<r_p>Ire personne, mais le narrateur n’est pas le personnage principal;</r_p>
<r_pl>Indes;</r_pl>
<r_n>Heyder-Aly-Kan, Zama, Typhoo-Zaëb.Hastings;</r_n>
<r_c>intrigues galantes et romanesques greffées sur le récit des guerres aux Indes au X Ville siècle.</r_c>
</res>
<ti>Le désert du Zend ou histoire des malheurs et aventures de Zama et du sultan de Maissour, depuis son départ ppur la Perse, jusqu’à l’époque de son retour dans ses Etats,</ti>
<ae>
<ae_ae>Autres éditions:</ae_ae>
<ae_se>- 1797, 3t. in-18 (Q) - ### Paris, Pigoreau, Dentu, an Vil de la République, 2t. in-18, viii + 166, 179p. (BNt, JG II 140, JT 25 flor. VII, B, Dufrenoy, Monglond). Extraits de l’édition originale: la partie romanesque a été gardée, les récits historiques supprimés.</ae_se>
</ae></entry>
</document>

<document>
<entry>
<id>96.24</id>
<au>
<a>FEITH, Rhinjvis</a>
<trd>trad. par Hendrik JANSEN</trd>
</au>
<s>t</s>
<ti>Julie, par Rhynvis Feith, suivie de quelques morceaux du même auteur, le tout traduit du hollandais par H.J. Jansen, seconde édition</ti>
<det>
<pl>Paris,</pl>
<pb>H.J. Jansen et comp.,</pb>
<y>an IV,</y>
<f>in-18,</f>
<p>152p.</p>
</det>
<bib>Oront JP 12 brum. IV</bib>
<ex>Malgré la mention ‘seconde édition’ sur la page de titre, Julie et le morceau intitulé Alpin semblent paraître ici pour la première fois. Ce volume a paru en même temps que la seconde édition de Ferdinand et Constance (93. 11 ), du même auteur, et était destiné à y faire pendant.</ex>
<tr>Trad. de Julia, 1783.</tr>
<res>
<r_p>Pp. 1-91, Julie: Ire personne;</r_p>
<r_pl>‘à la campagne’;</r_pl>
<r_n>Alceste, Julie, Edouard;</r_n>
<r_c>amours tragiques;</r_c>
<r_s>à la manière de</r_s>
<r_st>Werther. Pp. 93-113, Thémire (v. 93. 11 ); 115-135, Le solitaire (v. 93. 11); 137-152, Alpin, tiré d’un ancien manuscrit.</r_st>
</res>
</entry>
</document>

<document>
<entry>
<id>96.25</id>
<au>
<a>FIELDING, Henry</a>
<trd>trad. par DAVAUX nt Tom</trd>
</au>
<ti>Jones ou l’enfant trouvé, traduction nouvelle dans laquelle on a rétabli les morceaux supprimés dans celle de Laplacc, par le citoyen Davaux</ti>
<det>
<pl>Paris,</pl>
<pb>chez Maison, de l’imprimerie de Hautbout l’aîné,</pb>
<y>l’an</y>
<f>IV. 4t. in-8,</f>
<p>viii +111 (pour 51 1 ), 525, 182 (pour 482), 566p.</p>
</det>
<bib>BM BNt JP 8 niv. V Monglond Q Rochedieu</bib>
<tr>Trad. de History of Tom Jones, 1749. Pour la version de La Place, publiée en 1750, v. 5 1.R21.</tr>
<ae>
<ae_ae>Autre édition:</ae_ae>
<ae_se>- Paris, 1798, 4t. in-8 (Q)</ae_se>
</ae>
</entry>
</document>

<document>
<entry>
<id>96.26</id>
<au>
<a>GODWIN, William</a>
<trd>trad. par le comte Germain GARNIER</trd>
</au>
<s>t</s>
<ti>Les aventures de Caleb Williams ou les choses comme elles sont, par Williams Godwin, traduites de l’anglais</ti>
<det>
<pl>Paris,</pl>
<pb>Agassc, l’an IV de la République,</pb>
<f>2t. in-8,</f>
<p>xvi + 358, 344p.</p>
</det>
<bib>BNt JP 7 germ. IV; Mag. enc. I 1795 v 563, vi 534-552 Monglond Rochedieu Streeter</bib>
<ex>B, Pigoreau, Q et Rochedieu donnent une première édition de cet ouvrage datant de 1794, que nous n’avons pu retrouver. Les annonces parues dans des périodiques pour 1796 semblent se rapporter à un ouvrage qui venait de paraître.</ex>
<tr>Trad. de Things as they are or Adventures of Caleb Williams, 1794.</tr>
<ex>Une autre traduction de cet ouvrage a paru également en 1796 (v. 96.27).</ex>
<res>
<r_p>Ire personne;</r_p>
<r_pl>Angleterre;</r_pl>
<r_n>M. Falkland, M. Collins, Barnabas, Tyrrel, Grimes, Emilie;</r_n>
<r_c>malheurs, querelles de voisins; vertu, critique des préjugés.</r_c>
</res>
<ae>
<ae_ae>Autre édition:</ae_ae>
<ae_se>- Paris, veuve Agasse, 1813, 3t. in-12 (BN, Monglond, Q). Version remaniée.</ae_se>
</ae>
</entry>
</document>

<document>
<entry>
<id>96.27</id>
<au>
<a>GODWIN, William</a>
<trd>trad. par ? Samuel de CONSTANT nt DE REBECQUE</trd>
</au>
<ti>Les choses comme elles sont ou les aventures de Caleb Williams, par William Godwin, traduit de l’anglois par des gens de la campagne</ti>
<det>
<pl>Lausanne,</pl>
<pb>Hignou et Compe., aux dépends</pb>
<y>(sic) de l’auteur, 1796,</y>
<f>3t. in-12,</f>
<p>xxü + 296, 334, 332p.</p>
</det>
<bib>Lausannef JLL V 1796 339-347 Monglond Q Rochedieu</bib>
<ex>Selon B, Monglond, Q et Rochedieu, une traduction attribuée à Constant de Rebecque aurait paru à Genève en 1795. Les renseignements donnés par les bibliographes sur cette version, surtout pour ce qui est du titre, semblent être contradictoires, et nous n’avons pu en trouver d’exemplaire. Nous ne savons pas quels sont les rapports de cette traduction, si elle a existé, avec celle que nous décrivons ici, attribuée également à Constant de Rebecque.</ex>
<tr>Trad. de Things as they are or Adventures of Caleb Williams, 1794.</tr>
<res>
<r_c>Voir aussi 96.26, pour une autre version française de ce roman, ainsi que pour de plus amples renseignements à son propos.</r_c>
</res>
<ae>
<ae_ae>Autre édition:</ae_ae>
<ae_se>- Paris, Dufart, Desenne, an.5.-1797., 4t. in-18, 220, 183, 180, 183p. (BMf, JP 1 prair. V, Monglond, Q, Rochedieu)</ae_se>
</ae>
</entry>
</document>

<document>
<entry>
<id>96.28</id>
<au>
<a>GOLDSMITH, Oliver</a>
<trd>trad. par BIZET</trd>
</au>
<s>nt</s>
<ti>Le curé de Wakefield, traduit de l’anglais par M. J.B. Biset, maître de langue française à Londres</ti>
<det>
<pl>Londres,</pl>
<pb>chez l’auteur, T. Cadell le jeune et G. Davies, Tindal,</pb>
<y>1796,</y>
<f>in-12,</f>
<p>xi + 348p.</p>
</det>
<bib>BMt</bib>
<tr>I’rad. de The Vicar of Wakefield, 1766. Pour les autres traductions de cet ouvrage, v. 67.34.</tr>
<ae>
<ae_ae>Autre édition:</ae_ae>
<ae_se>Dublin, Gilbert, 1797, in-12, xi + 240p. (BM, Rochedieu)</ae_se>
</ae>
</entry>
</document>

<document>
<entry>
<id>96.29</id>
<au>
<a>GOLDSMITH, Oliver</a>
<trd>trad. par Étienne AIGNAN</trd>
</au>
<s>nt</s>
<ti>Le ministre de Wakefield. histoire supposée écrite par lui-même, par Goldsmith, traduite de l’anglois par Etienne Aignan, nouvelle édition</ti>
<det>
<pl>Paris,</pl>
<pb>Laran, au Palais Egalité, an IV,</pb>
<f>2t. pet. in-12</f>
</det>
<bib>JP 16 niv., 4 pluv. V Cohen Monglond Rochedieu</bib>
<ex>Nous n’avons pu voir d’éditions avant celle de 1803.</ex>
<tr>Trad. de The Vicar of Wakefield, 1766. Pour les autres traductions de cet ouvrage, v. 67.34.</tr>
<ae>
<ae_ae>Autres éditions:</ae_ae>
<ae_se>- Le ministre de Wakefield d’Olivier Goldsmith, traduction nouvelle par E*** A***, Paris, F. Louis. 1803 in-12, 328p. (BMf, BN, Q). - Q donne aussi une version de cette édition en français et en anglais: 2t. in-12. - Paris, s.d., in-12 (BN)</ae_se>
</ae>
</entry>
</document>

<document>
<entry>
<id>96.30</id>
<au>
<a>GRASSET-SAINT-SAUVEUR, Jacques</a>
</au>
<ti>Les amours du fameux comte de Bonneval, pacha à deux queues, connu sous le nom d’Osman, rédigés d’après des mémoires particuliers par J. Grasset Saint-Sauveur</ti>
<det>
<pl>Paris,</pl>
<pb>Deroy,</pb>
<y>1796,</y>
<f>in-8</f>
</det>
<bib>JP 14 germ. IV; Mag. enc. I 1705 v 143; MF 29.ii.96 Dufrenoy Gay Monglond</bib>
<ex>Nous ne savons pas quel rapport cet ouvrage peut avoir avec les Mémoires du comte de Bonneval, 1737 (v. 55.R5) et les Anecdotes vénitiennes et turques ou nouveaux mémoires du comte de Bonneval, 1740. V. à propos de ces deux romans et du personnage de Bonneval, J. Sgard, ’Aventure et politique: le mythe de Bonneval’, ds Roman et lumières au XVIIIe siècle, Paris, Editions sociales, 1970.</ex>
</entry>
</document>

<document>
<entry>
<id>96.31</id>
<au>
<a>GRASSET-SAINT-SAUVELIR, Jacques</a>
</au>
<ti>Aventures de dom Carlos et Séraphine, traduit de l’espagnol. Warc-Julio et Zelmire, histoire véritable traduit de l’anglais, par J. Grasset-St. Sauveur</ti>
<det>
<pl>Paris,</pl>
<pb>Deroy,</pb>
<y>1796, Ve année républicaine,</y>
<f>in-18,</f>
<p>156p.</p>
</det>
<bib>Oront JP 13 frim. V Gay Monglond Q Streeter</bib>
<ex>Les bibliographies que nous citons ne donnent que le deuxième de ces titres. Selon Streeter, il s’agit d’une traduction supposée.</ex>
<res>
<r_st>Pp. 21-116, Aventures de don Carlos: 3e personne; Espagne: Don Carlos, Serep, Alvarès; péripéties sentimentales. Pp. 117-156, Warc-Julio:</r_st>
<r_p>3e personne;</r_p>
<r_pl>Angleterre;</r_pl>
<r_n>Warc-Julio, lady Zelmire;</r_n>
<r_c>intrigues sentimentales.</r_c>
</res>
<ae>
<ae_ae>Autre édition:</ae_ae>
<ae_se>— Aventures de Dom Carlos et Séraphine, traduit de l’espagnol par M**, Paris, marchands de nouveautés, an VII, in-18, !07p. (Bruxellest, NcDt, B, Gay, Monglond)</ae_se>
</ae>
</entry>
</document>

<document>
<entry>
<id>96.32</id>
<au>
<a>GRASSET-SAINT-SAUVEUR, Jacques</a>
</au>
<ti>Hortense ou la jolie courtisanne, sa vie privée dans Paris, ses aventures tragiques avec le nègre Zéphire dans les déserts de l’Amérique</ti>
<det>
<pl>Paris,</pl>
<pb>Tiger,</pb>
<f>2 part, in-24,</f>
<p>108. 106p.</p>
</det>
<bib>BMt (BN) Gay Monglond Q</bib>
<res>
<r_p>Ire personne;</r_p>
<r_pl>Paris, province, Pays-Bas, Amériques;</r_pl>
<r_n>le comte de Grandchamp, Henriette de .... Hortense, le chevalier Dalmassy, le jeune Charmelieu, La Bouglay;</r_n>
<r_c>aventures galantes et romanesques.</r_c>
</res>
<ae>
<ae_ae>Autres éditions:</ae_ae>
<ae_se>- Paris, 1796, 3t. in-12 (Gay) — Paris, Pigoreau, 2t. in-18 (JT 1 brum. VII)</ae_se>
</ae>
</entry>
</document>

<document>
<entry>
<id>96.33</id>
<au>
<a>HAUDRY, mademoiselle</a>
</au>
<ti>Tout s’arrange à la fin ou histoire de M. Melfort, écrite dans le courant de</ti>
<det>
<pl>1790 Pithiviers,</pl>
<pb>Cocatrix l’aîné,</pb>
<y>l’an IV,</y>
<f>3 part, in-12,</f>
<p>180, 173, 163p.</p>
</det>
<bib>BNt JP 29 therm. IV Monglond</bib>
<ex>JP donne l’adresse: Paris, Desenne. Traduction supposée, selon Streeter.</ex>
<res>
<r_p>Lettres;</r_p>
<r_pl>Angleterre, France;</r_pl>
<r_n>miss Amélie Melfort, miss Laure Melville, Henri Melfort, William Campbell, Charlotte Benson;</r_n>
<r_c>voyages, aventures, intrigue sentimentale;</r_c>
<r_s>sensibilité, mélancolie.</r_s>
</res>
<ae>
<ae_ae>Autre édition:</ae_ae>
<ae_se>Henri Melfort, histoire anglaise, écrite dans le courant de 1790, mis au jour par l’auteur d’Emma ou l’enfant du malheur, du Fils naturel, Pithiviers, Cocatrix l’ainé &amp; Paris, Le Marchand, ! an IX ?/, 3t. (JT 15 brum. IX, Streeter)</ae_se>
</ae>
</entry>
</document>

<document>
<entry>
<id>96.34</id>
<au>
<a>JACOBI, Friedrich Heinrich</a>
<trd>trad. par Martin-Marie-t</trd>
</au>
<ae>
<ae_se>Charles de Boudens, vicomte de VANDERBOURG Woldemar, par F.H. Jacobi, traduit de l’allemand par Ch. Vanderbourg Paris, H.J. Jansen et Comp? , l’an quatrième de la République, 2t. in-12, 357, 341 + 2p. d’errata, dont la seconde porte:</ae_se>
</ae>
<bib>240 Oront JP 13 therm. IV O</bib>
<tr>Trad. de Woldemar, 1779.</tr>
<res>
<r_p>3 e personne;</r_p>
<r_pl>Europe, Angleterre;</r_pl>
<r_n>Dorembourg, Eberhard Homich, Caroline, Henriette, Louise, Biderthal;</r_n>
<r_c>intrigues sentimentales, peinture des mœurs;</r_c>
<r_s>sensibilité.</r_s>
<r_st>Pp. 303-341. épisode d’Agis et Cléomene.</r_st>
</res>
</entry>
</document>

<document>
<entry>
<id>96.35</id>
<au>
<a>JAUFFRET, Louis-François mn</a>
</au>
<ti>Les charmes de l’enfance et les plaisirs de l’amour maternel, par L.F. Jauffret, cinquième édition</ti>
<det>
<pl>Paris,</pl>
<pb>de l’imprimerie de Didot jeune,</pb>
<y>1796,</y>
<f>2t.</f>
<p>irt-l 8, 216, 220p.</p>
</det>
<bib>BM BNt JP 12 brum. V</bib>
<ex>Version augmentée d’un ouvrage paru en 1791. Pour d’autres détails, v. 91. 29.</ex>
<res>
<r_st>I, Trente-huit idylles et quatre fables en prose. II, Vingt contes en prose: 9-16, Les pommes; 17-24, L’agneau et les deux enfans; 24-28, La guirlande de bleuets; 29-41, Les couleurs; 42-48, Le prix du malheur; 49-54, Les deux bouquets; 54-62, Le lys et les roses; 63-69, Laure et Clilie; 70-76, La bague; 77-84, La nuit; 85-90, Les ondées; 91-97, Ithis et Pholoé; 98-100, Le platane; 101-110, Tisis; 111-117, L’amour et sa sœur; 118-125, Benjamin et Azélie; 126-132, Le soir; 133-139, Félix et Milon; 140-147, A la plus jolie; 148-220, La fontaine de l’amitié.</r_st>
</res>
<ae>
<ae_ae>Autres éditions:</ae_ae>
<ae_se>- V. 91. 29.</ae_se>
</ae>
</entry>
</document>

<document>
<entry>
<id>96.36</id>
<au>
<a>JUNG STILL1NG, Johann Heinrich Jung, dit</a>
<trd>trad. par ?</trd>
</au>
<s>t</s>
<ti>Florentin et Rosine ou l’orphelin des Vosges, histoire véritable traduite de l’allemand</ti>
<det>
<pl>Paris,</pl>
<pb>Le Petit, an IV,</pb>
<f>2t. in-18</f>
</det>
<bib>JP 8 vend. IV; MF 20.i.96 Monglond</bib>
<ex>BPLSSt possède un exemplaire de ce titre (in-12, 136, 144p.) dans lequel la moitié inférieure du frontispice a été arrachée et pour lequel, par conséquent, les détails sur l’éditeur et la date manquent. Bien que le catalogue de cette bibliothèque propose l’an Vil, il se peut qu’il s’agisse plutôt de l’édition de l’an IV annoncée dans les périodiques.</ex>
<tr>Trad. de Die Geschichte Florentins von Fahlendorn, 1781-83.</tr>
<res>
<r_p>3e personne;</r_p>
<r_pl>Vosges &lt; village d’Enzenheimj;</r_pl>
<r_n>Florentin, Rosine. Robert Kehl, Marthe Kehl, Lorenz,...;</r_n>
<r_c>vie domestique, aventures, malheurs.</r_c>
</res>
</entry>
</document>

<document>
<entry>
<id>96.37</id>
<au>
<a>JUVÉNAL</a>
<trd>trad. par Auguste CREUZÉ DE LESSER</trd>
</au>
<s>mnt</s>
<ti>Satyres de Juvénal, traduction nouvelle, par Auguste Creuzé</ti>
<det>
<pl>Paris,</pl>
<pb>imprimerie de P. Didot l’ainé, l’an IVe de la République.</pb>
<y>1796,</y>
<f>in-12,</f>
<p>viii + 166p.</p>
</det>
<bib>BNt Q</bib>
<tr>Trad. de D. Junii Juvenalis Satires. Pour d’autres traductions de cet ouvrage, v. 52. R28, 70. 54 et 79. 19.96.38</tr>
</entry>
</document>

<document>
<entry>
<id>96.38</id>
<au>
<a>LOMBARD DE LANGRES, Vincent Lombard, dit</a>
</au>
<ti>Les tombeaux, ouvrage philosophique, parC.-G.</ti>
<det>
<pl>Lombard,</pl>
<pb>de Langres Chaumont, de l’imprimerie de Bouchard</pb>
<pl>&amp; Paris,</pl>
<pb>Gamery,</pb>
<y>1796,</y>
<f>in-16,</f>
<p>195p.</p>
</det>
<bib>BN+ Monglond Q</bib>
<res>
<r_p>Ire personne, avec récits Ire et 3e personne;</r_p>
<r_pl>France:</r_pl>
<r_n>Sosthène, Alcyme, Félino;</r_n>
<r_c>un vieillard raconte une série de petites histoires (dont certaines se situent au moyen âge) pour illustrer les défauts de l’humanité;</r_c>
<r_s>thèmes philosophiques.</r_s>
</res>
</entry>
</document>

<document>
<entry>
<id>96.39</id>
<au>
<a>MALARME, Charlotte de Bournon, comtesse de</a>
</au>
<ti>Les trois sœurs et la folie guérie par l’amour ou les heureux effets de l’amour filial, par Mme Boumon-Malarme</ti>
<det>
<pl>Paris,</pl>
<pb>Laurens jeune,</pb>
<y>1796,4t.</y>
<f>in-18,</f>
<p>213, 192, 159, 152p.</p>
</det>
<bib>Oront JG III 238; JP 21 prair. III Monglond Q</bib>
<ex>Saint-Fargeau Les bibliographes que nous citons donnent la date de 1795.</ex>
<res>
<r_p>Lettres, avec quelques passages de narration à la 3e personne;</r_p>
<r_pl>England (sic), Irlande;</r_pl>
<r_n>miss Fanny Bromley, la right honou-rable lady Creven, William Astem, sir Richard Barry;</r_n>
<r_c>intrigues sentimentales;</r_c>
<r_s>sensibilité.</r_s>
</res>
</entry>
</document>

<document>
<entry>
<id>96.40</id>
<au>
<a>MALLET, Jean-Louis</a>
</au>
<ti>Marcoméris ou le beau troubadour, nouvelle de chevalerie, suivie de contes en vers, par J.L. Mallet</ti>
<det>
<pl>Genève,</pl>
<pb>chez J.J. Paschoud, libraire, de l’imprimerie de Luc Sestié,</pb>
<y>1796,</y>
<f>in-8,</f>
<p>304p.</p>
</det>
<bib>Nantes! Taylort JLL xii 1796; JP 11 niv. V Q</bib>
<ex>donne: Genève &amp; Paris, 1796, in-8.</ex>
<res>
<r_st>Pp. 9-171, Marcoméris; 173-205, Remarques sur Marcoméris; 209-301, contes (en vers); 302-304, table.</r_st>
<r_p>3e personne (entremêlé de vers);</r_p>
<r_pl>Gaule;</r_pl>
<r_n>le roi Marcomar, son fils Marcoméris, la princesse Astérie;</r_n>
<r_c>Marcoméris tombe amoureux d’Astérie en voyant son portrait (amour courtois);</r_c>
<r_s>genre troubadour.</r_s>
</res>
</entry>
</document>

<document>
<entry>
<id>96.41</id>
<au>
<a>MATHEY DE MASSILLIAN, L.-Ch.-C.</a>
</au>
<ti>Histoire de Rose d’Amblainville, ci-devant religieuse à l’ordre de Cîteaux ou les abus du pouvoir maternel</ti>
<det>
<y>1796,</y>
<f>in-8</f>
</det>
<bib>Q</bib>
<res>
<r_p>Ire personne;</r_p>
<r_pl>province;</r_pl>
<r_n>le père Arsène (hermite), Rose, Amédée, Sainte-Sophie. M. de Rubèmont;</r_n>
<r_c>amours contrariées, intrigues au couvent;</r_c>
<r_s>réflexions morales.</r_s>
</res>
<ae>
<ae_ae>Autre édition:</ae_ae>
<ae_se>— Les amours de Rose d’Amblainville ci-devant religieuse de l’ordre de Cîteaux ou l’heureuse captivité, nouvelle édition corrigée, Paris, Laurens jeune, 1797, in-18, vi + 137p. (DLCt)</ae_se>
</ae>
</entry>
</document>

<document>
<entry>
<id>96.42</id>
<au>
<a>MÉNARD, madame</a>
</au>
<ti>Les malheurs de la jalousie ou lettres de Murville et d’Eléonore Melcour, par Mme Ménard</ti>
<det>
<pl>Paris,</pl>
<pb>Lepetit,</pb>
<y>1796,4t.</y>
<f>in-18,</f>
<p>12+ 13-167, 152, 139, 144p.</p>
</det>
<bib>Oront JG I 144; JP 17.iv, 20.vii.97; JT 16.xii.97 Gay</bib>
<ex>Monglond donne la date de 1797.</ex>
<res>
<r_p>Lettres;</r_p>
<r_pl>France;</r_pl>
<r_n>Murville. Dorval, D’OIban;</r_n>
<r_c>amours, jalousie, malheurs;</r_c>
<r_s>ton sensible.</r_s>
</res>
<ae>
<ae_ae>Autres éditions:</ae_ae>
<ae_se>Paris, Lepetit, 1798, 4t. in-18 (Gay, Pigoreau, Q) - Paris, Lepetit, 1799, 4t. in-18 (MF 5 fruct. VII, Gay, Monglond, Pigorcau)</ae_se>
</ae>
</entry>
</document>

<document>
<entry>
<id>96.43</id>
<au>
<a>MÉNARD, madame</a>
</au>
<ti>Les veillées d’une femme sensible, par M^me Ménard</ti>
<det>
<pl>Paris,</pl>
<pb>Lepetit,</pb>
<y>1796,</y>
<f>2t. in-18,</f>
<p>16+ 17-158, 160p.</p>
</det>
<bib>Oront JG I 144;JP 17.iv.97; JT 16.xii.97 Q</bib>
<ex>L’auteur se serait inspiré de deux ouvrages connus qu’elle aurait réécrits â sa manière.</ex>
<res>
<r_st>Discussions, discours, vers, avec deux contes moraux: I, 29-83, Amélie ou l’amitié rivale de l’amour, conte moral; H, 5-62, L’amour vainqueur de l’étourderie.</r_st>
</res>
</entry>
</document>

<document>
<entry>
<id>96.44</id>
<au>
<a>MÉRARD DE SAINT-JUST, Anne-Jeanne-Félicité d’Ormoy, madame</a>
</au>
<ti>Démence de madame de Panor en son nom Rozadelle Saint-Ophèle, suivi d’un conte de fées, d’un fragment d’Antiquès, d’une anecdote villageoise et de quelques couplets, par l’auteur de VHistoire de la baronne d’Alvigny ou la joueuse</ti>
<det>
<pl>Paris,</pl>
<pb>rue Helvétius, N°</pb>
<y>605,</y>
<f>in-18,</f>
<p>250p.</p>
</det>
<bib>BNt Gay Monglond Q</bib>
<ex>Cf. deux autres titres du même auteur: Mon journal d’un an ou mémoires de mademoiselle de Rozadelle-Saint-Ophelle (88. 93) et Le château noir ou les souffrances de la jeune Ophelle (99.121). Le conte de Rosine et Colette avait déjà été publié dans Mon journal d’un an.</ex>
<res>
<r_st>Pp. 13-60, Démence d’amour de madame de Panor en son nom Rozadelle Saint-Ophèle; 61-111, Histoire de Girouette premier, dit le dupe, souverain d’un grand royaume dans la lune; 113-142, L’empire de Vénus rétabli par l’espérance, fragment d’Antiquès; 143-246, Rosine et Colette ou il n’est de bonheur que dans l’égalité des conditions, conte pastoral plus vrai que beaucoup d’histoires.</r_st>
</res>
</entry>
</document>

<document>
<entry>
<id>96.45</id>
<au>
<a>MERCIER DE COMPIÈGNE, Claude-François-Xavier n</a>
</au>
<ti>Les soirées de l’automne et les épanchements de l’amitié, par C.F.X. Mercier, seconde édition</ti>
<det>
<pl>Paris,</pl>
<pb>chez l’auteur,</pb>
<y>1796,</y>
<f>3t. in-18</f>
</det>
<bib>DLCt JP 22 germ. IV Gay</bib>
<res>
<r_st>C’est une réédition de 92.31, mais le t. III paraît être nouveau: III, 30-39, Le nouveau Jason ou Corasmin et Delphine, anecdote turque; 49-55, Le bon parti, anecdote picarde; 144-149, Nénie amoureuse.</r_st>
</res>
</entry>
</document>

<document>
<entry>
<id>96.46</id>
<au>
<a>MOLINE, Pierre-Louis</a>
</au>
<ti>Les catastrophes amoureuses ou le retour à la vertu, histoire vraisemblable par J.C.M.P.</ti>
<det>
<pl>Paris,</pl>
<pb>Ponthieu,</pb>
<y>an 5 (1796),</y>
<f>in-18,</f>
<p>196p.</p>
</det>
<bib>BMt JP 17 niv. V B Gay Monglond Q</bib>
<ex>L’attribution de cet ouvrage à l’abbé Jean-Charles-Martin Pichenot - acceptée par la plupart des bibliographes - est suggérée par les initiales données dans le titre; mais cette attribution nous semble peu probable vu la nature édifiante des autres titres de cet auteur. En fait, la première partie du roman reproduit Dinville ou les catastrophes amoureuses, 1770, de Pierre-Louis Moline (v. 70.66); les deuxième et troisième parties donnent une suite des aventures de Dinville, et pourraient bien être du même auteur.</ex>
<res>
<r_p>3e personne, avec un large emploi des dialogues et quelques lettres;</r_p>
<r_pl>Paris;</r_pl>
<r_n>Dinville, le marquis d’Artimon, Saint-Louis, Emilie;</r_n>
<r_c>intrigue sentimentale (le héros, attiré par d’autres femmes, oublie sa bien-aimée, mais, ruiné, il revient à la vertu et l’épouse).</r_c>
</res>
</entry>
</document>

<document>
<entry>
<id>96.47</id>
<au>
<a>MOORE, Dr John</a>
<trd>trad. par André-Samuel-Michel t CANTWELL</trd>
</au>
<ti>Zelucco ou le vice trouve en lui-même son châtiment, traduit de l’anglais du docteur Moore par M. Cantwcle, orné de figures</ti>
<det>
<pl>Paris,</pl>
<pb>Lepetit,</pb>
<y>1796,</y>
<f>4t. in-18,</f>
<p>174, 175, 173, 174p.</p>
</det>
<bib>BMt JP 17.iv.97; JT 16.xii.97 Monglond O Rochedieu Saint-Fargeau Streeter</bib>
<ex>Streeter donne: 4t. in-12 ou in-18.</ex>
<tr>Trad. de Zeluco, 1786.</tr>
<res>
<r_p>3e personne;</r_p>
<r_pl>Sicile, Naples. Espagne, Cuba,...;</r_pl>
<r_n>Zelucco, Rosalie, don Lopès,...;</r_n>
<r_c>voyages, aventures, malheurs d’un jeune homme dont l’éducation a été négligée;</r_c>
<r_s>intentions moralisatrices.</r_s>
</res>
</entry>
</document>

<document>
<entry>
<id>96.48</id>
<au>
<a>MUSÉE le Grammairien</a>
<trd>trad. par Jean-Baptiste GAI L</trd>
</au>
<s>mnt</s>
<ti>Les amours de Léandre et de Héro, poème de Musée le gram mairien, traduit en français avec le texte grec, la version latine, des notes critiques &amp; un index, par J.-B. Gail, professeur de littérature grecque au Collège de France</ti>
<det>
<pl>Paris,</pl>
<pb>Gail,</pb>
<y>an quatrième,</y>
<f>in-4,</f>
<p>viii + 68p.</p>
</det>
<bib>BNt Q</bib>
<ex>Texte trilingue. D’autres versions ont été publiées par Moutonnet de Clairfons (74.23) et La Porte du Tlieil (84.49).</ex>
</entry>
</document>

<document>
<entry>
<id>96.49</id>
<au>
<a>PEIGNOT, Étienne-Gabriel</a>
</au>
<ae>
<ae_se>Opuscules philosophiques et poétiques du frère Jérôme, mises (sic) au jour par son cousin Gabriel P. Paris, de l’imprimerie de Mercier, an 4e de la République française, 1796, in-18, vi + vi + 7-143p</ae_se>
</ae>
<bib>BN! Q</bib>
<ex>Une approbation facétieuse porte la date du 22 novembre 1790. Après les vi pages liminaires on trouve une deuxième page de titre: Songe systéma-physi-comico-moral de M. Jérôme, mis au jour par sa tante Barbe-Catherine Amidon, des confrairies du Sacré cœur de Jésus et du Saint-Rosaire, A l’hôtel de la Tolérance et de la Liberté, 30 novembre 1790 et amplifié le 25 mai 1792.</ex>
<res>
<r_c>Pp. 7-53. Songe systéma-physi-comico-moral; 54-81, Histoire de l’âme d’/vriel (dialogues fantaisistes, avec éléments romanesques); avec des morceaux en vers et une pièce de théâtre.</r_c>
</res>
</entry>
</document>

<document>
<entry>
<id>96.50</id>
<au>
<a>PIGAULT-LEBRUN, Charles-Antoine-Guillaume.</a>
</au>
<ti>Pigault de l’Epinay, dit L’enfant du carnaval, histoire remarquable et sur-tout véritable, pour servir de supplément aux rapsodies du jour</ti>
<det>
<pl>Rome,</pl>
<pb>de l’imprimerie du Saint-Père, an V-1796,</pb>
<f>2 part. in-8,</f>
<p>223, 240p.</p>
</det>
<bib>BN! JP 13 frim. V; Mag. enc. 1796 iv 566 B Monglond</bib>
<ex>Monglond et Q donnent aussi une édition de 1792, mais il y a dans le texte des références à la chute de Robespierre (1794).</ex>
<res>
<r_p>Ire personne;</r_p>
<r_pl>Calais, Paris;</r_pl>
<r_n>M. Bridauit, Mlle Suson, le père Jean-François, M. Dessein, Mylord;</r_n>
<r_c>aventures comiques et galantes;</r_c>
<r_s>ton facétieux.</r_s>
</res>
<ae>
<ae_ae>Autres éditions:</ae_ae>
<ae_se>- ... nouvelle édition revue et corrigée, Paris, Barba, 1798, 6t. in—18 (Bruxelles, JP 20.viii.97, 24.i.98) - ... nouvelle édition, corrigée et ornée de quatre gravures, Paris, Barba, 8, 2t. in-12, 330, 359p. (Stockholm! ) - ... 5e édition, Paris, Barba, 1802, 2t. in-16, 220, 287p. (Bruxelles) - ds Œuvres de Pigault-Lebrun, Paris, Barba, 1806, in-12 (BN indique cette édition mais n’a que les t. XXXI-XXXVI, c’est-à-dire: Théâtre, I-Vl) L.’enfant ....Paris, 1815, in-16 (MWA, PPM) Paris, Ferra aîné, 1819, 2t. in-12 (Bruxelles, La Haye, Univ. Amsterdam) ds Œuvres complètes, Paris, 1822-24, 20t. in-8 (BM, BN, Q)</ae_se>
</ae>
</entry>
</document>

<document>
<entry>
<id>96.51</id>
<au>
<a>PONT-WULLYAMOZ, Marie-Louise-Françoise de</a>
</au>
<ti>Anecdotes tirées de l’histoire et des chroniques suisses</ti>
<det>
<pl>Lausanne,</pl>
<pb>Henri Vincent,</pb>
<y>1796,</y>
<f>2t. in-12,</f>
<p>377, 283p. Lausanne!</p>
</det>
<bib>JLL 1 1796 B Q</bib>
<ae>
<ae_se>/. Vie mémorable et mort funeste de messire Othon de Grandson. //, Les chroniques de la tour de Trêmes: 7-74, Oswaid et Rodolphe ou les deux amis; 75-134, Isaiine de Palésieux ou l’orpheline de Gruyère; 135-283, Louise de Richt ou l’héritière fribourgeoise.</ae_se>
</ae>
</entry>
</document>

<document>
<entry>
<id>96.52</id>
<au>
<a>QUATREMÈRE-D1SJONVAL, madame S.-N.</a>
</au>
<ti>Miss Belhowe et le lord Clarendon ou les épreuves de l’amour et de la vertu, par la citoyenne •**</ti>
<det>
<pl>Paris,</pl>
<pb>J .M. Leguay,</pb>
<y>an 4,</y>
<f>in-18</f>
</det>
<bib>JG 1 143 Streeter</bib>
<ex>NBR Ire année III (1798), pp. 33-65, offre un abrégé. Selon NBR, malgré l’ambiance et les personnages anglais du roman, il s’agit d’un ouvrage ‘fait en France par une Française.’</ex>
<res>
<r_p>3e personne avec des lettres et un récit Ire personne;</r_p>
<r_pl>Angleterre, France;</r_pl>
<r_n>miss Belhowe. milord Clarendon, mistriss Durner, Silvia d’Albini;</r_n>
<r_c>intrigues sentimentales;</r_c>
<r_s>sensibilité, ton moralisateur.</r_s>
</res>
<ae>
<ae_ae>Autre édition:</ae_ae>
<ae_se>Les épreuves de l’amour et de ta vertu ou lord Clarendon et miss Belhowe, histoire anglaise, Paris. Ponthieu, an V, 2t. in-18 (B, Gay, Monglond, Q, Sair.t-Fargeau, Streeter)</ae_se>
</ae>
</entry>
</document>

<document>
<entry>
<id>96.53</id>
<au>
<a>ROSNY, Antoine-Joseph-Nicolas de</a>
</au>
<ti>Mes vingt-cinq ans ou mémoires d’un jeune homme, fidèlement rédigés ou recueillis par lui-même</ti>
<det>
<pl>Paris,</pl>
<pb>an IV,</pb>
<y>1796,</y>
<f>in-12,</f>
<p>189p.</p>
</det>
<bib>JP 25 germ. IV B Monglond</bib>
</entry>
</document>

<document>
<entry>
<id>96.54</id>
<au>
<a>ROUGET DE LISLE, Claude-Joseph</a>
</au>
<ti>Essais en vers et en prose, par Joseph Rouget de Lisle</ti>
<det>
<pl>Paris,</pl>
<pb>Didot l’aîné, an Ve de la République,</pb>
<y>1796,</y>
<f>in-8,</f>
<p>157p.</p>
</det>
<bib>BM BNt JP 21 vent. V Monglond Q</bib>
<res>
<r_st>Pp. 63-98, Adélaïde et Monville, anecdote (nouvelle sensible).</r_st>
</res>
<ae>
<ae_ae>Autre édition:</ae_ae>
<ae_se>- Adélaïde et Monville, 1797, in-8 (Q)</ae_se>
</ae>
</entry>
</document>

<document>
<entry>
<id>96.55</id>
<au>
<a>SCHULZ, Joachim Christoph Friedrich</a>
<trd>trad. par Antoine- t Gilbert GRIFFET DE LA BAUME</trd>
</au>
<ti>Leopoldine ou les enfans perdus et retrouvés, traduit de l’allemand de F. Schulz</ti>
<det>
<pl>Paris,</pl>
<pb>Lepetit, an IV,</pb>
<f>4t. in-18,</f>
<p>148, 132, 140, 136p.</p>
</det>
<bib>Oront JP 4 vent., 28 therm. IV B Monglond Q</bib>
<ex>Les bibliographes que nous citons donnent la date de 1795 et ‘le citoyen Breton jeune’ comme éditeur.</ex>
<tr>Trad. de Leopoldine, ein Seitenstück zum Moritz, 1790.</tr>
<res>
<r_p>Ire personne;</r_p>
<r_pl>Allemagne;</r_pl>
<r_n>Fritz, Leopoldine, la mère Christel;</r_n>
<r_c>aventures de deux enfants, enlevés par des brigands, adoptés par un bienfaiteur, retrouvant leurs vrais parents.</r_c>
</res>
</entry>
</document>

<document>
<entry>
<id>96.56</id>
<au>
<a>SMOLLETT, Tobias</a>
<trd>trad par Jean-Joseph-Alexis DAVID t DE SAINT-GEORGES Fathom et</trd>
</au>
<ti>Melvile, roman traduit de Smollett par David de Saint-Georges</ti>
<det>
<pl>Paris,</pl>
<y>1796,</y>
<f>4t. in-12</f>
</det>
<bib>Rochedieu</bib>
<tr>Trad. de The Adventures of Ferdinand, Count Fathom, 1753.</tr>
<ex>Une autre version de cet ouvrage a été publiée en 1798 par Bertin (v. 98.93).</ex>
</entry>
</document>

<document>
<entry>
<id>96.57</id>
<au>
<a>SPIESS, Christian Heinrich</a>
<trd>trad. par ?</trd>
</au>
<s>t</s>
<ti>Les gnomes ou les esprits des montagnes, histoire véri table par Monsieur Spiess</ti>
<det>
<pl>Vienne,</pl>
<pb>aux dépens du traducteur,</pb>
<y>1796,</y>
<f>in-8,</f>
<p>102p.</p>
</det>
<bib>Oront</bib>
<ex>L’ouvrage est relié avec Le marchand de souricières du même auteur (v. 96. 58). Trad. de Die Berggeister, 179?. Goedeke donne la date de 1797 pour la première édition allemande de ce récit, mais la date de cette traduction française donne à penser que l’ouvrage a paru avant. Les esprits de la montagne, 1799, serait une nouvelle traduction de ce même titre (v. 99.169).</ex>
<res>
<r_p>3e personne, avec des dialogues;</r_p>
<r_pl>Hesse;</r_pl>
<r_n>Frédéric, Jean-Georges, Jeannette, le Vieillard;</r_n>
<r_c>intrigues sentimentales, aventures;</r_c>
<r_s>éléments mystérieux (gnomes et esprits), étude des mœurs.</r_s>
</res>
</entry>
</document>

<document>
<entry>
<id>96.58</id>
<au>
<a>SPIESS, Christian Heinrich</a>
<trd>trad par ?</trd>
</au>
<s>t</s>
<ti>Le marchand de souricières et d’affinoirs, histoire très- extraordinaire et cependant très-naturelle, traduit de l’allemand de Mr. Spiess</ti>
<det>
<pl>Vienne,</pl>
<pb>aux dépens du traducteur,</pb>
<y>1796,</y>
<f>in-8,</f>
<p>262p.</p>
</det>
<bib>Oront</bib>
<ex>L’ouvrage est relié avec Les gnomes du même auteur (v. 96.57).</ex>
<tr>Trad. de DerMàusefatlen- und Hechelkràmer. eine Geschichte sehr wunderbar doch ganz natürlich. 1792.</tr>
<ex>Une nouvelle version de cet ouvrage a été publiée par Bildcrbcck en 1797 (v. 97. 75).</ex>
<res>
<r_p>3e personne, avec dialogues;</r_p>
<r_pl>Savoie, Allemagne;</r_pl>
<r_n>Wolfgang, Jacques, Louise, baron de Tiefenthal. Emilie, Claire, la comtesse de M***;</r_n>
<r_c>voyages et aventures d’un jeune paysan vagabond;</r_c>
<r_s>étude des mœurs.96.59</r_s>
</res>
</entry>
</document>

<document>
<entry>
<id>96.59</id>
<au>
<a>SPIESS, Christian Heinrich</a>
<trd>trad. par ?</trd>
</au>
<s>nt</s>
<ti>Pètriilon ou le petit bonhomme Pierre, histoire de revenans puisée dans les annales du XIIIme siècle, traduit de l’allemand de Mr. Spiess par le traducteur du Marchand de souricières et des Gnomes</ti>
<det>
<pl>Vienne,</pl>
<pb>aux dépens du traducteur,</pb>
<y>1796,</y>
<f>2 part, in-8,</f>
<p>10 + 11-236, 227p.</p>
</det>
<bib>Oront Q Saint-Fargeau</bib>
<tr>Trad. de Dos Petermânnchen, Geistergeschichte ausdem 13. Jahrhundert, 1791-92.</tr>
<ex>Paraît être une version differente de celle qui a été publiée en 1795 (v. 95.41).</ex>
<res>
<r_p>3e personne;</r_p>
<r_pl>Allemagne;</r_pl>
<r_n>Mathilde, Rudolphe de Wester- bourg, Euphrosine, Pètriilon (esprit);</r_n>
<r_c>intrigues d’amour, esprits, revenants, magie;</r_c>
<r_s>conte fantastique.</r_s>
</res>
</entry>
</document>

<document>
<entry>
<id>96.60</id>
<au>
<a>USSIÈRES, H.</a>
</au>
<ae>
<ae_se>Cyrus et Milto ou la République, par H. d’Ussières Genève, J.J. Paschoud, imprimerie de Luc Sestié, 1796, in-8, 317p. BNt (exemplaire incomplet) Lausanne! DeGet Mag. enc.</ae_se>
</ae>
<bib>III 1797 i 143 Q</bib>
<res>
<r_p>3e personne;</r_p>
<r_pl>Perse antique;</r_pl>
<r_n>Cyrus, Milto, Lysandre, Critias, Platon;</r_n>
<r_c>roman politique, avec beaucoup de discussions sur les principes du gouvernement.</r_c>
</res>
</entry>
</document>

<document>
<entry>
<id>96.61</id>
<au>
<a>VERNES fils, F. Adélaide de</a>
</au>
<ti>Clarencé ou les malheurs et les délices du sentiment, lettres écrites des rives lémantines, recueillies et publiées par F. Vemes de Genève, auteur de la Franciade, du Voyage sentimental, etc.</ti>
<det>
<pl>Paris,</pl>
<pb>chez l’auteur, au bureau de la Décade philosophique et chez les principaux libraires,</pb>
<y>1796, an 4e. de</y>
<pb>la République française,</pb>
<f>2t. in-8,</f>
<p>vii + 342, 340p.</p>
</det>
<bib>Genève Oront JG I 24; JP 16 mess., 24 therm. IV Gay Monglond Q</bib>
<res>
<r_pl>Saint-Fargeau Lettres: Suisse;</r_pl>
<r_n>Adélaide de Clarencé, Versan, Laturière, Clémentine;</r_n>
<r_c>amours malheureuses;</r_c>
<r_s>vertu.</r_s>
</res>
</entry>
</document>

<document>
<entry>
<id>96.62</id>
<au>
<a>WIELAND, Christoph Martin</a>
<trd>trad. par L. -C. DU VAU</trd>
</au>
<s>mt</s>
<ti>Œuvres choisies de Mr.Wieland, traduit (sic) de l’allemand par L.C.D.V., vol. I</ti>
<det>
<pl>Zuric,</pl>
<pb>chez H. Gessner,</pb>
<y>1796,</y>
<f>in-8,</f>
<p>314p.</p>
</det>
<bib>BM BNt 0 Steinberger</bib>
<ex>Ce volume, le seul paru, ne comprend que les Dialogues des dieux.</ex>
<tr>Trad. de Neue Gôttergesprâche, 1791.</tr>
<res>
<r_c>En marge: treize dialogues.</r_c>
</res>
</entry>
</document>

</root>