<root>

<document>
<entry>
<id>52.1</id>
<au>
<a>?</a>
<trd>trad. par CALLOU</trd>
</au>
<s>t</s>
<det>
<pl>Angelina,</pl>
<pb>traduit de l’italien Milan, Reycands et Colomb,</pb>
<y>1752,2</y>
<f>part, in - 8.</f>
<p>328, 231 p.</p>
</det>
<bib>At LV B Gay</bib>
<ex>B donne le titre: Angelina ou histoire de D. Mathéo. Cette dernière histoire est en fait un des récits intercalés.</ex>
<res>
<r_p>3e personne avec récits intercalés Ire personne;</r_p>
<r_pl>Milan:</r_pl>
<r_n>le chevalier d’Arcy, le comte Braviny, Angélina, dom Mathéo;</r_n>
<r_c>histoires d’amour, aventures militaires, avec épisodes orientaux;</r_c>
<r_s>sensibilité.</r_s>
</res>
</entry>
</document>

<document>
<entry>
<id>52.2</id>
<ti>Les dégoûts du plaisir frivolité</ti>
<det>
<pl>Lampsaque,</pl>
<y>1752,</y>
<f>in-8,</f>
<p>75p.</p>
</det>
<bib>BMt Gay</bib>
<ex>Gay cite une édition de 1751, mais la dédicace de l’exemplaire du BM est datée ‘ce 12 juillet 1752’. Un autre exemplaire du BM, probablement une réimpression du 19e siècle, porte également 1752 à la page de titre. La dédicace, ‘A mademoiselle Auguste, danseuse de l’Opéra’, est signée: M. de la B***.</ex>
<res>
<r_p>Ire personne:</r_p>
<r_pl>Berlin;</r_pl>
<r_n>Mme D**, le duc de L***. D’Alichan (Médecin), mademoiselle Auguste;</r_n>
<r_c>aventures galantes avec épisodes scabreux.</r_c>
</res>
</entry>
</document>

<document>
<entry>
<id>52.3</id>
<ti>La double marotte ou l’antipathie couronnée par l’hymen, nouvelle des plus nouvelles</ti>
<det>
<pl>La Haye,</pl>
<pb>Pierre Van Cleef,</pb>
<y>1752,</y>
<f>in -12,</f>
<p>iv + 215p.</p>
</det>
<bib>At LV Gay Momet</bib>
<res>
<r_p>Ire personne (mémoires);</r_p>
<r_pl>Brabant;</r_pl>
<r_n>le baron de Broc, Alde-gonde;</r_n>
<r_c>aventures, voyages; le héros a pour les femmes une très forte antipathie que son père lui a inculquée.</r_c>
</res>
</entry>
</document>

<document>
<entry>
<id>52.4</id>
<ti>Gui Gui ou le saucisson, histoire japonaise</ti>
<det>
<pl>Kanton,</pl>
<y>1000</y>
<f>700 50 2, in - 8,</f>
<p>294p.</p>
</det>
<bib>BMt LV Dufrenoy Gay</bib>
<res>
<r_p>3e personne;</r_p>
<r_pl>cadre fantaisiste oriental avec quelques anagrammes: Perileterlasa - la Salpétrière;</r_pl>
<r_n>Dervogmob, la princesse Titnecop, la fée Tocliris;</r_n>
<r_c>aventures galantes et scabreuses;</r_c>
<r_s>conte de fée avec des traits satiriques.</r_s>
</res>
<ae>
<ae_ae>Autre édition :</ae_ae>
<ae_se>
<ae_sep>-</ae_sep>
<ae_y>1756,</ae_y>
<ae_f>in - 12</ae_f>
<ae_bib>(Gay)</ae_bib>
</ae_se>
</ae>
</entry>
</document>

<document>
<entry>
<id>52.5</id>
<ti>Histoire et amours de la baronne Gogo</ti>
<s>*</s>
<det>
<pl>Tunis,</pl>
<y>1752,</y>
<f>in-8</f>
</det>
<bib>Gay</bib>
<ex>Il s’agit peut-être d’une ré-édition de (’Histoire de Gogo, 1739 (V. Jones).</ex>
</entry>
</document>

<document>
<entry>
<id>52.6</id>
<au>
<a>?</a>
<ed>adapt. par Jean-Baptiste de LA CURNE DE SAINTE- n PALAYE</ed>
</au>
<ti>Histoire ou romance d’Aucassin et de Nicolette, tirée d’un ancien manuscrit</ti>
<det>
<y>1752,</y>
<f>in-12,</f>
<p>60p.</p>
</det>
<bib>BNt B Gay (s.d.) Gay</bib>
<ex>cite des éditions de 1746 et 1750, mais cette version d’Aucassin parut pour la première fois dans leMercure de France, fév. 1752, pp. 10-64. II n’y a pas de frontispice. Nous reproduisons le titre de départ et la date donnée à la dernière page. Dans les éditions de 1756 et 1760 on trouve la traduction (en vers) d’un fabliau, La chastelaine de Saint Gilles. BUR 1784 oct.</ex>
<res>
<r_st>I, pp. 82-132. Version en français moderne, vers et prose, de la chantefable.</r_st>
</res>
<ae>
<ae_ae>Autres éditions:</ae_ae>
<ae_se>
<ae_sep>—</ae_sep>
<ae_ti>Amours du bon vieux temps,</ae_ti>
<ae_pl>Vaucluse &amp; Paris,</ae_pl>
<ae_pb>Duchesne, -</ae_pb>
<ae_y>1756,</ae_y>
<ae_f>in-12</ae_f>
<ae_bib>(A, BMt. BNt, B, Gay, Momet, Q)</ae_bib>
<ae_sep>-</ae_sep>
<ae_y>1760,</ae_y>
<ae_f>in-8</ae_f>
<ae_bib>(BMt, B)</ae_bib>
<ae_sep>—</ae_sep>
<ae_pl>Vaucluse &amp; Paris,</ae_pl>
<ae_pb>Duchesne,</ae_pb>
<ae_y>1761,80p.</ae_y>
<ae_bib>(DLC)</ae_bib>
</ae_se>
</ae>
</entry>
</document>

<document>
<entry>
<id>52.7</id>
<ti>Mémoires de madame de *** Momet La source de cette référence est la</ti>
<ex>BUR, mars 1782, où l’éditeur écrit : ‘L’ouvrage fut composé et imprimé il y a trente ans. La modestie ou quelque autre motif en borna les exemplaires au plus petit nombre.’</ex>
<res>
<r_p>Ire personne;</r_p>
<r_pl>France;</r_pl>
<r_n>noblesse et haute bourgeoisie: le comte de ***, Mme d’Assilli, M. Rouanet, M. de Salines:</r_n>
<r_c>intrigues amoureuses;</r_c>
<r_s>sensibilité.</r_s>
</res>
<ae>
<ae_ae>Autre édition :</ae_ae>
<ae_se>
<ae_sep>-</ae_sep>
<ae_ex>BUR, mars 1782, pp.88 -222</ae_ex>
<ae_bib>(BMt)</ae_bib>
</ae_se>
</ae>
</entry>
</document>

<document>
<entry>
<id>52.8</id>
<ti>Recueil d’histoires intéressantes, amusantes et galantes c</ti>
<det>
<pl>La Haye,</pl>
<pb>Pierre van Cleef,</pb>
<y>1752,</y>
<f>in-12,</f>
<p>422p.</p>
</det>
<bib>(A) BMt LV Gay</bib>
<ex>L’exemplaire de l’Arsenal semble avoir disparu. NBR 3e année XIV, pp. 119-180, offre des extraits de deux de ces contes, L’aveugle clairvoyant et La trahison punie. Tous deux sont attribués au C [itoyen] Desfontaines (Table, p.236). L’Innocence justifiée, par La Motte, a paru sous le titre: Salned et Garaldi dans le Mercure de France, oct. 1751. Ce sont ces mêmes pages du Mercure que l’on trouve collées dans le Recueil des mémoires, dissertations, lettres. t.CCCIX, s.d. (BNt), collection factice d’extraits divers.</ex>
<res>
<r_st>Pp. 1-58, La trahison punie, histoire espagnole; 59-129, Le prince jaloux ; 130-176, La méprise concertée; 177-234, Histoire de mademoiselle ***, racontée par elle-même; 235-300, L’aveugle clairvoiant; 301-346, Les apparances trompeuses, histoire vénitienne; 347-370, Le sommeil indiscret; 371-401, L’innocence justifiée ou histoire de Salned et de Garaldi; 402 422, Les amis rivaux.</r_st>
</res>
<ae>
<ae_ae>Autres éditions de L’innocence justifiée:</ae_ae>
<ae_se>
<ae_sep>-</ae_sep>
<ae_ti>Salned et Garaldi, ds Œuvres de M. de La Motte, t.IX,</ae_ti>
<ae_pl>Paris,</ae_pl>
<ae_y>1754,</ae_y>
<ae_bib>10t.(BMt, BN, Q)</ae_bib>
<ae_sep>-</ae_sep>
<ae_ti>Méhemed Ali, nouvelle turque, ûsAmusemens des dames, t.VIII,</ae_ti>
<ae_y>1763</ae_y>
<ae_bib>(A, Godenne, Jones).</ae_bib>
<ae_ex>V.62.R1.</ae_ex>
<ae_sep>-</ae_sep>
<ae_ti>Salned et Garaldi, ds Boufflers et d’autres, Bibliothèque de société, t.IV,</ae_ti>
<ae_pl>Londres &amp; Paris,</ae_pl>
<ae_pb>Delalain,</ae_pb>
<ae_y>1771,</ae_y>
<ae_f>4t. in-12</ae_f>
<ae_bib>(A, BNt, B, Momet, Q).</ae_bib>
<ae_ex>V.71 .R 15.</ae_ex>
</ae_se>
</ae>
</entry>
</document>

<document>
<entry>
<id>52.9</id>
<ti>Saroutaki et Alibek, histoire traduite du persan</ti>
<det>
<pl>A l’Orient,</pl>
<pb>aux dépens de la Compagnie,</pb>
<y>1752,</y>
<f>2 part, in -12,83,</f>
<p>104p.</p>
</det>
<bib>At LV Dufrenoy Momet</bib>
<res>
<r_p>3e personne;</r_p>
<r_pl>Perse;</r_pl>
<r_n>Saroutaki, Nourmek, Alibek;</r_n>
<r_c>intrigues de cour et de sérail.</r_c>
</res>
</entry>
</document>

<document>
<entry>
<id>52.10</id>
<au>
<a>ARISTÉNÈTE</a>
<trd>trad. par Jacques MOREAU DE LA nt VIGERIE</trd>
</au>
<ti>Lettres galantes d’Aristénète, traduites du grec</ti>
<det>
<pl>Cologne,</pl>
<y>1752,</y>
<f>in-8,</f>
<p>168p.</p>
</det>
<bib>BNt</bib>
<tr>Trad. de Aristenetou epistolai erotikai, ouvrage déjà traduit par Foucault de la Coudrière, 1597, et par A.-R. Lesage, 1695 (V. Williams).</tr>
<res>
<r_p>Lettres;</r_p>
<r_pl>Grèce;</r_pl>
<r_n>Aristénète, Lais, Limona, Hyppias;</r_n>
<r_c>série décousue d’anecdotes galantes.</r_c>
</res>
</entry>
</document>

<document>
<entry>
<id>52.11</id>
<au>
<a>BASTIDE, Jean-François de</a>
</au>
<ti>Le faux oracle et l’Illusion d’un instant, anecdotes.</ti>
<det>
<pl>Amsterdam,</pl>
<y>1752,</y>
<f>2 part, in -12,</f>
<p>104, 52p.</p>
</det>
<bib>A BNt LV B Delcro Momet Q</bib>
<res>
<r_c>Deux contes moraux, le premier avec cadre grec.</r_c>
</res>
</entry>
</document>

<document>
<entry>
<id>52.12</id>
<au>
<a>BASTI_DE, Jean-François de</a>
</au>
<ti>Lettres d’amour du chevalier de ***</ti>
<det>
<pl>Londres,</pl>
<y>1752,</y>
<f>4 part, in -12,viii+</f>
<p>154, 147, 120, 124p.</p>
</det>
<bib>A BMt BN LV Delcro Gay Momet</bib>
<ex>Selon l’éditeur de la BUR (V. ci-dessous, Autres éditions), le recueil qui forme la 4e partie fut publié en 1750 : ‘imprimé par Delaguette et vendu par Leloup.’</ex>
<ti>Lettres (les deux premières parties offrent chacune quatre séries de lettres, tandis que la 3e partie constitue une seule histoire écrite par un homme et la 4e une histoire écrite par une</ti>
<res>
<r_p>femme);</r_p>
<r_pl>France;</r_pl>
<r_n>le chevalier, madame de ***, madame du T***, une Inconnue;</r_n>
<r_c>intrigues sentimentales et galantes (V. aussi 52.13)</r_c>
</res>
<ae>
<ae_ae>Autres éditions:</ae_ae>
<ae_se>
<ae_sep>—</ae_sep>
<ae_pl>La Haye,</ae_pl>
<ae_y>1752,</ae_y>
<ae_f>4 part, in -12</ae_f>
<ae_bib>(B, Gay, Q)</ae_bib>
<ae_sep>—</ae_sep>
<ae_ex>La plupart des lettres de la 4e partie sont reproduites, avec de légers changements, dans la BUR. oct. 1786, pp. 138-189.</ae_ex>
</ae_se>
</ae>
</entry>
</document>

<document>
<entry>
<id>52.13</id>
<au>
<a>BASTIDE, Jean-François de</a>
</au>
<ti>Les ressources de l’amour</ti>
<det>
<pl>Amsterdam,</pl>
<pb>L’Honoré</pb>
<pl>&amp; Châtelain,</pl>
<y>1752,</y>
<f>4 part, in -12,</f>
<p>135, 114, 114, 161p.</p>
</det>
<bib>A BMt BNt LV B Delcro Gay Momet Q</bib>
<ex>Dans la 2e partie on trouve les trois ‘Lettres d’une Inconnue’ , avec leurs réponses, qui constituent la dernière série de lettres de la 2e partie des Lettres d’amour du chevalier de *** (V. ci-dessus, 52.12).</ex>
<res>
<r_p>Ire personne avec quelques lettres et deux récits intercalés;</r_p>
<r_pl>France, Allemagne;</r_pl>
<r_n>la marquise de ***, la comtesse d’Orvencé, le comte de Tervancl;</r_n>
<r_c>aventures romanesques et sentimentales.</r_c>
</res>
</entry>
</document>

<document>
<entry>
<id>52.14</id>
<au>
<a>BISSY, Claude de Thyard, comte de</a>
</au>
<ti>Histoire d’Ema</ti>
<det>
<y>1752,</y>
<f>2 part, in -12,</f>
<p>241, 154p.</p>
</det>
<bib>A BMt BNt NY LV B Drujon Q</bib>
<ex>La seconde partie a un frontispice différent : Considérations philosophiques sur l’histoire d’Ema, 1752, et ne renferme pas de fiction en prose. Elle est attribuée par Q à Julien Busson.</ex>
<res>
<r_p>3e personne;</r_p>
<r_pl>cadre fantaisiste;</r_pl>
<r_st>Emaf =âme), Norasi ( = raison), Aphé, Opsis, Nadir; récit allégorique, philosophique (éducation d’une jeune fille).</r_st>
</res>
</entry>
</document>

<document>
<entry>
<id>52.15</id>
<au>
<a>BOESNIER</a>
</au>
<ti>Le Mexique conquis</ti>
<det>
<pl>Paris,</pl>
<pb>Desaint, Saillant, Durand, Le Prieur, &amp; Rouen, L’Allemant,</pb>
<y>1752,</y>
<f>2 t. in-8,</f>
<p>xvi + 210, 243p.</p>
</det>
<bib>A BMt BNt LQE VI, 73-90, oct. 1752 B Clayton Delcro Dufrenoy Momet Q</bib>
<ex>Dans un Discours, Boesnier explique qu’on devrait traiter ce sujet dans un poème épique, mais ‘malheureusement l’Auteur n’a pas l’art de faire des vers.’ Il espère donc créer le plan d’un bon poème.</ex>
<res>
<r_p>3e personne;</r_p>
<r_c>conquête du Mexique par Cortez. avec éléments romanesques: poème en prose.</r_c>
</res>
</entry>
</document>

<document>
<entry>
<id>52.16</id>
<au>
<a>CAMP AN, Dominique</a>
</au>
<ti>Le mot et la chose</ti>
<det>
<y>1752,</y>
<f>in-12,</f>
<p>224p.</p>
</det>
<bib>A BMt BN Clément, avril 1752 B Delcro Gay Momet Q</bib>
<res>
<r_p>Ire personne;</r_p>
<r_pl>Paris, province;</r_pl>
<r_n>M. Dolmeuil, Mme Glaiseau, Valmigni, Mlle Clerma;</r_n>
<r_c>conte moral: le ’mot’ désigne ‘la bonne compagnie’, que le héros apprend à connaître en fréquentant diverses maisons.</r_c>
</res>
</entry>
</document>

<document>
<entry>
<id>52.17</id>
<au>
<a>CHEVRIER, François-Antoine</a>
</au>
<ti>Cela est singulier, histoire égyptienne traduite par un rabin génois</ti>
<det>
<pl>Babylone,</pl>
<pb>de l’imprimerie royale,</pb>
<y>1752,</y>
<f>in-12,</f>
<p>120p.</p>
</det>
<bib>A BNt LV B Delcro Dufrenoy Gay Gillet Momet Q</bib>
<res>
<r_p>3e personne avec récit intercalé Ire personne;</r_p>
<r_c>la Folie et la Mode tâchent de répandre leurs doctrines en Egypte, mais elles sont contrecarrées par des gens vertueux et raisonnables;</r_c>
<r_s>critique des mœurs; ton satirique.</r_s>
</res>
<ae>
<ae_ae>Autre édition :</ae_ae>
<ae_se>
<ae_sep>-</ae_sep>
<ae_y>1755,</ae_y>
<ae_f>in -12</ae_f>
<ae_bib>(Gay, Gj6./ées t.37, pp.77-8)</ae_bib>
</ae_se>
</ae>
</entry>
</document>

<document>
<entry>
<id>52.18</id>
<ti>CHEVRIER, François-Antoine Ma-gakou, histoire japonaise, traduite par l’auteur D.R.D.S. A Goa, par exprès commandement de l’empereur,</ti>
<det>
<y>1752,</y>
<f>in-12,</f>
<p>160p.</p>
</det>
<bib>At LV B Delcro Dufrenoy Gay Gillet Momet Q</bib>
<ex>‘ Par l’auteur D.R.D.S.’, c.-à-d. des Ridicules du siècle (V. 52.20)</ex>
<res>
<r_p>3e personne;</r_p>
<r_pl>Goa, royaume de la Raison;</r_pl>
<r_n>Ma-gakou, Pegadon, Bazika:</r_n>
<r_c>aventures merveilleuses et féeriques, voyages allégoriques;</r_c>
<r_s>ton satirique.52.19</r_s>
</res>
</entry>
</document>

<document>
<entry>
<id>52.19</id>
<au>
<a>CHEVRIER, François-Antoine</a>
</au>
<ti>Minakalis, fragment d’un conte siamois</ti>
<det>
<pl>Londres,</pl>
<f>in-12,</f>
<p>166p.</p>
</det>
<bib>BNt</bib>
<ex>B Gillet Jones, citant Gay et Q, donne ce titre pour 1732, mais il reproduit également la référence donnée par B : ‘L’auteur a eu en 1752 une permission tacite pour publier ce livre (registre de la police, 41).’</ex>
<res>
<r_p>3e personne, avec commentaire facétieux de Maclés et d’Abouc;</r_p>
<r_pl>cadre fantaisiste oriental;</r_pl>
<r_n>Minakalis, Ozemire, la fée Nibale;</r_n>
<r_c>aventures galantes et merveilleuses, satire des moeurs;</r_c>
<r_s>ton léger.</r_s>
</res>
</entry>
</document>

<document>
<entry>
<id>52.20</id>
<au>
<a>CHEVRIER, François-Antoine</a>
</au>
<s>m</s>
<ti>Les ridicules du siècle</ti>
<det>
<pl>Londres,</pl>
<y>1752,</y>
<f>in - 12,</f>
<p>iv + ii + 152p.</p>
</det>
<bib>A BNt Clément, avril 1752 Delcro Gillet Mornet Q</bib>
<ex>Delcro donne comme titre: Les ridicules du jour.</ex>
<res>
<r_c>En marge: discours satiriques: mais pp.88 - 106, Histoire de Cécile: aventures galantes dune jeune provinciale.</r_c>
</res>
<ae>
<ae_ae>Autres éditions:</ae_ae>
<ae_se>
<ae_sep>-</ae_sep>
<ae_pl>Paris,</ae_pl>
<ae_pb>Prault fils,</ae_pb>
<ae_y>1752,</ae_y>
<ae_p>viii + 95</ae_p>
<ae_bib>(DLC)</ae_bib>
<ae_sep>-</ae_sep>
<ae_ti>ds Œuvres complètes,</ae_ti>
<ae_y>1774,</ae_y>
<ae_f>t. III</ae_f>
<ae_bib>(BMt)</ae_bib>
</ae_se>
</ae>
</entry>
</document>

<document>
<entry>
<id>52.21</id>
<au>
<a>COVENTRY, Francis</a>
<trd>trad. par François-Vincent TOUSSAINT</trd>
</au>
<s>t</s>
<ti>La vie et les avantures du petit Pompée, histoire critique traduite de l’anglois par Mr. Toussaint</ti>
<det>
<pl>Amsterdam,</pl>
<pb>Marc Michel Rey,</pb>
<y>1752,</y>
<f>2 t. in -12,</f>
<p>xii + 186, viii + 219p.</p>
</det>
<bib>BMt Q Rochedieu Streeter</bib>
<tr>Trad. de The History ofPompey the Little, 1751 Une autre traduction, par Brie!, parut en 1784 (V. 84.19).</tr>
<res>
<r_p>3e personne;</r_p>
<r_pl>Bologne, Angleterre;</r_pl>
<r_n>Hilarion, Lady Hermione, Mr Rhymer (poète), Mme Qualmsick;</r_n>
<r_c>vie d’un chien;</r_c>
<r_s>satire des moeurs.</r_s>
</res>
<ae>
<ae_ae>Autre édition :</ae_ae>
<ae_se>
<ae_sep>-</ae_sep>
<ae_pl>Londres,</ae_pl>
<ae_y>1752,</ae_y>
<ae_f>2 t. in -12</ae_f>
<ae_bib>(A, LV)</ae_bib>
</ae_se>
</ae>
</entry>
</document>

<document>
<entry>
<id>52.22</id>
<au>
<a>CROCE, Giulio Cesare</a>
<trd>trad. par ?</trd>
</au>
<s>nt</s>
<ti>Histoire de Bertholde, traduction libre de l’italien de Julio Cesare Croci et des académiciens délia Crusca</ti>
<det>
<pl>La Haye,</pl>
<y>1752,</y>
<f>2 part, in-12,</f>
<p>197, 158p.</p>
</det>
<bib>BNt LV Blanc Mornet</bib>
<ex>Version française des Sottilissime astutie di Bertoldo, 1606, ouvrage écrit en prose par Croce, et ensuite versifié. Une autre version française avait paru en 1750. La BUR sep. 1776, pp. 140 -179, offre une version abrégée de l’histoire, et l’éditeur dit : ‘En 1752 on a imprimé à Paris, sous le titre de La Haye, l’histoire de Bertolde le pcre : c’est une traduction infiniment libre du Roman Italien. Il paroît que ce qui a donné lieu à cette traduction, est un Intermède joué par les Bouffons Italiens sur le Théâtre de l’Opéra.’</ex>
<res>
<r_p>3e personne;</r_p>
<r_pl>Italie;</r_pl>
<r_n>Bertholde,</r_n>
<r_c>paysan difforme mais plein d’esprit, fait son chemin dans le monde;</r_c>
<r_s>réflexions morales.</r_s>
</res>
</entry>
</document>

<document>
<entry>
<id>52.23</id>
<au>
<a>FYOT DE LA MARCHE, Jean-Philippe</a>
</au>
<ti>Mémoires de monsieur de Berval Imprimés à</ti>
<det>
<pl>Amsterdam,</pl>
<y>1752,</y>
<f>in-8,</f>
<p>295p.</p>
</det>
<bib>A BNt OLM VIII, 131, 1752; LV Mornet Q</bib>
<res>
<r_p>Ire personne;</r_p>
<r_pl>Bordeaux;</r_pl>
<r_n>M. de Saint-Aubin, M. Dumont, M. de Rénant, Mlle de Rézières;</r_n>
<r_c>intrigues de famille.</r_c>
</res>
<ae>
<ae_ae>Autre édition :</ae_ae>
<ae_se>
<ae_sep>-</ae_sep>
<ae_pl>Paris,</ae_pl>
<ae_y>1784</ae_y>
<ae_bib>(A, Q)</ae_bib>
</ae_se>
</ae>
</entry>
</document>

<document>
<entry>
<id>52.24</id>
<au>
<a>LA CALPRENÈDE, Gautier de</a>
</au>
<ti>Coste de adapt. par Alexandre-Nicolas de La Rochefoucauld, marquis de n SURGERES Cassandre, roman</ti>
<det>
<pl>Paris,</pl>
<pb>Paulus-Du-Mesnil et veuve Pissot,</pb>
<y>1752,</y>
<f>3 t. in - 12,</f>
<p>522, 504, 486p.</p>
</det>
<bib>A BNt LV B Delcro Drujon Mornet Q</bib>
<ex>Version très abrégée du roman de La Calprenède (3. t. au lieu de 10).</ex>
<res>
<r_p>3e personne avec récits intercalés Ire personne;</r_p>
<r_pl>Babilone;</r_pl>
<r_n>Lisimachus, Oroondate, la princesse Statira, Alexandre;</r_n>
<r_c>aventures amoureuses et guerrières.</r_c>
</res>
</entry>
</document>

<document>
<entry>
<id>52.25</id>
<au>
<a>LACOSTE, Jean-Baptiste</a>
</au>
<s>m</s>
<ti>Pièces fugitives en prose et en vers, par L***</ti>
<det>
<pl>La Haye,</pl>
<pb>de Hondt,</pb>
<y>1752,</y>
<f>in - 12,</f>
<p>156p.</p>
</det>
<bib>At B Gay Q</bib>
<ex>Selon Gay, ce volume contient ‘des Lettres galantes et morales, les Lettres de Julie à Ovide, et les Lettres d’une demoiselle entretenue.’ Seule la première de ces trois séries se trouve effectivement dans les Pièces fugitives.</ex>
<res>
<r_st>Pp.64 - 86, Lettres galantes et morales: 6 lettres d’amour avec leurs réponses.</r_st>
</res>
<ae>
<ae_ae>Autres éditions:</ae_ae>
<ae_se>
<ae_sep>—</ae_sep>
<ae_ti>Lettres galantes et morales,</ae_ti>
<ae_y>1754,</ae_y>
<ae_f>in-8</ae_f>
<ae_bib>(B, Q)</ae_bib>
<ae_sep>-</ae_sep>
<ae_ti>ds Lettres anonymes,</ae_ti>
<ae_y>1754,</ae_y>
<ae_f>in - 12,</ae_f>
<ae_p>226p.</ae_p>
<ae_bib>(A, BNt, B)</ae_bib>
<ae_sep>-</ae_sep>
<ae_ti>ds Œuvres de M. L***, Dijon,</ae_ti>
<ae_pl>Frantin,</ae_pl>
<ae_y>1789,</ae_y>
<ae_f>t. Vil</ae_f>
<ae_bib>(BMt)</ae_bib>
</ae_se>
</ae>
</entry>
</document>

<document>
<entry>
<id>52.26</id>
<au>
<a>LA PLACE, Pierre-Antoine de</a>
</au>
<ti>La laideur aimable et les dangers de la beauté, histoire véritable</ti>
<det>
<pl>Londres &amp; Paris,</pl>
<pb>Rollin,</pb>
<y>1752,</y>
<f>2 part, in - 12,</f>
<p>vi + 198, 194p.</p>
</det>
<bib>A BMt BNt LV B Cobb Delcro Gay Mornet Q</bib>
<res>
<r_p>Ire personne;</r_p>
<r_pl>France;</r_pl>
<r_n>M. de Villiers, le comte de S.-Furcy, le vicomte de Francheville, Mlle de Beaumont;</r_n>
<r_c>intrigues sentimentales (souffrances et triomphe final de l’héroïne qui est laide mais vertueuse);</r_c>
<r_s>sensibilité.</r_s>
</res>
<ae>
<ae_ae>Autres éditions:</ae_ae>
<ae_se>
<ae_sep>-</ae_sep>
<ae_pl>Paris,</ae_pl>
<ae_y>1769,</ae_y>
<ae_f>in - 12</ae_f>
<ae_bib>(B, Gay)</ae_bib>
<ae_sep>-</ae_sep>
<ae_pl>Liège,</ae_pl>
<ae_pb>D. de Boubers,</ae_pb>
<ae_y>1770</ae_y>
<ae_bib>(A)</ae_bib>
</ae_se>
</ae>
</entry>
</document>

<document>
<entry>
<id>52.27</id>
<au>
<a>LA SOLLE, Henri-François de</a>
</au>
<ti>Anecdotes de la cour de Bonhommie, par l’auteur des Mémoires de Versorand</ti>
<det>
<pl>Londres &amp; Paris,</pl>
<pb>Rollin,</pb>
<y>1752,</y>
<f>2 part, in-12,</f>
<p>291, 318p.</p>
</det>
<bib>A BNt Clément, nov. 1752; LV B Delcro Dufrenoy Gay Mornet Q</bib>
<res>
<r_p>Cadre 3e personne avec un long récit Ire personne;</r_p>
<r_pl>pays</r_pl>
<r_n>de Bonhommie, Portugal, royaume de Teurosy; le génie Grand Pouvoir, la fée Velomide, Brillantine, dom Gavai, Bercillo;</r_n>
<r_c>intrigues de cour, aventures romanesques et merveilleuses, critique des institutions.</r_c>
</res>
</entry>
</document>

<document>
<entry>
<id>52.28</id>
<au>
<a>LUBERT, mademoiselle de</a>
</au>
<ti>Cornichon et Toupette, histoire fée</ti>
<det>
<pl>La Haye,</pl>
<pb>Pierre de Hondt,</pb>
<y>1752,</y>
<f>in - 12,</f>
<p>196p.</p>
</det>
<bib>A BNt Dufrenoy Mornet</bib>
<ex>Selon Gay, il y aurait eu une édition de 1732; Jones (p.48) croit que c’est là une erreur, et cite une annonce du Mercure galant, avril 1752. Dans l’Avertissement qui précède l’édition du Cab. fées (V. ci-dessous, Autres éditions), on dit que l’auteur de ce conte est inconnu; cependant Cornichon et Toupette parait dans la liste des ouvrages attribués à mademoiselle de Lubert dans un autre volume du Cab. fées: 1786, t. XXXVIII, p.147.</ex>
<res>
<r_p>3e personne;</r_p>
<r_pl>l’ile de la Fontaine (de la jouvence);</r_pl>
<r_n>la fée Dindonette, Cornichon, le génie Kristopo;</r_n>
<r_c>aventures merveilleuses;</r_c>
<r_s>ton satirique.</r_s>
</res>
<ae>
<ae_ae>Autres éditions :</ae_ae>
<ae_se>
<ae_sep>-</ae_sep>
<ae_ti>ds Bibliothèque des génies et des fées, éd. Laporte. tJI,</ae_ti>
<ae_y>1764</ae_y>
<ae_f>- 5</ae_f>
<ae_bib>(A, BN|, B, Delcro, Dufrenoy, Momet</ae_bib>
<ae_sep>-</ae_sep>
<ae_ti>ds Cabinet des fées, t. XXXIV,</ae_ti>
<ae_y>1785-89</ae_y>
<ae_ex>(V. 85.R4)</ae_ex>
</ae_se>
</ae>
</entry>
</document>

<document>
<entry>
<id>52.29</id>
<au>
<a>LUBERT, mademoiselle de</a>
</au>
<ti>Mourat et Turquia, histoire africaine, par Mlle de L***</ti>
<det>
<pl>Londres,</pl>
<pb>Clément,</pb>
<y>1752,</y>
<f>2 part, in-12,</f>
<p>262p</p>
</det>
<bib>A BMf BN LV B Delcro Dufrenoy Gay Momet Q</bib>
<ex>Le faux-titre porte: Anecdotes africaines (V. ci-dessous, Autres éditions). Selon le catalogue imprimé de la BN, cet ouvrage est attribué aussi à mademoiselle de Lussan. Q cite une Histoire de Mourat et de Sophie, 1752, qu’il attribue également à Mlle de Lussan ou à Mlle de Lubert; il s’agit vraisemblablement de notre Mourat et Turquia, avec une erreur de titre. Cet ouvrage, dans cette édition, constitue le tome XVIII de la Bibliothèque de campagne, Amsterdam &amp; Paris, veuve Duchesne, 1778, 24t. (BNt)</ex>
<res>
<r_p>3e personne avec deux longs récits intercalés;</r_p>
<r_pl>Tunis;</r_pl>
<r_n>le sultan Soliman, Turquia, Sophie (esclave grecque), Caide Ben-Assary;</r_n>
<r_c>intrigues de cour et aventures romanesques;</r_c>
<r_s>ton pseudo-historique et sensible.</r_s>
</res>
<ae>
<ae_ae>Autre édition:</ae_ae>
<ae_se>
<ae_sep>-</ae_sep>
<ae_pl>Anecdotes</ae_pl>
<ae_pb>africaines,</ae_pb>
<ae_y>1753</ae_y>
<ae_bib>(B, Gay)</ae_bib>
</ae_se>
</ae>
</entry>
</document>

<document>
<entry>
<id>52.30</id>
<au>
<a>MAILHOL, Gabriel et Edmé MANTELLE</a>
</au>
<s>c</s>
<ti>Anecdotes orientales, ouvrage dédié aux dames</ti>
<det>
<pl>Berlin,</pl>
<y>1752,</y>
<f>2 part, in-12,</f>
<p>viii + 124, 148p.</p>
</det>
<bib>A BNt B Dufrenoy Gay Momet Q</bib>
<ex>B: ‘Suivant Fleischer, la première partie est de Mantelle et la seconde de Mailhol.’ Selon Q, cet ouvrage forme l’une des deux parties du Philosophe nègre de Mailhol (V.</ex>
<ae>
<ae_ae>64.34), mais ce rapprochement est erroné. Contes:</ae_ae>
<ae_se>
<ae_ex>1, 1 - 83, Osiris vengé, anecdote égyptienne; 85</ae_ex>
<ae_sep>-</ae_sep>
<ae_ti>124, Le temple de l’amour ou Zelitis et Zophire, anecdote de Cythère, traduit du grec; II, I - 148, Le triomphe de l’amour ou Arsane et Sophie,</ae_ti>
<ae_ex>anecdote d’Elide. Autre édition:</ae_ex>
<ae_sep>-</ae_sep>
<ae_pl>Asane</ae_pl>
<ae_bib>(sic)</ae_bib>
<ae_ti>et Sophie ou le triomphe de l’amour,</ae_ti>
<ae_pl>Berlin,</ae_pl>
<ae_y>1775,</ae_y>
<ae_f>2 part, in-12,</ae_f>
<ae_p>124, 148p.</ae_p>
<ae_bib>(At, Momet).</ae_bib>
<ae_ex>Momet n’a pas remarqué que c’est une réédition. Le nom du héros est écrit Arsane dans le texte.</ae_ex>
</ae_se>
</ae>
</entry>
</document>

<document>
<entry>
<id>52.31</id>
<au>
<a>MAMIN</a>
</au>
<ti>Aventures d’Ulysse dans l’isle d’Aeaea</ti>
<det>
<pl>Paris,</pl>
<pb>Bauche fils,</pb>
<y>1752,</y>
<f>2 part, in -12,</f>
<p>iv + 171, 133p.</p>
</det>
<bib>A BNt Clément, nov. 1752; LV B Clayton Delcro Dufrenoy Momet Q</bib>
<ex>BUR 1779 nov., pp. 115—175, offre une version abrégée.</ex>
<res>
<r_p>3e personne avec retour en arrière Ire personne lorsqu ’Ulysse raconte ses aventures;</r_p>
<r_pl>île d’Aeaea, cadre grec;</r_pl>
<r_n>Circé, Ulysse;</r_n>
<r_c>pseudo-épopée en prose;</r_c>
<r_s>style grandiose.</r_s>
</res>
</entry>
</document>

<document>
<entry>
<id>52.32</id>
<au>
<a>MARCHADIER, l’abbé</a>
</au>
<ti>L’isle de France ou la nouvelle colonie de Vénus, précédée d’une épître à Mr ***, servant de préface</ti>
<det>
<pl>Amsterdam,</pl>
<pb>Arkstée et Merkus,</pb>
<y>1752,</y>
<f>in - 12,</f>
<p>122p.</p>
</det>
<bib>A BMt BNt LQE VIII, 279-86, mars 1753 Clayton Gay</bib>
<ex>D’après une note à la fin de l’ouvrage, il s’agit d’une seconde partie des Filles-femmes ou femmes-filles (V. 51.14, Boissy).</ex>
<res>
<r_p>3e personne;</r_p>
<r_pl>cadre champêtre;</r_pl>
<r_n>Vénus</r_n>
<r_c>envoie à l’ile de France trois sylphes transformés en petits-maîtres, qui travaillent avec les bergères indigènes à peupler l’ile;</r_c>
<r_s>conte allégorique; style poétique.</r_s>
</res>
<ae>
<ae_ae>Autres éditions:</ae_ae>
<ae_se>
<ae_sep>-</ae_sep>
<ae_pl>Amsterdam,</ae_pl>
<ae_pb>Arkstée et Merkus,</ae_pb>
<ae_y>1753</ae_y>
<ae_bib>(A, BN, B, Gay, LV, Q).</ae_bib>
<ae_ex>L’ouvrage, dans cette édition,</ae_ex>
<ae_sep>constitue</ae_sep>
<ae_ti>la seconde partie du tome IX de la Bibliothèque de campagne,</ae_ti>
<ae_pl>Amsterdam &amp; Paris,</ae_pl>
<ae_pb>veuve Duchesne,</ae_pb>
<ae_y>1778,</ae_y>
<ae_f>24 t.</ae_f>
<ae_bib>(BNt).</ae_bib>
<ae_sep>-</ae_sep>
<ae_pl>Cologne,</ae_pl>
<ae_pb>P. Marteau,</ae_pb>
<ae_y>1756</ae_y>
<ae_bib>(B, Gay)</ae_bib>
<ae_sep>-</ae_sep>
<ae_pl>Cologne,</ae_pl>
<ae_pb>Marteau,</ae_pb>
<ae_y>1758,</ae_y>
<ae_f>96</ae_f>
<ae_p>p.</ae_p>
<ae_bib>(NN, Gay)</ae_bib>
</ae_se>
</ae>
</entry>
</document>

<document>
<entry>
<id>52.33</id>
<ti>MARIN, le père Michel-Ange Virginie ou la vierge chrétienne, histoire sicilienne pour servir de modèle aux filles qui aspirent à la perfection</ti>
<det>
<pl>Paris,</pl>
<y>1752,</y>
<f>2 part, in-12</f>
</det>
<bib>Delcro Momet Q</bib>
<res>
<r_p>3e personne;</r_p>
<r_pl>Palerme;</r_pl>
<r_c>vie d’une parfaite religieuse.</r_c>
</res>
<ae>
<ae_ae>Autres éditions:</ae_ae>
<ae_se>
<ae_sep>-</ae_sep>
<ae_pl>Avignon,</ae_pl>
<ae_pb>Alexandre Giroud,</ae_pb>
<ae_y>1752,</ae_y>
<ae_f>2 t. in -12,</ae_f>
<ae_p>xii + 500, 518p.</ae_p>
<ae_bib>(Besançon)</ae_bib>
<ae_sep>-</ae_sep>
<ae_y>1757</ae_y>
<ae_bib>(Bordeaux, Niort)</ae_bib>
<ae_sep>-</ae_sep>
<ae_y>1760</ae_y>
<ae_bib>(Nantes)</ae_bib>
<ae_sep>-</ae_sep>
<ae_pl>Avignon,</ae_pl>
<ae_pb>Niel et Aubanel,</ae_pb>
<ae_y>1768,</ae_y>
<ae_f>2 t. in -12</ae_f>
<ae_bib>(BNt)</ae_bib>
<ae_sep>-</ae_sep>
<ae_y>1779</ae_y>
<ae_bib>(BN)</ae_bib>
<ae_sep>—</ae_sep>
<ae_pl>Lyon,</ae_pl>
<ae_y>1820,</ae_y>
<ae_f>2t.</ae_f>
<ae_bib>(Utrecht)</ae_bib>
</ae_se>
</ae>
</entry>
</document>

<document>
<entry>
<id>52.34</id>
<au>
<a>MAUBERT DE GOUVEST, Jean-Henri</a>
</au>
<s>m</s>
<ti>Lettres iroquoises</ti>
<det>
<pl>A Irocopolis,</pl>
<pb>chez les Vénérables,</pb>
<y>1752,</y>
<f>2t. in-8,</f>
<p>166, 164p.</p>
</det>
<bib>A BMt BN CorrL avril 1769 Balmas B Delcro Gay Q</bib>
<ex>Enea Balmas a préparé une édition moderne (Paris &amp; Milan, 1962).</ex>
<res>
<r_p>Lettres;</r_p>
<r_pl>Paris;</r_pl>
<r_n>Igli (le narrateur). Lise, plusieurs prêtres qu’on appelle indifféremment: le Vénérable, le Pater, le Sacrificateur, le Béat, etc.;</r_n>
<r_c>quelques aventures, mais l’élément narratif est subordonné à la discussion des questions sociales, philosophiques et surtout religieuses;</r_c>
<r_s>style pseudo-naif.</r_s>
</res>
<ae>
<ae_ae>Autres éditions:</ae_ae>
<ae_se>
<ae_sep>—</ae_sep>
<ae_pl>Lausanne,</ae_pl>
<ae_y>1752,</ae_y>
<ae_f>2v.</ae_f>
<ae_bib>(CtY, DLC, NN, B, Gay)</ae_bib>
<ae_sep>-</ae_sep>
<ae_y>1755,</ae_y>
<ae_f>2 part, in-12</ae_f>
<ae_bib>(A, Balmas, Gay)</ae_bib>
<ae_sep>-</ae_sep>
<ae_ti>Lettres chérakéesiennes mises en françois de la traduction italienne par J.-J. Rufus, sauvage européen [ c.-à-d. J .-J. Rousseau), Rome, de l’imprimerie du Sacré College de la Propagande,</ae_ti>
<ae_y>1769,</ae_y>
<ae_f>in-8</ae_f>
<ae_bib>(BMt, BN, Balmas)</ae_bib>
<ae_sep>-</ae_sep>
<ae_ti>ds Mélanges sur l’Amérique,</ae_ti>
<ae_pl>Londres,</ae_pl>
<ae_y>1781</ae_y>
<ae_bib>(RPJCB)</ae_bib>
</ae_se>
</ae>
</entry>
</document>

<document>
<entry>
<id>52.35</id>
<au>
<a>MOUHY, Charles de Fieux, chevalier de</a>
</au>
<ti>Opuscule d’un célèbre auteur égyptien, contenant l’histoire d’Orphée par laquelle on pourroit soupçonner qu’il est peu de femmes fidèles</ti>
<det>
<pl>Londres,</pl>
<y>1752,</y>
<f>in -12,</f>
<p>93p.</p>
</det>
<bib>A BMt BNt LV B Dufrenoy Gay Momet Q</bib>
<ex>Attribué également au marquis de Collande.</ex>
<res>
<r_p>Ire personne changeant en 3e, avec un long récit intercalé;</r_p>
<r_pl>Egypte, Enfers;</r_pl>
<r_n>Phares. Zeleusis, Orphée, le dieu Anubis;</r_n>
<r_c>histoires sentimentales et légèrement satiriques: usage exagéré des notes critiques pour des effets humoristiques.</r_c>
</res>
<ae>
<ae_ae>Autre édition :</ae_ae>
<ae_se>
<ae_sep>-</ae_sep>
<ae_y>1753,</ae_y>
<ae_f>in-12</ae_f>
<ae_bib>(Gay)</ae_bib>
</ae_se>
</ae>
</entry>
</document>

<document>
<entry>
<id>52.36</id>
<au>
<a>PUISIEUX, Madeleine d’Arsant, madame de</a>
</au>
<ti>Le plaisir et la volupté, conte allégorique</ti>
<det>
<pl>Paphos,</pl>
<y>1752,</y>
<f>in - 12,</f>
<p>120p.</p>
</det>
<bib>A BMt BN LC LQE VII, 353 - 57, jan. 1753; LV B Delcro Gay Momet Q52.36</bib>
<ex>Pour une analyse de l’ouvrage, v. BUR 1787, avril I, pp.185-92.</ex>
<res>
<r_p>3e personne;</r_p>
<r_pl>Paris; province;</r_pl>
<r_n>Vénus, Aminte, Damis, Dorise;</r_n>
<r_c>intrigues d’amour allégoriques.</r_c>
</res>
<ae>
<ae_ae>Autre édition:</ae_ae>
<ae_se>
<ae_sep>-</ae_sep>
<ae_y>1755,</ae_y>
<ae_f>in - 18</ae_f>
<ae_bib>(B, Gay)</ae_bib>
</ae_se>
</ae>
</entry>
</document>

<document>
<entry>
<id>52.37</id>
<au>
<a>RABELAIS, François adapt. par G.-L. CALABRE-PERAU n</a>
</au>
<ti>Œuvres choisies de M. François Rabelais, docteur en médecine de la Faculté de Montpellier, chanoine de Saint-Maur-des-Fossés et curé de Meudon</ti>
<det>
<pl>Genève,</pl>
<pb>Barillot et fils,</pb>
<y>1752,</y>
<f>3 t. in-12,</f>
<p>xxiii + 376,468, 308 + 63p.</p>
</det>
<bib>A BNt B Q</bib>
<ex>Version abrégée et modernisée.</ex>
</entry>
</document>

<document>
<entry>
<id>52.38</id>
<au>
<a>RABELAIS, François</a>
<ed>éd. par François-Marie de MARSY n</ed>
</au>
<ti>Le Rabelais moderne ou les œuvres de maître François Rabelais, docteur en médecine, mises à la portée de la plûpart des lecteurs, avec des éclercissemens historiques, pour l’intelligence des allégories contenues dans le Gargantua et dans le Pantagruel.</ti>
<det>
<pl>Amsterdam,</pl>
<pb>Jean Frédéric Bernard,</pb>
<y>1752,</y>
<f>8 t. in -12,</f>
<p>c + 247, 417, 431, 288, 270, 290. 326, 445p.</p>
</det>
<bib>A BMf BNt B Delcro Gay Q</bib>
<res>
<r_c>Texte modernisé, mais les mots et les tournures vieillis de l’original sont fournis dans des notes critiques.</r_c>
</res>
</entry>
</document>

<document>
<entry>
<id>52.39</id>
<au>
<a>STANISLAS I, roi de Pologne</a>
</au>
<s>m</s>
<ti>Entretien d’un European (sic) avec un insulaire du royaume de Dumocala</ti>
<det>
<y>1752,</y>
<f>in-8,</f>
<p>87 (pour 97) p.</p>
</det>
<bib>A BMf BNt Clément, nov. 1752; LQE VIII, 21 -35, jan. 1753 B Dufrenoy Gove</bib>
<ex>L’exemplaire du BM contient (pp. 93 -158) une Réponse à la lettre d’un ami au sujet de l’Entretien.</ex>
<res>
<r_p>Ire personne;</r_p>
<r_pl>Ile imaginaire;</r_pl>
<r_n>un Offlcer, un Brahman;</r_n>
<r_c>naufrage, voyage dans l’ile, entretiens sur l’armée, la justice, etc.;</r_c>
<r_s>Utopie.</r_s>
</res>
<ae>
<ae_ae>Autres éditions:</ae_ae>
<ae_se>
<ae_sep>-</ae_sep>
<ae_y>1754,</ae_y>
<ae_f>in-12</ae_f>
<ae_bib>(A, BN, LV, Q)</ae_bib>
<ae_sep>-</ae_sep>
<ae_pl>Paris,</ae_pl>
<ae_y>1755,</ae_y>
<ae_f>in -12</ae_f>
<ae_bib>(B)</ae_bib>
</ae_se>
</ae>
</entry>
</document>

<document>
<entry>
<id>52.40</id>
<au>
<a>TSCHUDY, Thédore-Henri, baron de</a>
</au>
<ti>La folle sensée ou histoire de Mlle F***, dédiée à madame la marquise de V***, par le chevalier D.L***</ti>
<det>
<pl>Londres,</pl>
<y>1752,</y>
<f>2 part, in - 8,</f>
<p>102, 83p.</p>
</det>
<bib>A| BMt B Gay Momet Q</bib>
<ex>‘Par le chevalier D.L***’ : selon B, un des pseudonymes adoptés par le baron de Tschudy était ‘le chevalier de Lussi.’ La dernière page porte: ‘Fin du Premier Tome &amp; de la Seconde Partie ’, ce qui suppose une suite qui, semble-t-il, n’a pas paru.</ex>
<res>
<r_p>Ire personne (mémoires);</r_p>
<r_pl>France, Pays-Bas, etc.;</r_pl>
<r_n>noblesse, bourgeoisie et comédiens, avec quelques personnages historiques (Favart, Moly, le maréchal de Saxe);</r_n>
<r_c>aventures d’une jeune fille bourgeoise qui devient actrice;</r_c>
<r_s>ton réaliste.</r_s>
</res>
</entry>
</document>

<document>
<entry>
<id>52.41</id>
<au>
<a>VILLENEUVE, Gabrielle-Suzanne Barbot de</a>
</au>
<ti>Le beau-frère supposé, par Madame D.V...</ti>
<det>
<pl>Londres,</pl>
<y>1752,</y>
<f>4 part, in - 12,</f>
<p>iv + 166, 178, 184, 170d</p>
</det>
<bib>A BMt BNt LV B Delcro Momet Q</bib>
<res>
<r_p>3e personne avec récits intercalés Ire personne;</r_p>
<r_pl>Louisiane, France;</r_pl>
<r_n>le chevalier de Morsan, Mlle de Malcour, le comte de Borely;</r_n>
<r_c>aventures romanesques;</r_c>
<r_s>sensibilité.</r_s>
</res>
</entry>
</document>

<document>
<entry>
<id>52.42</id>
<au>
<a>VILLIERS, P. de</a>
</au>
<ti>L’infortuné Français ou les mémoires et aventures du marquis de Courtanges, traduits de l’anglois</ti>
<det>
<pl>Londres,</pl>
<pb>Jean Nourse,</pb>
<f>in - 12,</f>
<p>164p.</p>
</det>
<bib>A BNt LV Momet Streeter</bib>
<res>
<r_p>Ire personne avec récits intercalés;</r_p>
<r_pl>France, île déserte;</r_pl>
<r_n>le chevalier de Mélionville, mylady Wirdon, don Alvar, Florade;</r_n>
<r_c>aventures romanesques, voyages;</r_c>
<r_s>sensibilité.</r_s>
</res>
<ae>
<ae_ae>Autre édition :</ae_ae>
<ae_se>
<ae_sep>-</ae_sep>
<ae_y>1753</ae_y>
<ae_bib>(BMt, sous‘Courtanges’)</ae_bib>
</ae_se>
</ae>
</entry>
</document>

<document>
<entry>
<id>52.43</id>
<au>
<a>VOLTAIRE, François-Marie Arouet de</a>
</au>
<ti>Le Micromégas de Mr. de Voltaire</ti>
<det>
<pl>Londres,</pl>
<f>in-12,</f>
<p>92p.</p>
</det>
<bib>B Bengesco Delcro Dufrenoy Q</bib>
<ex>Schick Wade Notre liste des éditions de Micromégas seul est basée sur Ira O. Wade, Voltaire’s Micromégas, 1950; et U. Schick, édition critique de Micromégas dans les Œuvres complètes de Voltaire, éd. T. Besterman, Genève, 1969-, t.XVIII (à paraître). Pour les détails des éditions des Œuvres et des Romans et contes, v. Bengesco, Besterman et Schick. Pour uneanalyse du contenu des éditions collectives de 1728 à 1789, consulter Trapnell.</ex>
<res>
<r_p>3e personne avec des observations Ire personne;</r_p>
<r_pl>Sirius, Saturne, Terre;</r_pl>
<r_n>Micromégas, un Saturnien,</r_n>
<r_c>des philosophes; voyages, rencontres, discussions;</r_c>
<r_s>thèmes philosophiques, ton satirique.</r_s>
</res>
<ae>
<ae_ae>Autres éditions de Micromégas:</ae_ae>
<ae_se>
<ae_sep>—</ae_sep>
<ae_pl>Londres,</ae_pl>
<ae_y>1752,</ae_y>
<ae_f>in-12,</ae_f>
<ae_p>92p.</ae_p>
<ae_ex>Contrefaçon de l’édition princeps</ae_ex>
<ae_sep>-</ae_sep>
<ae_ti>... avec une Histoire des croisades,</ae_ti>
<ae_pl>Londres</ae_pl>
<ae_pb>[Gotha],</ae_pb>
<ae_y>1752,</ae_y>
<ae_f>in-8,</ae_f>
<ae_p>257p.</ae_p>
<ae_sep>-</ae_sep>
<ae_ti>... avec une Histoire des Croisades,</ae_ti>
<ae_pl>Londres,</ae_pl>
<ae_pb>J. Robinson et W. Meyer,</ae_pb>
<ae_y>1753,</ae_y>
<ae_f>in-8,</ae_f>
<ae_p>257p.</ae_p>
<ae_sep>-</ae_sep>
<ae_ti>... avec une Histoire des Croisades,</ae_ti>
<ae_pl>Berlin,</ae_pl>
<ae_y>1753,</ae_y>
<ae_f>in-8,</ae_f>
<ae_p>254p.</ae_p>
<ae_sep>-</ae_sep>
<ae_ti>ds Voyages imaginaires, t. XXIII,</ae_ti>
<ae_y>1787-89</ae_y>
<ae_ex>(v. 87. R16)</ae_ex>
<ae_sep>—</ae_sep>
<ae_ti>Micromégas, histoire philosophique par Voltaire,</ae_ti>
<ae_pl>Paris,</ae_pl>
<ae_pb>Sanson,</ae_pb>
<ae_y>1826,</ae_y>
<ae_f>in-32,</ae_f>
<ae_p>47p.</ae_p>
<ae_ex>Editions des Œuvres: Pour les éditions de 1751 et de 1751-52, v. 51.R53 et 51.R54.</ae_ex>
<ae_sep>—</ae_sep>
<ae_ti>Œuvres de monsieur de Voltaire,</ae_ti>
<ae_pl>Dresde,</ae_pl>
<ae_pb>George Conrad Walther,</ae_pb>
<ae_y>1748-54,</ae_y>
<ae_f>8t. in-8</ae_f>
<ae_sep>—</ae_sep>
<ae_ti>Œuvres...,</ae_ti>
<ae_pl>Dresde,</ae_pl>
<ae_pb>George Conrad Walther,</ae_pb>
<ae_y>1752-56,</ae_y>
<ae_f>8t. in-12</ae_f>
<ae_sep>—</ae_sep>
<ae_ti>Collection complète des oeuvres...,</ae_ti>
<ae_pl>s.I. [Genève,</ae_pl>
<ae_pb>Cramer],</ae_pb>
<ae_y>1756,</ae_y>
<ae_f>17t. in-8.</ae_f>
<ae_ex>Cf. notre 56.32.</ae_ex>
<ae_sep>—</ae_sep>
<ae_ti>Collection ..., s. 1. [Genève,</ae_ti>
<ae_pl>Cramer],</ae_pl>
<ae_y>1757,</ae_y>
<ae_f>17t. in-8</ae_f>
<ae_sep>—</ae_sep>
<ae_ti>Œuvres...,</ae_ti>
<ae_pl>s. 1. [Paris,</ae_pl>
<ae_pb>Lambert],</ae_pb>
<ae_y>1757,</ae_y>
<ae_f>22t. in-12</ae_f>
<ae_sep>-</ae_sep>
<ae_ti>Collection..., s. 1. [Genève,</ae_ti>
<ae_pl>Cramer],</ae_pl>
<ae_y>1764,</ae_y>
<ae_f>18t. in-8</ae_f>
<ae_sep>—</ae_sep>
<ae_ti>Collection ....</ae_ti>
<ae_pl>Amsterdam</ae_pl>
<ae_pb>[Rouen], aux dépens de la Compagnie,</ae_pb>
<ae_y>1764,</ae_y>
<ae_f>18t. in-12</ae_f>
<ae_sep>—</ae_sep>
<ae_ti>Collection ...,</ae_ti>
<ae_pl>Genève</ae_pl>
<ae_pb>[Cramer],</ae_pb>
<ae_y>1768-77,</ae_y>
<ae_f>30t. in-4.</ae_f>
<ae_ex>A cette édition se rajoutent 15 volumes publiés en 1796.</ae_ex>
<ae_sep>—</ae_sep>
<ae_ti>Collection .... s. 1. [Genève,</ae_ti>
<ae_pl>Cramer],</ae_pl>
<ae_y>1770,</ae_y>
<ae_f>18t. in-8</ae_f>
<ae_sep>—</ae_sep>
<ae_ti>Collection ...,</ae_ti>
<ae_pl>Lausanne,</ae_pl>
<ae_pb>Jules Henri Pott (ensuite Lausanne, Franç. Grasset; ensuite Londres),</ae_pb>
<ae_y>1770-81,</ae_y>
<ae_f>57t. in-8</ae_f>
<ae_sep>—</ae_sep>
<ae_ti>Collection ....</ae_ti>
<ae_pl>Genève</ae_pl>
<ae_pb>[Liège, Plomteux),</ae_pb>
<ae_y>1771-77,</ae_y>
<ae_f>32t. in-12</ae_f>
<ae_sep>-</ae_sep>
<ae_pl>Œuvres....</ae_pl>
<ae_pb>Neufchâtel [Paris, Panckoucke],</ae_pb>
<ae_y>1772-73,</ae_y>
<ae_f>34 ou 40t. in-8 ou in-12</ae_f>
<ae_sep>-</ae_sep>
<ae_ti>Collection ...,s. 1. [Genève?],</ae_ti>
<ae_y>1772,</ae_y>
<ae_f>lit. in-12</ae_f>
<ae_sep>—</ae_sep>
<ae_ti>La Henriade, divers autres poèmes...,</ae_ti>
<ae_pl>s. 1. [Genève,</ae_pl>
<ae_pb>Cramer et Bardin],</ae_pb>
<ae_y>1775,</ae_y>
<ae_f>40t. in-8.</ae_f>
<ae_ex>Cest l’édition des œuvres dite ‘encadrée’.</ae_ex>
<ae_sep>—</ae_sep>
<ae_ti>Œuvres...,</ae_ti>
<ae_pl>Neufchâtel</ae_pl>
<ae_pb>[Paris, Panckoucke],</ae_pb>
<ae_y>1783.</ae_y>
<ae_ex>Ce serait une nouvelle version de l’édition de 1772-73.</ae_ex>
<ae_sep>-</ae_sep>
<ae_ti>Œuvres....</ae_ti>
<ae_pl>Kehl,</ae_pl>
<ae_y>1784-89,</ae_y>
<ae_f>70t. in-8 ou 92t. in-12</ae_f>
<ae_sep>—</ae_sep>
<ae_ti>Œuvres ....</ae_ti>
<ae_pl>Basle,</ae_pl>
<ae_pb>J.J. Toumeisen &amp; Gotha, Charles- Guillaume Ettingcr,</ae_pb>
<ae_y>1784-,</ae_y>
<ae_f>71t. in-8</ae_f>
<ae_sep>—</ae_sep>
<ae_ti>Œuvres ....</ae_ti>
<ae_pl>Lyon,</ae_pl>
<ae_pb>La Mollière,</ae_pb>
<ae_y>1791-,</ae_y>
<ae_f>100t. in-12.</ae_f>
<ae_ex>Besterman cite deux collections semblables, l’une avec l’adresse: Aux Deux Ponts, Sanson; l’autre avec l’adresse: Basle, J.J. Thourneisen.</ae_ex>
<ae_sep>—</ae_sep>
<ae_ti>Œuvres choisies....</ae_ti>
<ae_pl>Paris,</ae_pl>
<ae_pb>Stoupe et Servière,</ae_pb>
<ae_y>1792-1802,</ae_y>
<ae_f>55t. in-8</ae_f>
<ae_sep>—</ae_sep>
<ae_pl>Œuvres</ae_pl>
<ae_pb>choisiesParis, Renouard,</ae_pb>
<ae_y>1817,</ae_y>
<ae_f>21t. in-12</ae_f>
<ae_ti>et in-8. Le volume comprenant les romans et contes porte la date de 1809, et le nom de l’éditeur Nicolle. — Œuvres</ae_ti>
<ae_pl>Paris,</ae_pl>
<ae_pb>Th. Desoer</ae_pb>
<ae_pl>&amp; Liège,</ae_pl>
<ae_pb>J.F. Desoer,</ae_pb>
<ae_y>1817-19,</ae_y>
<ae_f>12t. in-8</ae_f>
<ae_sep>—</ae_sep>
<ae_ti>Œuvres....</ae_ti>
<ae_pl>Paris,</ae_pl>
<ae_pb>Plancher,</ae_pb>
<ae_y>1817-22,</ae_y>
<ae_f>44t. in-12</ae_f>
<ae_sep>—</ae_sep>
<ae_ti>Œuvres....</ae_ti>
<ae_pl>Paris,</ae_pl>
<ae_pb>veuve Perronneau,</ae_pb>
<ae_y>1817-22,</ae_y>
<ae_f>56t. in-12</ae_f>
<ae_sep>—</ae_sep>
<ae_ti>Œuvres ...,</ae_ti>
<ae_pl>Paris,</ae_pl>
<ae_pb>Lefèvre et Déterville,</ae_pb>
<ae_y>1817-20,</ae_y>
<ae_f>42t.</ae_f>
<ae_sep>—</ae_sep>
<ae_ti>Œuvres...,</ae_ti>
<ae_pl>Paris,</ae_pl>
<ae_pb>Renouard,</ae_pb>
<ae_y>1819-25,</ae_y>
<ae_f>66t.</ae_f>
<ae_sep>—</ae_sep>
<ae_ti>Œuvres...,</ae_ti>
<ae_pl>Paris,</ae_pl>
<ae_pb>Lequien (ou Werdet et Lequien fils),</ae_pb>
<ae_y>1820-,</ae_y>
<ae_f>70t. in-8</ae_f>
<ae_sep>—</ae_sep>
<ae_ti>Œuvres...,</ae_ti>
<ae_pl>Paris,</ae_pl>
<ae_pb>Carez, Thomine et Fortic,</ae_pb>
<ae_y>1820-,</ae_y>
<ae_f>60t.</ae_f>
<ae_sep>—</ae_sep>
<ae_pl>Voltaire, Paris,</ae_pl>
<ae_pb>imprimerie de Baudouin fils,</ae_pb>
<ae_y>1820,</ae_y>
<ae_f>15t. in-12.</ae_f>
<ae_ti>Choix des œuvres publié par Touquet. Editions des Romans et contes: — Recueil des romans de M. de Voltaire,</ae_ti>
<ae_pl>s.</ae_pl>
<ae_y>1., 1759</ae_y>
<ae_bib>(Ascoli)</ae_bib>
<ae_sep>—</ae_sep>
<ae_ti>Recueil.... s. L,</ae_ti>
<ae_y>1763,2t.</ae_y>
<ae_bib>(Ascoli, Morize)</ae_bib>
<ae_sep>—</ae_sep>
<ae_ti>Recueil.... s. 1. [Paris],</ae_ti>
<ae_y>1764,</ae_y>
<ae_f>2t. in-12</ae_f>
<ae_sep>—</ae_sep>
<ae_ti>Recueil des romans moraux et philosophiques par Voltaire,</ae_ti>
<ae_pl>Neufchâtel,</ae_pl>
<ae_y>1771,2t.</ae_y>
<ae_f>in-12</ae_f>
<ae_sep>—</ae_sep>
<ae_ti>Romans et contes philosophiques ...,</ae_ti>
<ae_pl>Londres,</ae_pl>
<ae_y>1772,</ae_y>
<ae_f>2t. in-8</ae_f>
<ae_sep>—</ae_sep>
<ae_ti>Romans et contes philosophiques....</ae_ti>
<ae_pl>Londres,</ae_pl>
<ae_y>1773,</ae_y>
<ae_f>2t. in-12</ae_f>
<ae_bib>(Besançon, Morize)</ae_bib>
<ae_sep>—</ae_sep>
<ae_ti>Romans et contes philosophiques...,</ae_ti>
<ae_pl>Londres,</ae_pl>
<ae_y>1775,</ae_y>
<ae_f>2t. in-12</ae_f>
<ae_sep>—</ae_sep>
<ae_ti>Romans et contes philosophiques....</ae_ti>
<ae_pl>Londres,</ae_pl>
<ae_y>1777,</ae_y>
<ae_f>2t. in-12</ae_f>
<ae_sep>—</ae_sep>
<ae_ti>Romans et contes de M. de Voltaire,</ae_ti>
<ae_pl>Bouillon,</ae_pl>
<ae_pb>Société typographique,</ae_pb>
<ae_y>1778,</ae_y>
<ae_f>3t. in-8 ou in-12.11</ae_f>
<ae_ex>semble que toutes les éditions ultérieures portent ce titre.</ae_ex>
<ae_sep>—</ae_sep>
<ae_pl>Bâle,</ae_pl>
<ae_pb>Flick,</ae_pb>
<ae_y>1778,</ae_y>
<ae_f>2t. in-8</ae_f>
<ae_sep>—</ae_sep>
<ae_pl>Paris,</ae_pl>
<ae_pb>Didot l’aîné,</ae_pb>
<ae_y>1780,</ae_y>
<ae_f>6t. in-18</ae_f>
<ae_sep>—</ae_sep>
<ae_pl>Londres</ae_pl>
<ae_pb>[Paris, Cazin],</ae_pb>
<ae_y>1781,3t.</ae_y>
<ae_f>in-18</ae_f>
<ae_sep>—</ae_sep>
<ae_pl>Londres,</ae_pl>
<ae_y>1781,</ae_y>
<ae_f>4t. in-18</ae_f>
<ae_sep>—</ae_sep>
<ae_pl>Londres,</ae_pl>
<ae_y>1789,</ae_y>
<ae_f>4t. in-18</ae_f>
<ae_sep>—</ae_sep>
<ae_pl>Lyon,</ae_pl>
<ae_pb>Le Roy,</ae_pb>
<ae_y>1790,</ae_y>
<ae_f>6t. in-18</ae_f>
<ae_sep>—</ae_sep>
<ae_pl>Port-Malo,</ae_pl>
<ae_pb>Bovins,</ae_pb>
<ae_y>an III,</ae_y>
<ae_f>4t. in-18</ae_f>
<ae_sep>—</ae_sep>
<ae_pl>Evreux,</ae_pl>
<ae_pb>Ancelle,</ae_pb>
<ae_y>an III,</ae_y>
<ae_f>4t. in-18</ae_f>
<ae_sep>—</ae_sep>
<ae_pl>Paris,</ae_pl>
<ae_y>1797,</ae_y>
<ae_f>6t. in-18</ae_f>
<ae_sep>—</ae_sep>
<ae_pl>Paris,</ae_pl>
<ae_pb>Didot,</ae_pb>
<ae_y>an VIII,</ae_y>
<ae_f>3t. in-18</ae_f>
<ae_sep>—</ae_sep>
<ae_pl>Paris,</ae_pl>
<ae_pb>Marne (ou Nicolle),</ae_pb>
<ae_y>1808,</ae_y>
<ae_f>4t. in-18</ae_f>
<ae_sep>—</ae_sep>
<ae_pl>Paris,</ae_pl>
<ae_pb>Marne (ou Nicolle),</ae_pb>
<ae_y>1809,</ae_y>
<ae_f>2t. in-8 ou in-12</ae_f>
<ae_sep>—</ae_sep>
<ae_pl>Paris,</ae_pl>
<ae_pb>Didot,</ae_pb>
<ae_y>1818,</ae_y>
<ae_f>3t. in-18</ae_f>
<ae_sep>—</ae_sep>
<ae_pl>Paris,</ae_pl>
<ae_pb>Dabo et Tremblay,</ae_pb>
<ae_y>1819,</ae_y>
<ae_f>2t. in-121752 Rééditions</ae_f>
</ae_se>
</ae>
</entry>
</document>

</root>