<root>

<document>
<entry>
<id>54.1</id>
<ti>L’amour-propre sacrifié au plaisir de la vengeance</ti>
<det>
<y>1754,</y>
<f>4 part, in - 12,</f>
<p>200, 200, 160, 153p.</p>
</det>
<bib>A BMt BNt AL 1754 V 188- 192; CorTL août 1754</bib>
<res>
<r_p>Ire personne (mémoires);</r_p>
<r_pl>Amérique, Paris,</r_pl>
<r_n>Amsterdam M. Durdof, le marquis d’Albemac, Céphise, Mlle Pinwrok:</r_n>
<r_c>aventures romanesques, voyages, intrigues sentimentales.</r_c>
</res>
<ae>
<ae_ae>Autres éditions:</ae_ae>
<ae_se>
<ae_sep>—</ae_sep>
<ae_ti>Mémoires de madame Durdof ou histoire du marquis d’Albemac et de Céphise,</ae_ti>
<ae_pl>Londres,</ae_pl>
<ae_y>1762,</ae_y>
<ae_f>4 part, in - 12,</ae_f>
<ae_p>200, 200, 160, 153p.</ae_p>
<ae_bib>(At, BMt, Gay, LV, Momet).</ae_bib>
<ae_ex>Aucun bibliographe n’a remarqué que c’est le même ouvrage que VAmour-propre sacrifié. Cf. 54.3</ae_ex>
<ae_sep>—</ae_sep>
<ae_ti>L’amour-propre sacrifié...,</ae_ti>
<ae_pl>Amsterdam,</ae_pl>
<ae_y>1770,</ae_y>
<ae_f>4 part. in-12,</ae_f>
<ae_p>200, 200, 160, 153p.</ae_p>
<ae_bib>(Angrémy).</ae_bib>
<ae_ex>C’est la première édition avec une nouvelle page de titre pour chaque partie.</ae_ex>
</ae_se>
</ae>
</entry>
</document>

<document>
<entry>
<id>54.2</id>
<ti>Histoire de mademoiselle Brion, dite comtesse de Launay Imprimée aux dépens de la société des Tilles du bon</ti>
<det>
<pl>ton,</pl>
<y>1754,</y>
<f>in - 12,</f>
<p>137p.</p>
</det>
<bib>BMt BNt Gay</bib>
<res>
<r_p>Ire personne (mémoires);</r_p>
<r_pl>Paris;</r_pl>
<r_n>Maclou Launay (cocher), La Dêpoix (coiffeuse), madame Veme, Mr. de R....;</r_n>
<r_c>aventures lubriques d’une prostituée devenue entremetteuse;</r_c>
<r_s>détails pornographiques.</r_s>
</res>
<ae>
<ae_ae>Autres éditions:</ae_ae>
<ae_se>
<ae_sep>-</ae_sep>
<ae_ti>La nouvelle académie des dames ou histoire de Mlle B*** D.C.D.L.,</ae_ti>
<ae_pl>Cythère,</ae_pl>
<ae_y>1774,</ae_y>
<ae_f>in - 12</ae_f>
<ae_bib>(BM, BNt, Gay)</ae_bib>
<ae_sep>-</ae_sep>
<ae_y>1776</ae_y>
<ae_bib>(BNt, Gay)</ae_bib>
<ae_sep>—</ae_sep>
<ae_ti>Histoire de mademoiselle Brion...,</ae_ti>
<ae_pl>s.1.</ae_pl>
<ae_y>[ 1780],</ae_y>
<ae_f>in-12</ae_f>
<ae_bib>(édition critique d’Apollinaire)</ae_bib>
<ae_sep>-</ae_sep>
<ae_ti>Histoire de mademoiselle Brion, honnête putain,</ae_ti>
<ae_pl>Arras.</ae_pl>
<ae_y>1783,</ae_y>
<ae_f>in-12</ae_f>
<ae_bib>(BN, Gay)</ae_bib>
</ae_se>
</ae>
</entry>
</document>

<document>
<entry>
<id>54.3</id>
<ti>L’inconstant puni par l’inconstance</ti>
<det>
<pl>Londres,</pl>
<y>1754,</y>
<f>2 part, in - 12,</f>
<p>175, 158p.</p>
</det>
<bib>A BNt LV Gay Momet</bib>
<ex>Cf. 54.1 pour la ressemblance des circonstances de la réédition et de la forme des titres.</ex>
<res>
<r_p>Ire personne;</r_p>
<r_pl>Paris;</r_pl>
<r_n>magistrature, noblesse: Rosalie, Surval, la marquise d’Artainville, Mlle de Gennevik;</r_n>
<r_c>aventures d’un jeune homme qui fait son chemin dans la société;</r_c>
<r_s>intentions moralisatrices.</r_s>
</res>
<ae>
<ae_ae>Autre édition :</ae_ae>
<ae_se>
<ae_sep>—</ae_sep>
<ae_ti>Combat de l’amour avec l’intérêt ou la trahison punie,</ae_ti>
<ae_pl>Strasbourg,</ae_pl>
<ae_y>1762,</ae_y>
<ae_f>2 part, in-12</ae_f>
<ae_bib>(At, Momet)</ae_bib>
</ae_se>
</ae>
</entry>
</document>

<document>
<entry>
<id>54.4</id>
<ti>Mirélis et Zinzênie, conte, auquel on a ajouté les Délices de la Sauvagère</ti>
<det>
<y>1754,</y>
<f>in - 12,</f>
<p>72p.</p>
</det>
<bib>At CorrL déc. 1764; LQE XIII 191-193 fév. 1754; LV Dufrenoy Gay Momet</bib>
<ex>CorrL: ‘Le triomphe de l’amour de Mirélis et Zinzênie est un insipide conte de fée qui moisit depuis dix ans dans quelque boutique de librairie, et à qui on a mis un titre avec l’année 1765 pour tâcher de s’en défaire.’</ex>
<ae>
<ae_ae>Pp.l</ae_ae>
<ae_se>
<ae_sep>-</ae_sep>
<ae_ti>62. Mirélis et Zinzênie: conte de fée sentimental; pp.65 - 72, Les Délices de la Sauvagère: description, entremêlée d’éléments mythologiques, d’une maison de campagne appartenant à M. de G. Autre édition : - Le triomphe de l’amour de Mirélis et Zinzênie, conte;...,</ae_ti>
<ae_pl>Genève,</ae_pl>
<ae_y>1765,</ae_y>
<ae_f>in-12,</ae_f>
<ae_p>72p.</ae_p>
<ae_bib>(VGM, CorrL)</ae_bib>
</ae_se>
</ae>
</entry>
</document>

<document>
<entry>
<id>54.5</id>
<ti>La vengeance naturelle</ti>
<det>
<pl>Amsterdam &amp; Paris,</pl>
<pb>Hochereau,</pb>
<y>1754,</y>
<f>2 part, in - 12,</f>
<p>167, 180p.</p>
</det>
<bib>A BNt AL 1754 VI 117-123; CorrL déc. 1754 Mornet CorrL: ‘L’épitre.. .est signé J.B.C.’</bib>
<res>
<r_p>3e personne avec récits intercalés Ire personne;</r_p>
<r_pl>cadre turc pseudo-historique;</r_pl>
<r_n>Mahacank, Mamouth, le sultan Mustapha, Théodose;</r_n>
<r_c>intrigues de cour; aventures romanesques.</r_c>
</res>
</entry>
</document>

<document>
<entry>
<id>54.6</id>
<au>
<a>ARBUTHNOT, John John GAY, Alexander POPE et d’autres, adapt. par Bénigne DUJARDIN et Godefroy SELLIUS</a>
</au>
<s>cnt</s>
<ti>La double beauté, roman étranger</ti>
<det>
<pl>Cantorbery,</pl>
<y>1754,</y>
<f>in - 12,</f>
<p>xxiv + 103p.</p>
</det>
<bib>A BNt AL 1754 VI 317-336; CorrL juillet 1754 et fév. 1755 B Delcro Gay Momet Q</bib>
<tr>Rochedieu L’ouvrage anglais est intitulé Memoirs of the extraordinary Life, Works and Discoveries ofMartinus Scriblerus, 1741.</tr>
<ex>Une version allemande a paru en 1748 dans Neue Beitrage zum Vergnügen des Verstandes und Witzes. La version française est une traduction de ce texte allemand. Sur les écrivains qui ont collaboré à cet ouvrage, v. l’édition critique des Memoirs publiée en 1950 par C. Kerby-Miller, et en particulier les notes (pp. 297-99) sur le chapitre XIV, The Double Mistress. V. aussi 54.7 et 55.13.</ex>
<res>
<r_p>3e personne;</r_p>
<r_pl>cadre fantaisiste;</r_pl>
<r_c>intrigue burlesque: mariage du héros, Martinus Scriblerius, avec l’une des sœurs siamoises, Lindamire et Indomore;</r_c>
<r_s>ton satirique.</r_s>
</res>
</entry>
</document>

<document>
<entry>
<id>54.7</id>
<au>
<a>ARBUTHNOT, John. John GAY, Alexander POPE et d’autres</a>
<trd>trad. par ?</trd>
</au>
<s>ct</s>
<ti>Œuvres diverses de Pope, traduites de l’anglois. Nouvelle édition considérablement augmentée</ti>
<det>
<pl>Amsterdam &amp; Leipzig,</pl>
<pb>Arkstée et Merkus,</pb>
<y>1754,</y>
<f>6 t. in - 12</f>
</det>
<bib>BN Audra Rochedieu</bib>
<tr>T. III, 1 - 118, Mémoires de Martin Scribler. Trad. de Memoirs of the extraordinary Life, Works and Discoveries of Martinus Scriblerus, 1741. Cette traduction est faite sur le texte anglais de 1751,</tr>
<ex>édité par l’évêque William Warburton, qui a coupé l’épisode de la Double Maîtresse (v. 54.6) V. aussi 55.13</ex>
<res>
<r_p>3e personne;</r_p>
<r_pl>cadre fantaisiste;</r_pl>
<r_n>le docteur Cornélius Scriblerus, le chevalier Cutler, Crambe;</r_n>
<r_c>parodie des traités savants sous la forme d’une biographie.</r_c>
</res>
<ae>
<ae_ae>Autres éditions:</ae_ae>
<ae_se>
<ae_sep>-</ae_sep>
<ae_pl>Amsterdam &amp; Leipzig,</ae_pl>
<ae_pb>Arkstée et Merkus,</ae_pb>
<ae_y>1758,</ae_y>
<ae_f>7 t. t.IV</ae_f>
<ae_bib>(BMt, Audra, Rochedieu)</ae_bib>
<ae_sep>—</ae_sep>
<ae_pl>Vienne,</ae_pl>
<ae_pb>J.T. Trattner,</ae_pb>
<ae_y>1761,</ae_y>
<ae_f>7 t. in - 12,</ae_f>
<ae_p>t.IV</ae_p>
<ae_bib>(BMt, Audra, Rochedieu)</ae_bib>
<ae_sep>—</ae_sep>
<ae_pl>Amsterdam &amp; Leipzig,</ae_pl>
<ae_pb>Arkstée et Merkus,</ae_pb>
<ae_y>1763,</ae_y>
<ae_f>7 t. in - 8</ae_f>
<ae_bib>(BN, Audra, Rochedieu)</ae_bib>
<ae_ex>Edimbourg, 1 764,</ae_ex>
<ae_f>6 t. in - 8</ae_f>
<ae_bib>(Rochedieu)</ae_bib>
<ae_pl>Paris,</ae_pl>
<ae_pb>Saillant et Vincent,</ae_pb>
<ae_y>1767,</ae_y>
<ae_f>8 t. in - 12</ae_f>
<ae_bib>(Audra. Rochedieu)</ae_bib>
<ae_sep>—</ae_sep>
<ae_pl>Amsterdam &amp; Leipzig,</ae_pl>
<ae_pb>Arkstée et Merkus,</ae_pb>
<ae_y>1767,</ae_y>
<ae_f>8 t. in-12</ae_f>
<ae_bib>(BM, Audra, Rochedieu)</ae_bib>
<ae_ex>Œuvres complettes,</ae_ex>
<ae_pl>Paris,</ae_pl>
<ae_pb>veuve Duchesne,</ae_pb>
<ae_y>1779,</ae_y>
<ae_f>8 t. in - 8,</ae_f>
<ae_p>t.Vl</ae_p>
<ae_bib>(BM, BN, Audra, Rochedieu)</ae_bib>
<ae_pl>Paris,</ae_pl>
<ae_pb>Durand neveu,</ae_pb>
<ae_y>1780,</ae_y>
<ae_f>8 t. in - 8</ae_f>
<ae_bib>(Audra, Rochedieu)</ae_bib>
<ae_sep>-</ae_sep>
<ae_pl>Paris,</ae_pl>
<ae_pb>Devaux,</ae_pb>
<ae_y>1798,</ae_y>
<ae_f>8 t. in - 8</ae_f>
<ae_bib>(A, BN, Audra, Rochedieu)</ae_bib>
</ae_se>
</ae>
</entry>
</document>

<document>
<entry>
<id>54.8</id>
<au>
<a>ARCQ, Philippe-Auguste de Sainte-Foix, chevalier d’</a>
</au>
<ti>Le palais du silence, conte philosophique</ti>
<det>
<pl>Amsterdam,</pl>
<y>1754,</y>
<f>2 t. in - 12,</f>
<p>229, 270p.</p>
</det>
<bib>A BMt (sous ‘Cadmus’) BN AL 1754 II 205 -216; CorrL avril 1754; LQE XIII 351-2, 1754; Raynal avril 1754 Delcro Momet</bib>
<ex>D’après Q, Jones et Mornet, il y aurait eu une édition de 1744. C’est une erreur; Raynal dit: ‘M. le chevalier d’Arcq .. .vient de faire imprimer un roman...’. D’ailleurs l’ouvrage raconte une dispute entre Pythagore et Xenophon dans laquelle les contemporains ont reconnu la querelle de Voltaire et Maupertuis. Dans l’Avertissement on prétend que le conte est la traduction d’un ouvrage de Cadmus de Milet. Un extrait du conte parait iznsNBR, 4e année, 1801, I, 3-107.</ex>
<res>
<r_p>Ire personne;</r_p>
<r_pl>cadre grec fantaisiste;</r_pl>
<r_n>Iphis, Protas, Théone, Mezronime;</r_n>
<r_c>allégorie merveilleuse;</r_c>
<r_s>but moralisateur.</r_s>
</res>
<ae>
<ae_ae>Autre édition :</ae_ae>
<ae_se>
<ae_sep>—</ae_sep>
<ae_pl>Amsterdam,</ae_pl>
<ae_pb>Van Harrevelt,</ae_pb>
<ae_y>1755,2</ae_y>
<ae_f>t. in - 12</ae_f>
<ae_bib>(BNt)</ae_bib>
</ae_se>
</ae>
</entry>
</document>

<document>
<entry>
<id>54.9</id>
<au>
<a>ARCQ, Philippe-Auguste de Sainte-Foix, chevalier d’</a>
</au>
<ti>Le roman du jour, pour servir à l’histoire du siècle</ti>
<det>
<pl>Londres,</pl>
<y>1754,</y>
<f>2 part, in - 8,</f>
<p>185, 116p.</p>
</det>
<bib>A BMf BN AL 1754 III 321 -329; CorrL mai 1754; LV B Delcro Momet Q</bib>
<ex>Attribué aussi à Meusnier de Querlon.</ex>
<res>
<r_p>Ire personne;</r_p>
<r_pl>Paris;</r_pl>
<r_n>Mme de St. Farre, la comtesse de Liges le marquis de Sertac, un philosophe;</r_n>
<r_c>aventures galantes; après une jeunesse déréglée, le héros embrasse une vie vertueuse.</r_c>
</res>
<ae>
<ae_ae>Autre édition :</ae_ae>
<ae_se>
<ae_sep>-</ae_sep>
<ae_y>1755</ae_y>
<ae_bib>(Arras)</ae_bib>
</ae_se>
</ae>
</entry>
</document>

<document>
<entry>
<id>54.10</id>
<au>
<a>BARET, Paul</a>
</au>
<ti>Le grelot ou les &amp; c, &amp; c, &amp;c, ouvrage dédié à moi</ti>
<det>
<pl>Ici,</pl>
<pb>à présent,</pb>
<f>2 part, in - 12,</f>
<p>119, 114p.</p>
</det>
<bib>A BMj AL 1754 111 138- 144; CorrL juin 1754 B Dufrenoy Momet Q</bib>
<res>
<r_p>3e personne avec des commentaires de la part de ceux qui écoutent l’histoire (Financier,</r_p>
<r_pl>Abbé, Actrice); cadre oriental fantaisiste (= Paris);</r_pl>
<r_n>Choexa-Houhy, Aloës, Zoi’ra;</r_n>
<r_c>aventures galantes, voyages, éléments merveilleux et féeriques;</r_c>
<r_s>ton satirique. V. aussi 62.8.</r_s>
</res>
<ae>
<ae_ae>Autres éditions:</ae_ae>
<ae_se>
<ae_sep>-</ae_sep>
<ae_y>s.d. [1757?),</ae_y>
<ae_f>in- 16,</ae_f>
<ae_p>110, 105p.</ae_p>
<ae_bib>(BMf, BN,</ae_bib>
<ae_ex>Gay [1754] ).Cette édition comprend un catalogue des livres du libraire Van Harrevelt, d’Amsterdam; cette liste contient des ouvrages publiés jusqu’en en 1757, y compris une édition du Grelot (attribué à Mr. de Crébillon le Fils) Dour cette année.</ae_ex>
<ae_sep>—</ae_sep>
<ae_ti>Nouvelle édition, augmentée de l’Anti-grelot et suivie de Y Ivrogne, conte tragi-comique,</ae_ti>
<ae_pl>Partout,</ae_pl>
<ae_y>1762,</ae_y>
<ae_f>2 part. in-12</ae_f>
<ae_bib>(BN, B, Delcro, Gay, Q)</ae_bib>
<ae_sep>—</ae_sep>
<ae_pl>Londres,</ae_pl>
<ae_y>1781,</ae_y>
<ae_f>in-24,</ae_f>
<ae_p>250p.</ae_p>
<ae_bib>(BN, Gay)</ae_bib>
<ae_sep>-</ae_sep>
<ae_pl>Londres,</ae_pl>
<ae_y>1781,204p.</ae_y>
<ae_bib>(NN, OU)</ae_bib>
<ae_sep>—</ae_sep>
<ae_pl>Londres,</ae_pl>
<ae_y>1782</ae_y>
<ae_bib>(B,Gay)</ae_bib>
</ae_se>
</ae>
</entry>
</document>

<document>
<entry>
<id>54.11</id>
<au>
<a>BRANCAS-VILLENEUVE, André-François, abbé de</a>
</au>
<s>m</s>
<ti>Histoire ou police du royaume de Gala, traduite de l’italien en anglois et de l’anglois en françois</ti>
<det>
<pl>Londres,</pl>
<y>1754,</y>
<f>2 part, in - 12,</f>
<p>134, 51p.</p>
</det>
<bib>A BNt CorrL. oct. 1754; LV B Drujon Momet Q Streeter</bib>
<res>
<r_p>En marge: description du gouvernement d’un royaume imaginaire; aucune intrigue, pas de personnages;</r_p>
<r_c>ouvrage d’histoire inventée. La seconde partie (sans frontispice) est composée de Lettres pour servir de suite à l’histoire du royaume de Gala.</r_c>
</res>
</entry>
</document>

<document>
<entry>
<id>54.12</id>
<au>
<a>CLELAND, John</a>
<trd>trad. par Pierre-Antoine de LA PLACE 1</trd>
</au>
<ti>Les erreurs de l’amour-propre ou mémoires de mylord D***, imités de l’anglois par M. de La Place</ti>
<det>
<pl>Londres,</pl>
<pb>Nourse,</pb>
<y>1754,</y>
<f>3 part, in- 12,</f>
<p>191, 165, 228p.</p>
</det>
<bib>A BNt AL 1754 II 109-119; CorrL avril 1754; LV Cobb Delcro Mornet Q Rochedieu Streeter</bib>
<ex>CorrL et Streeter croient que c’est une traduction supposée; Delcro attribue l’original anglais à Sarah Fielding. La version française. Mémoires d’un fat, 1751, citée par Streeter et Rochedieu, semble être une erreur qui aurait ses origines dans une annonce du Journal britannique, où le titre de l’ouvrage anglais aurait été donné en français.</ex>
<tr>Trad. de Memorles ofa Coxcomb, 1751.</tr>
<ex>V. aussi 72.23.</ex>
<res>
<r_p>Ire personne;</r_p>
<r_pl>Angleterre;</r_pl>
<r_n>M. Selden, lady Bellinger. M. Willier, Lydia, mistriss Bernard;</r_n>
<r_c>aventures sentimentales,</r_c>
<r_s>intrigues de société.</r_s>
</res>
<ae>
<ae_ae>Autres éditions:</ae_ae>
<ae_se>
<ae_sep>—</ae_sep>
<ae_ti>Lydia ou mémoires de milord D...,</ae_ti>
<ae_pl>Londres &amp; Bruxelles,</ae_pl>
<ae_pb>J.L. Boubers,</ae_pb>
<ae_y>1772,</ae_y>
<ae_f>4 t. in-12</ae_f>
<ae_bib>(BN, Cobb, Rochedieu).</ae_bib>
<ae_ex>C’est une réédition avec une suite composée par La Place (v. 72.23). Cobb et Rochedieu donnent une autre édition en 1772, avec la mention ‘Bibliothèque de campagne’. En effet, notre édition</ae_ex>
<ae_ti>de 1772 constitue le tome V de la Bibliothèque de campagne,</ae_ti>
<ae_pl>Amsterdam &amp; Paris,</ae_pl>
<ae_pb>veuve Duchesne,</ae_pb>
<ae_y>1778,</ae_y>
<ae_f>24 t.</ae_f>
<ae_bib>(BNt).</ae_bib>
<ae_sep>—</ae_sep>
<ae_pl>Londres &amp; Bruxelles,</ae_pl>
<ae_y>1773,</ae_y>
<ae_f>4 t. in-8</ae_f>
<ae_bib>(Cobb, Rochedieu)</ae_bib>
<ae_sep>—</ae_sep>
<ae_ti>... par l’auteur de Tom Jonne (sic),</ae_ti>
<ae_pl>Londre,</ae_pl>
<ae_y>1773,</ae_y>
<ae_f>4 part, in-12</ae_f>
<ae_bib>(A, BMT)</ae_bib>
<ae_sep>—</ae_sep>
<ae_ti>Erreurs...,</ae_ti>
<ae_pl>Londres &amp; Paris,</ae_pl>
<ae_pb>Guillaume neveu,</ae_pb>
<ae_y>1776</ae_y>
<ae_bib>(CatH xliv 1776)</ae_bib>
<ae_sep>—</ae_sep>
<ae_ti>Erreurs....</ae_ti>
<ae_pl>La Haye,</ae_pl>
<ae_y>1779,</ae_y>
<ae_f>3 t. in-12</ae_f>
<ae_bib>(BN, Cobb, Rochedieu)</ae_bib>
<ae_sep>—</ae_sep>
<ae_ti>Lydia.... ds Collection de romans et contes imités de l’anglais... par M. de La Place, t. IV,</ae_ti>
<ae_pl>Paris,</ae_pl>
<ae_pb>Cussac,</ae_pb>
<ae_y>1788,</ae_y>
<ae_f>in-8</ae_f>
<ae_bib>(BN, Cobb, Rochedieu)</ae_bib>
</ae_se>
</ae>
</entry>
</document>

<document>
<entry>
<id>54.13</id>
<au>
<a>CREBILLON, Claude-Prosper Jolyot de</a>
</au>
<ti>Ah! quel conte! conte politique et astronomique</ti>
<det>
<pl>Bruxelles,</pl>
<pb>frères Vasse,</pb>
<y>1754,</y>
<f>8 part, in - 12,</f>
<p>210, 204. 143, 184, 192, 159,220, 229p.</p>
</det>
<bib>A BMt BNt AL 1754 VII 193-206; CorrL déc. 1754 etjanv. 1755; Raynal déc. 1754; LV Dufrenoy Gay</bib>
<ex>B, Gay, Qet d’autres bibliographies des œuvres de Crébillon fils citent une première édition de 1751. Cependant AL, CorrL et Raynal parlent tous d’un ouvrage nouveau. BUR, qui offre une analyse (avril 1788), donne également 1754 comme la date de la première édition.</ex>
<res>
<r_p>3e personne, interrompu par des conversations;</r_p>
<r_pl>cadre oriental fantaisiste;</r_pl>
<r_n>Schézaddin, Taciturne, la fée Toutou-rien;</r_n>
<r_c>aventures merveilleuses et galantes.</r_c>
</res>
<ae>
<ae_ae>Autres éditions:</ae_ae>
<ae_se>
<ae_sep>—</ae_sep>
<ae_ex>Nouvelle édition,</ae_ex>
<ae_y>1755,</ae_y>
<ae_f>in-8</ae_f>
<ae_bib>(BM, Gay)</ae_bib>
<ae_sep>—</ae_sep>
<ae_y>1764</ae_y>
<ae_bib>(Delcro, Gay, Q)</ae_bib>
<ae_sep>—</ae_sep>
<ae_ti>ds Collection complet te des oeuvres...,</ae_ti>
<ae_pl>Londres,</ae_pl>
<ae_y>1772,</ae_y>
<ae_f>7 t. in - 8</ae_f>
<ae_bib>(BMt, BN, t. III et VI seulement; LV, Q)</ae_bib>
<ae_sep>—</ae_sep>
<ae_ti>ds Collection complété...,</ae_ti>
<ae_pl>Londres,</ae_pl>
<ae_y>1777,</ae_y>
<ae_f>14 t. in - 12</ae_f>
<ae_bib>(BMt, BN, Delcro, Gay)</ae_bib>
<ae_sep>—</ae_sep>
<ae_ti>ds Collection...,</ae_ti>
<ae_pl>Londres,</ae_pl>
<ae_y>1779,</ae_y>
<ae_f>7 t. in - 12</ae_f>
<ae_bib>(BN, t. II, IV-VI1 seulement; DLC, Gay, Q)</ae_bib>
<ae_sep>—</ae_sep>
<ae_ti>ds Collection... nouvelle édition,</ae_ti>
<ae_pl>Londres,</ae_pl>
<ae_y>1779,</ae_y>
<ae_f>7 t.</ae_f>
<ae_bib>(DLC)</ae_bib>
<ae_sep>—</ae_sep>
<ae_ti>ds Œuvres complétés...,</ae_ti>
<ae_pl>Maestricht,</ae_pl>
<ae_pb>J.E. Dufour et P. Roux,</ae_pb>
<ae_y>1779,</ae_y>
<ae_f>11 t.</ae_f>
<ae_bib>(BN. B. Gay, Q)</ae_bib>
</ae_se>
</ae>
</entry>
</document>

<document>
<entry>
<id>54.14</id>
<au>
<a>DU HAUTCHAMP</a>
</au>
<ti>Histoire de Ruspia ou la belle Circassienne</ti>
<det>
<pl>Amsterdam,</pl>
<pb>Pierre Marteau,</pb>
<y>1754,</y>
<f>in - 12,</f>
<p>283p.</p>
</det>
<bib>At BN LV B Delcro Dufrenoy Gay Momet Q</bib>
<res>
<r_p>3e personne;</r_p>
<r_c>description des moeurs de différents pays; intrigue sentimentale: Ruspia épouse le vice-roi de Goa.</r_c>
</res>
</entry>
</document>

<document>
<entry>
<id>54.15</id>
<au>
<a>GELLERT, Christian Furchtegott</a>
<trd>trad. par Jean- ( Henri-Samuel FORMEY</trd>
</au>
<ti>La comtesse suédoise ou mémoires de madame de G***</ti>
<det>
<pl>Berlin,</pl>
<pb>la veuve Schütze,</pb>
<y>1754,</y>
<f>2 t. in - 12,</f>
<p>112, 113 - 268p.</p>
</det>
<bib>At BMt LV Gay Q</bib>
<tr>Trad. de Leben derschwedischen Grdfinn von G***, 1747-48.</tr>
<ex>V. aussi une autre traduction, 79.17.</ex>
<res>
<r_p>Ire personne avec quelques lettres et des récits Ire personne;</r_p>
<r_pl>Livonie, Suède, Hollande, Allemagne, Angleterre ...;</r_pl>
<r_n>le comte, le prince de S..., Caroline. Mariane;</r_n>
<r_c>aventures, voyages, malheurs.</r_c>
</res>
<ae>
<ae_ae>Autre édition:</ae_ae>
<ae_se>
<ae_sep>—</ae_sep>
<ae_pl>Berlin &amp; Stralsound,</ae_pl>
<ae_pb>G.A. Lange,</ae_pb>
<ae_y>1766,</ae_y>
<ae_f>2 part, in-8,</ae_f>
<ae_p>271p.</ae_p>
<ae_bib>(Lausannet, Gay, Q)</ae_bib>
</ae_se>
</ae>
</entry>
</document>

<document>
<entry>
<id>54.16</id>
<au>
<a>GIRONNET</a>
</au>
<ti>Carmentière ou les engagemens rompus par l’amour</ti>
<det>
<pl>Amsterdam,</pl>
<y>1754,</y>
<f>2 part, in - 12,</f>
<p>268, 192p.</p>
</det>
<bib>A BMt CorrL août 1754; LV B Delcro Gay Momet Q</bib>
<ex>Cet ouvrage, dans cette édition, constitue la première partie du t. XVI de la Bibliothèque de campagne, Amsterdam &amp; Paris, veuve Duchesne, 1778, 24 t. (BNt).</ex>
<res>
<r_p>Ire personne avec quelques lettres turques à la fin;</r_p>
<r_pl>province, Paris, Flandre, Tunis;</r_pl>
<r_n>Vincent (frère Théophile), le père Saturnin. Mme Goubaut, Rosalie, Zanure;</r_n>
<r_c>aventures galantes d’un moine, voyages.</r_c>
</res>
</entry>
</document>

<document>
<entry>
<id>54.17</id>
<au>
<a>HAYWOOD, Eliza</a>
<trd>trad. par le chevalier de FLEURI AC</trd>
</au>
<s>t</s>
<ti>L’étourdie ou histoire de Mis Betsi Tatless, traduite de l’anglois</ti>
<det>
<pl>Paris,</pl>
<pb>Prault l’ainé,</pb>
<y>1754,</y>
<f>4 part, in - 12,</f>
<p>186, 211, 212, 209p.</p>
</det>
<bib>A BNt LV B Gay Momet O Streeter Rochedieu</bib>
<tr>Trad. de The History of Miss Betsy Thoughtless, 1751.</tr>
<ex>BUR 1780, déc. offre une analyse de l’ouvrage.</ex>
<res>
<r_p>3e personne;</r_p>
<r_pl>Angleterre;</r_pl>
<r_n>miss Forward, Sharkish, le chevalier Ralph;</r_n>
<r_c>les imprudences d’une jeune fille, intrigues sentimentales;</r_c>
<r_s>ton comique, but moralisateur.</r_s>
</res>
<ae>
<ae_ae>Autres éditions:</ae_ae>
<ae_se>
<ae_sep>—</ae_sep>
<ae_pl>Berlin,</ae_pl>
<ae_y>1755,</ae_y>
<ae_f>2</ae_f>
<ae_bib>t.(Quaritch 242, Rochedieu)</ae_bib>
<ae_sep>-</ae_sep>
<ae_y>1756</ae_y>
<ae_bib>(catalogue Bordeaux, mais l’exemplaire manque)</ae_bib>
<ae_sep>-</ae_sep>
<ae_pl>Berlin,</ae_pl>
<ae_pb>Etienne de Bordeaux,</ae_pb>
<ae_y>1761,</ae_y>
<ae_f>2 t. in - 12</ae_f>
<ae_bib>(Clermont-Ferrand)</ae_bib>
<ae_sep>-</ae_sep>
<ae_ex>...nouvelle édition,</ae_ex>
<ae_y>1782,</ae_y>
<ae_f>3t. in-16</ae_f>
<ae_bib>(Beijers, Cat. juin 1972, Gay)</ae_bib>
<ae_sep>-</ae_sep>
<ae_pl>Londres</ae_pl>
<ae_pb>(Cazin),</ae_pb>
<ae_y>s.d. ,</ae_y>
<ae_f>3t. in-24</ae_f>
<ae_bib>(B)</ae_bib>
</ae_se>
</ae>
</entry>
</document>

<document>
<entry>
<id>54.18</id>
<au>
<a>HAYWOOD, Eliza</a>
<trd>trad. et contin. par Claude-Prosper Jolyot , de CREBILLON</trd>
</au>
<ti>Les heureux orphelins, histoire imitée de l’anglois</ti>
<det>
<pl>Bruxelles,</pl>
<pb>frères Vasse,</pb>
<y>1754,</y>
<f>4 part, in - 12,</f>
<p>viii + 170, 173, 160, 191p.</p>
</det>
<bib>A BNt AL 1754 III</bib>
<det>
<pl>Constantinople,</pl>
<pb>chez Ibrahim Muley,</pb>
<y>1754,</y>
<f>in-12.</f>
</det>
<bib>CorrL juillet 1754; Raynal juin et juillet 1754; LV B Delcro Gay Momet Q Rochedieu Streeter</bib>
<ex>La première partie est</ex>
<tr>trad. de The Fortunate Foundlings, 1754; le reste du roman est nouveau. Il est possible que la femme de Crébillon, Henrietta Maria Stafford Howard, ait contribué à l’ouvrage. V. John P. Kent, ‘Crébillon fils, Mrs. Eliza Hay wood and Les Heureux Orphelins: a problem of authorship’, Romance Notes, 11, 1969, pp. 326-332. L’ouvrage français a été traduit en anglais par Edward Kimber: The Happy Orphans, 1759.</tr>
<res>
<r_p>3e personne (Ire part.), récit Ire personne (2e part.), et lettres (3e et 4e pan.);</r_p>
<r_pl>Angleterre:</r_pl>
<r_n>le chevalier Rutland, Edouard, Lucie;</r_n>
<r_c>aventures sentimentales;</r_c>
<r_s>intrigues galantes dans les dernières parties.</r_s>
</res>
<ae>
<ae_ae>Autres éditions:</ae_ae>
<ae_se>
<ae_sep>-</ae_sep>
<ae_y>1755</ae_y>
<ae_bib>(Gay)</ae_bib>
<ae_ex>Pour les éditions des Œuvres de Crébillon, v. 54.13.</ae_ex>
</ae_se>
</ae>
</entry>
</document>

<document>
<entry>
<id>54.19</id>
<au>
<a>LANCELIN</a>
</au>
<ti>Histoire secrette du prophète des Turcs, traduite de l’arabe</ti>
<det>
<pl>Londres,</pl>
<y>1754,</y>
<f>2 part, in - 12,</f>
<p>149, 148p.</p>
</det>
<bib>274d At BMt AL 1754 IV 163 - 169; ConL juillet 1754 et fév. 1775 B Dufrenoy Gay Q</bib>
<ex>(Lancelin ou Lanselin) En 1754 Grimm parle d’une Vie de Mahomet; en 1775 il fait mention de VHistoire secrète. AL attribue l’ouvrage à Ancelin. Jones cite un roman par Anselin: Les amours de Mahomet, écrites par A iesha, une de ses femmes, 1750, mais ce n’est pas le même ouvrage que VHistoire secrète. Le titre cité par Gay pour 1761 (v. ci-dessous) pourrait être l’un ou l’autre, mais il ressemble plutôt a VHistoire secrète. Evidemment le problème de la paternité des deux ouvrages est loin d’être résolu.</ex>
<res>
<r_p>Ire personne;</r_p>
<r_pl>cadre</r_pl>
<r_n>oriental, puis la lune, Vénus, Mercure; Azah, Malek, Fatmé;</r_n>
<r_c>voyages, aventures galantes.</r_c>
</res>
<ae>
<ae_ae>Autres éditions:</ae_ae>
<ae_se>
<ae_sep>-</ae_sep>
<ae_ti>Aventures merveilleuses et galantes de Mahomet, histoire secrète traduite du persan,</ae_ti>
<ae_pl>La Mecque,</ae_pl>
<ae_y>1761,</ae_y>
<ae_f>in - 12</ae_f>
<ae_bib>(CH, Gay, Dufrenoy)</ae_bib>
<ae_sep>-</ae_sep>
<ae_ti>Histoires secrètes....,</ae_ti>
<ae_pl>Constantinople,</ae_pl>
<ae_pb>de l’imprimerie d’Ibrahïm Pacha,</ae_pb>
<ae_y>1000, 700, 60,</ae_y>
<ae_f>1 5 /1775/,2 part. in-12</ae_f>
<ae_bib>(At, BMt, LV, B, Delcro, Gay, Q)</ae_bib>
<ae_sep>-</ae_sep>
<ae_ti>Mémoires secrets et aventures galantes de Mahomet...,</ae_ti>
<ae_pl>Constantinople &amp; Paris,</ae_pl>
<ae_pb>J. Fr. Bastien,</ae_pb>
<ae_y>1781,2</ae_y>
<ae_f>part. ’ in - 12</ae_f>
<ae_bib>(BNt, Delcro, Gay)</ae_bib>
</ae_se>
</ae>
</entry>
</document>

<document>
<entry>
<id>54.20</id>
<au>
<a>LA PLACE, Pierre-Antoine de</a>
</au>
<ti>Thoms (sic) Kenbrook. histoire angloise traduite par M.D.L.P.</ti>
<det>
<pl>Londres,</pl>
<y>1754,</y>
<f>4 part, in-12,</f>
<p>xliv +115, 165, 147, 152p.</p>
</det>
<bib>A+ AL 1754 111 213; CorrL juin 1754; LV B Cobb Delcro Mornet Q</bib>
<ex>Streeter D’après AL, La Place a désavoué l’ouvrage. Traduction supposée.</ex>
<res>
<r_p>Ire personne avec récits intercalés Ire personne;</r_p>
<r_pl>Angleterre, Jamaïque;</r_pl>
<r_n>riches négociants, noblesse: Thoms Kenbrook, Léonice, le capitaine Wolmann. milady Warstatt;</r_n>
<r_c>aventures romanesques (Thoms se déguise en femme de chambre...), voyages en mer, intrigue sentimentale;</r_c>
<r_s>ton léger.</r_s>
</res>
<ae>
<ae_ae>Autre édition:</ae_ae>
<ae_se>
<ae_sep>-</ae_sep>
<ae_ti>Thoms Kenbrook ou l’enfant perdu ...,</ae_ti>
<ae_pl>Londres,</ae_pl>
<ae_y>1773,</ae_y>
<ae_f>2 part, in-12,</ae_f>
<ae_p>149.</ae_p>
<ae_bib>148p.(At, Momet, Streeter)</ae_bib>
</ae_se>
</ae>
</entry>
</document>

<document>
<entry>
<id>54.21</id>
<au>
<a>LA SOLLE, Henri-François de</a>
</au>
<ti>Mémoires de deux amis ou les aventures de messieurs Barniwal et Rinville, par M. Delasolle</ti>
<det>
<y>1168,</y>
<f>2 t. in- 12,</f>
<p>247, 232p.</p>
</det>
<bib>A BNt AL 1755 V 162 - 172; CorrL mars 1754 Delcro Gay Momet Q</bib>
<ex>A propos de cet ouvrage, v. J. Rustin, ‘Une “expérimentation libertine” dans le roman du XVIIIe siècle: l’épisode deTiamy dans les Mémoires de deux amis (de La Solle, 1754)’, Travaux de linguistique et de littérature..., IX, 2, 1971. I-IH, 14, Histoire de Barniwal:</ex>
<res>
<r_p>Ire personne;</r_p>
<r_pl>Londres;</r_pl>
<r_n>Dupont. M. Bazormill, Sophie;</r_n>
<r_c>aventures</r_c>
<r_st>galantes. 1/1, 15 - IV. Histoire</r_st>
<r_p>de Rinville: Ire personne;</r_p>
<r_pl>Rouen. Bordeaux, lie de Bourbon;</r_pl>
<r_n>M. Bergy, Victoire, Mme Mery, Tiamy;</r_n>
<r_c>aventures galantes, voyages.</r_c>
</res>
<ae>
<ae_ae>Autre édition:</ae_ae>
<ae_se>
<ae_sep>—</ae_sep>
<ae_ti>L’heureuse découverte et la cachette intéressante ou les aventures de messieurs Barniwal et Rinville ...,</ae_ti>
<ae_pl>Londres,</ae_pl>
<ae_y>1774,</ae_y>
<ae_f>2 part, in - 12</ae_f>
<ae_bib>(At, BN)</ae_bib>
<ae_ex>Autre édition</ae_ex>
<ae_ti>de l’épisode de Tiamy : Tiamy ou la cachette de mon oncle, histoire de quatre enfans du mystère et de leurs parens,</ae_ti>
<ae_pl>Paris,</ae_pl>
<ae_pb>Pigoreau,</ae_pb>
<ae_y>1800,</ae_y>
<ae_f>in-16,</ae_f>
<ae_p>156p.</ae_p>
<ae_bib>(BMt, JT 30 niv. VIII, Gay, Q)</ae_bib>
</ae_se>
</ae>
</entry>
</document>

<document>
<entry>
<id>54.22</id>
<au>
<a>LE CAMUS, Antoine</a>
</au>
<ti>Abdeker ou l’art de conserver la beauté L’an de l’hégyre</ti>
<det>
<pl>Londres,</pl>
<pb>Jean Nourse,</pb>
<y>1754,</y>
<f>2 part, in - 12,</f>
<p>288, 204p.</p>
</det>
<bib>BNt AL 1754 I 175 - 183 B Delcro Gay</bib>
<ex>0 B, Gay et Q parlent d’une édition de 1748, mais c’est probablement une erreur; l’ouvrage n’est pas cité par Jones en 1748. Gay cite aussi une édition de 1751 - 56. L’éditeur de l’abrégé d’Abdeker dans la BUR, juin 1777, parle d’une nouvelle édition préparée par Le Camus mais restée inédite jusqu’à sa mort en 1772. Ce manuscrit a dû être la base de l’édition augmentée de 1790 -91.</ex>
<res>
<r_p>3e personne;</r_p>
<r_pl>Constantinople;</r_pl>
<r_n>cour: le sultan Mahomet 11, Abdeker (médecin). Fatmé;</r_n>
<r_c>aventures romanesques entremêlées d’observations sur la beauté physique et la</r_c>
</res>
<ae>
<ae_se>
<ae_ex>médecine. J, 198 - 247 et H, 197 - 232: recettes pour des pommades, conseils de beauté. Autres éditions:</ae_ex>
<ae_sep>-</ae_sep>
<ae_pl>Paris,</ae_pl>
<ae_ex>l’an de l’hégyre 1168-70 [1754</ae_ex>
<ae_sep>-</ae_sep>
<ae_y>56),</ae_y>
<ae_f>4 t.</ae_f>
<ae_bib>(BNt)</ae_bib>
<ae_sep>-</ae_sep>
<ae_y>1756</ae_y>
<ae_bib>(B,Q)</ae_bib>
<ae_sep>-</ae_sep>
<ae_pl>Amsterdam,</ae_pl>
<ae_pb>les libraires associés,</ae_pb>
<ae_y>1774,</ae_y>
<ae_f>2 t.</ae_f>
<ae_bib>(BMf, BN)</ae_bib>
<ae_sep>-</ae_sep>
<ae_pl>Paris,</ae_pl>
<ae_y>1790-91,</ae_y>
<ae_f>4t. in-12</ae_f>
<ae_bib>(BMT, BN, B, Q).</ae_bib>
<ae_ex>Cette édition fait partie de la Bibliothèque universelle des dames (v. 85.R2).</ae_ex>
<ae_sep>-</ae_sep>
<ae_pl>Paris,</ae_pl>
<ae_pb>Ouvrier,</ae_pb>
<ae_f>[179814t. in-12</ae_f>
<ae_bib>(JP 6 brum. VII)</ae_bib>
</ae_se>
</ae>
</entry>
</document>

<document>
<entry>
<id>54.23</id>
<au>
<a>LEPRINCE DE BEAUMONT, madame Marie</a>
</au>
<ti>Civan, roi de Bungo, histoire japonnoise, par madame Le Pnnce de Beaumont, auteur du Magasin françois</ti>
<det>
<pl>Londres,</pl>
<pb>Jean Nourse,</pb>
<y>1754,</y>
<f>2 part, in - 12,</f>
<p>iv + 108, 112p.</p>
</det>
<bib>A BMf CorrL mars 1762; LV Delcro Dufrenoy Q Saint-Fargeau</bib>
<res>
<r_p>3e personne;</r_p>
<r_pl>Bungo (Japon);</r_pl>
<r_n>Asor, Dulica, Zeimoto, Méra;</r_n>
<r_c>un prince japonais est enlevé pour qu ’il puisse recevoir une meilleure éducation entre les mains d’une gouvernante européenne; intentions didactiques.</r_c>
</res>
<ae>
<ae_ae>Autres éditions:</ae_ae>
<ae_se>
<ae_ti>—... histoire japonnoise ou tableau de l’éducation d’un prince,</ae_ti>
<ae_y>1758</ae_y>
<ae_bib>(A, Momet, Q)</ae_bib>
<ae_sep>—</ae_sep>
<ae_y>1762</ae_y>
<ae_bib>(A, Mornet)</ae_bib>
</ae_se>
</ae>
</entry>
</document>

<document>
<entry>
<id>54.24</id>
<au>
<a>MAGNY, Jean-Baptiste-Michel</a>
</au>
<ti>Mémoires de Justine ou les confessions d’une fille du monde qui s’est retirée en province</ti>
<det>
<y>1754,</y>
<f>in - 12</f>
</det>
<bib>A BNt LV B Delcro Gay Momet Q</bib>
<res>
<r_p>Ire personne;</r_p>
<r_pl>province, Paris;</r_pl>
<r_n>Lucinde, Clairval, Thémidor, Justine;</r_n>
<r_c>aventures galantes;</r_c>
<r_s>roman libertin.</r_s>
</res>
</entry>
</document>

<document>
<entry>
<id>54.25</id>
<au>
<a>MARESCOT, Michel</a>
</au>
<s>*</s>
<ti>La folie de la nuit</ti>
<det>
<f>In - 4,</f>
<p>7p.</p>
</det>
<bib>B 0</bib>
<ex>Cf. 54.26</ex>
</entry>
</document>

<document>
<entry>
<id>54.26</id>
<au>
<a>MARESCOT, Michel</a>
</au>
<s>m</s>
<ti>La folie du jour ou la promenade des boulevards</ti>
<det>
<pl>Londres,</pl>
<pb>Jehan Nourse,</pb>
<y>1754,</y>
<f>2 part, in - 12,</f>
<p>210, 202p.</p>
</det>
<bib>BNt AL 1754 III 215 B Gay Q</bib>
<ex>Il n’y a pas de frontispice; nous reproduisons le titre de départ. Une note manuscrite de l’exemplaire de la BN donne la date de 1754.</ex>
<res>
<r_c>En marge: petite brochure où l’auteur raconte, à la Ire personne, sa promenade aux boulevards avec madame ***;</r_c>
<r_s>critique des moeurs.</r_s>
</res>
</entry>
</document>

<document>
<entry>
<id>54.27</id>
<au>
<a>MAUBERT DE GOUVEST, Jean-Henri</a>
</au>
<ti>L’ami de la fortune ou mémoires du marquis de S. A***</ti>
<det>
<pl>Lausanne,</pl>
<pb>Pierre-A. Vemey,</pb>
<y>1754,</y>
<f>in— 16,</f>
<p>xvi + 259p.</p>
</det>
<bib>A BNt CorrL juillet 1754; LV B Balmas Delcro Drujon Gay Q</bib>
<res>
<r_p>Ire personne;</r_p>
<r_pl>Paris;</r_pl>
<r_n>M. de S. A ***, Barjac, M. le Duc, te Cardinal;</r_n>
<r_c>intrigues politiques, éléments historiques.</r_c>
</res>
<ae>
<ae_ae>Autre édition :</ae_ae>
<ae_se>
<ae_sep>—</ae_sep>
<ae_ti>Mémoires historiques et politiques du marquis de St. A</ae_ti>
<ae_pl>***,</ae_pl>
<ae_y>1761</ae_y>
<ae_bib>(BN, B, Gay, Q)</ae_bib>
</ae_se>
</ae>
</entry>
</document>

<document>
<entry>
<id>54.27bis</id>
<au>
<a>MAUBERT DE GOUVEST, Jean-Henri</a>
</au>
<ti>L’école du gentilhomme ou entretiens de feu monsieur le chevalier de B*** avec le comte son neveu sur l’héroïsme et le héros</ti>
<det>
<pl>Lausanne,</pl>
<pb>Pierre A. Vemey,</pb>
<y>1754,</y>
<f>2 part, in 12,</f>
<p>135, 136-256p.</p>
</det>
<bib>DLCt B Balmas Q</bib>
<res>
<r_c>Douze entretiens, dont la plupart sont suivis d’un récit qui sert d’exemple: Histoire tartare, Anecdote persane, Histoire romaine. Histoire péruvienne, etc.</r_c>
</res>
<ae>
<ae_ae>Autre édition:</ae_ae>
<ae_se>
<ae_sep>—</ae_sep>
<ae_pl>La Haye,</ae_pl>
<ae_pb>H. Constapel,</ae_pb>
<ae_y>1761,</ae_y>
<ae_f>in-12,</ae_f>
<ae_p>viii + 237p.</ae_p>
<ae_bib>(BMt)</ae_bib>
</ae_se>
</ae>
</entry>
</document>

<document>
<entry>
<id>54.28</id>
<au>
<a>MAUBERT DE GOUVEST, Jean-Henri</a>
</au>
<ti>L’illustre païsan ou mémoires et avantures de Daniel Moginié, natif du village de Chezales au canton de</ti>
<res>
<r_c>Berne, bailliage de Moudon, mort à Agra le 22 de mai 1748, âgé de 39 ans; Om-rah de la I re classe. Commandant de la seconde garde mogole, grand portier du palais de l’empereur, et Gouverneur de Paln-geâb;</r_c>
<r_s>où se trouvent plusieurs particularités,</r_s>
</res>
<ti>anecdotes des dernières révolutions de la Perse ct de I’Indostan et du règne de Thamas-Kouli-Kan, écrit ct adressé par lui même à son frère François, son légataire.</ti>
<det>
<pl>La Haye,</pl>
<pb>aux dépens de la Compagnie,</pb>
<y>1754,</y>
<f>2 part, in-8,</f>
<p>vi + 118, 120p.</p>
</det>
<bib>A BMt AL 1755 IV 263- 276 B Balmas Delcro Dufrenoy Q</bib>
<res>
<r_c>par la marquise de M***; c’est une apologie des femmes, sans éléments romanesques. Lettres; un misogyne raconte ses aventures galantes et fait des réflexions sur les femmes;</r_c>
<r_s>analyse morale.</r_s>
</res>
<ae>
<ae_ae>Autres éditions:</ae_ae>
<ae_se>
<ae_sep>—</ae_sep>
<ae_pl>Londres,</ae_pl>
<ae_y>1754</ae_y>
<ae_bib>(B)</ae_bib>
<ae_sep>-</ae_sep>
<ae_pl>Francfort,</ae_pl>
<ae_y>1755</ae_y>
<ae_bib>(B)</ae_bib>
<ae_sep>—</ae_sep>
<ae_pl>Lausanne,</ae_pl>
<ae_y>1761</ae_y>
<ae_bib>(BM, BN, Dufrenoy)</ae_bib>
</ae_se>
</ae>
</entry>
</document>

<document>
<entry>
<id>54.29</id>
<au>
<a>MERAY, chevalier de</a>
</au>
<ti>Les femmes ou lettres du chevalier de K***** au marquis de ***</ti>
<det>
<pl>Paris,</pl>
<pb>Jorry,</pb>
<y>1754 (part. I - IV), 1755 (part. V -</y>
<f>VII), 7 part. in- 12,</f>
<p>160, 160, 143, 168, 168, 168, I47p.</p>
</det>
<bib>A BNt AL 1754 II 330 - 338; CorrL mai 1754; LQE XIII 332 - 338 avril 1754; Raynal avril 1754 B Delcro Gay Momet</bib>
<ti>Dans le cours de la même année parut un ouvrage anonyme: Lettres au chevalier de X***</ti>
<res>
<r_p>3e personne;</r_p>
<r_pl>Espagne;</r_pl>
<r_n>cour: don Rodrigue, Isabelle de Cordoue. Alphonse 1, Zulime;</r_n>
<r_c>aventures romanesques et militaires;</r_c>
<r_s>intrigues de cour; éléments historiques.</r_s>
</res>
</entry>
</document>

<document>
<entry>
<id>54.30</id>
<au>
<a>MOUHY, Charles de Fieux, chevalier de</a>
</au>
<ti>Mémoires du marquis de Bénavidès, dédiés à S.A.S. madame la duchesse d’Orléans, par M. le chevalier de Mouhy. de l’Académie de belles-lettres de Dijon</ti>
<det>
<pl>La Haye,</pl>
<y>1754,</y>
<f>in- 12,</f>
<p>322p.</p>
</det>
<bib>A BMT (raq. part. III et IV) BNt CorrL déc. 1754 Delcro Mornet Q</bib>
<res>
<r_p>3e personne avec récits intercalés ire personne;</r_p>
<r_pl>Indes, aux temps des Fées;</r_pl>
<r_n>Mahmoud, Nadir, Taher, Mirza;</r_n>
<r_c>intrigue sentimentale, aventures merveilleuses et guerrières, voyages.</r_c>
</res>
</entry>
</document>

<document>
<entry>
<id>54.31</id>
<au>
<a>SAURIN, Bernard-Joseph</a>
</au>
<ti>Mirza et Fatmé, conte indien traduit de l’arabe</ti>
<det>
<y>1754,</y>
<f>in - 16</f>
</det>
<bib>A BNt CorrL janv. 1754; LQE Xli, 345-353, déc. 1753 B Delcro Dufrenoy Gay Momet Q</bib>
<ex>cite une première édition de 1764, sans doute par erreur. Analyse dans NBR, 1799, t. IX, 121-152.54.31</ex>
<res>
<r_p>3e partie: Relation du voyage d’un sublunaire; ire personne avec des récits d’autres voyageurs;</r_p>
<r_c>Vénus, la lune; Philandron, plusieurs génies;</r_c>
<r_s>satire des lois et des moeurs européennes.</r_s>
</res>
<ae>
<ae_ae>Autre édition:</ae_ae>
<ae_se>
<ae_sep>—</ae_sep>
<ae_ti>ds Œuvres complétés de M. Saurin, t. Il,</ae_ti>
<ae_pl>Paris,</ae_pl>
<ae_pb>veuve Duchesne,</ae_pb>
<ae_y>1783,</ae_y>
<ae_f>in-8</ae_f>
<ae_bib>(BN)</ae_bib>
</ae_se>
</ae>
</entry>
</document>

<document>
<entry>
<id>54.32</id>
<au>
<a>SERENT, J.-R.</a>
</au>
<ti>Sébastien de * Bometin et Monzonine, histoire genevoise</ti>
<det>
<pl>Luneville,</pl>
<pb>au dépens de Chr. Hugene, à l’enseigne de Fontenelle,</pb>
<f>3 part, in - 16,</f>
<p>120, 144, 156p.</p>
</det>
<bib>Q</bib>
</entry>
</document>

<document>
<entry>
<id>54.33</id>
<au>
<a>TIPHAIGNE DE LA ROCHE, Charles-François</a>
</au>
<ti>n Amilec ou la graine d’hommes qui sert à peupler les planètes, par L’A. D. P***. Troisième édition, augmentée très considérablement</ti>
<det>
<pl>Londres &amp; Paris,</pl>
<pb>Hochereau l’aîné,</pb>
<y>1754,</y>
<f>5 part, in - 12,</f>
<p>153, 174, 176, 166, 169p.</p>
</det>
<bib>BMt Dnijon Gay Q</bib>
<ex>L’auteur a fait quelques additions et des changements d’ordre dans les incidents des deux premières parties; la troisième partie est entièrement nouvelle. Pour les autres éditions, v. 53.33.</ex>
<res>
<r_p>3e personne avec récits intercalés ire personne;</r_p>
<r_pl>province, Paris;</r_pl>
<r_n>le marquis d’Elcour, M. Rubarbin, Mlle de Ciare;</r_n>
<r_c>aventures romanesques.</r_c>
</res>
</entry>
</document>

<document>
<entry>
<id>54.34</id>
<au>
<a>VILLENEUVE, Gabrielle-Suzanne Barbot de</a>
</au>
<ti>Le juge prévenu, par madame de V***</ti>
<det>Londres &amp; Paris, Hochereau l’aîné, 1754, 5 part, in - 12, 153, 174, 176, 166, 169p.</det>
<bib>A BNf Raynal juillet 1754; LV B Delcro Momet Q</bib>
<res>3e personne avec récits intercalés ire personne; province, Paris; le marquis d’Elcour, M. Rubarbin, Mlle de Ciare; aventures romanesques.</res>
<ae>
<ae_ae>Autres éditions:</ae_ae>
<ae_se>
<ae_sep>-</ae_sep>
<ae_pl>Londres &amp; Paris,</ae_pl>
<ae_pb>J.F. Bassompierre,</ae_pb>
<ae_y>1764</ae_y>
<ae_bib>(BN)</ae_bib>
<ae_sep>—</ae_sep>
<ae_pl>Londres,</ae_pl>
<ae_y>1766,</ae_y>
<ae_f>2 t. in - 12</ae_f>
<ae_bib>(A)</ae_bib>
</ae_se>
</ae>
</entry>
</document>

</root>