<root>

<document>
<entry>
<id>58.1</id>
<ti>Conte phrygien, âne de Sylène</ti>
<det>
<pl>Lampedouse,</pl>
<pb>chez Marabou,</pb>
<y>1758,</y>
<f>in - 12,</f>
<p>153p.</p>
</det>
<bib>A BNt AL 1758 I 132-135; CorrL déc. 1757 Dufrenoy Gay Mornet</bib>
<res>
<r_st>Pp. 66-153, Le mari émancipé, comédie.</r_st>
<r_p>Ire personne;</r_p>
<r_pl>cadre antique: Grèce, Egypte;</r_pl>
<r_c>l’âne de Sylène ressuscite en Egypte où il est fils d’un ouvrier, puis à Chypre où il devient médecin... ;</r_c>
<r_s>ton satirique, réflexions philosophiques.</r_s>
</res>
</entry>
</document>

<document>
<entry>
<id>58.2</id>
<ti>Delphinie</ti>
<det>
<pl>A Kiansi,</pl>
<y>1758,</y>
<f>in - 12,</f>
<p>52p.</p>
</det>
<bib>A BNt AL 1758 VII 167-169; AT 1760(1758); CorrL nov. 1758; LV Dufrenoy Mornet</bib>
<res>
<r_p>3e personne;</r_p>
<r_pl>cadre rural, pays imaginaire;</r_pl>
<r_n>cour: Delphinie, Parthemon, le Prince;</r_n>
<r_c>sensibilité, vertu.</r_c>
</res>
</entry>
</document>

<document>
<entry>
<id>58.3</id>
<ti>Les frivolités galantes</ti>
<det>
<pl>La Haye,</pl>
<y>1758,</y>
<f>in-12,</f>
<p>67p.</p>
</det>
<bib>At Gay</bib>
<res>
<r_st>Pp. 1-31, morceaux devers. Pp. 32-67, Fragment d’un vieux manuscrit gaulois, trouvé dans les ruines d’Amathonte.</r_st>
</res>
</entry>
</document>

<document>
<entry>
<id>58.4</id>
<ti>Histoire de Julie Rollin et</ti>
<det>
<pl>Bauche,</pl>
<y>1758</y>
</det>
<bib>Dufrenoy Mornet</bib>
<ex>Tous nos renseignements proviennent de la BUR, 1781 nov., pp. 167-189. Sans les noms d’éditeurs, on croirait qu’il s’agit d’un récit publié dans un ouvrage périodique.</ex>
<res>
<r_p>Ire personne;</r_p>
<r_pl>le sérail;</r_pl>
<r_n>Julie, le sultan Bajazet;</r_n>
<r_c>intrigue sentimentale;</r_c>
<r_s>sensibilité.</r_s>
</res>
</entry>
</document>

<document>
<entry>
<id>58.5</id>
<au>
<a>ABBES DE CABREROLES, d’</a>
</au>
<ti>Voyage dans les espaces</ti>
<det>
<pl>Londres,</pl>
<y>1758,</y>
<f>in - 12,</f>
<p>30p.</p>
</det>
<bib>BNt AL 1758 VII 308-310; CorrL avril 1759 B Delcro Q</bib>
<res>
<r_p>Ire personne, songe;</r_p>
<r_c>voyage imaginaire; description de l’Hôtel des auteurs françois, critique littéraire;</r_c>
<r_s>ton satirique.</r_s>
</res>
</entry>
</document>

<document>
<entry>
<id>58.6</id>
<au>
<a>ALGAROTTI, comte Francesco</a>
<trd>trad. par Mlle de MENON nt L’assemblée de</trd>
</au>
<ti>Cythère de monsieur Algarotti, traduit de l’italien en françois</ti>
<det>
<y>1758,</y>
<f>in-8,</f>
<p>68p.</p>
</det>
<bib>At AL 1758 V 251-257; AT 1760 (1758); CorrL juillet 1758 B Blanc Gay Q</bib>
<ex>C’est Q qui attribue la traduction à Mlle de Menon. Une traduction par J. Duport du Tertre avait déjà paru en 1749. L’ouvrage a été traduit ensuite par Belletier (v. 72.9), par B.-P. Maciet (v. 82.11), par un traducteur anonyme (v. 77.7), et par Laus de Boissy (v. 89.27).</ex>
<tr>Trad. de II Congresso di Citera, 1746.</tr>
<res>
<r_st>Pp. 57-68, Lettre de Leonce à Erotique, son fils.</r_st>
<r_p>3e personne;</r_p>
<r_pl>cadre mythologique;</r_pl>
<r_n>Amour, Espérance, madame de Jasi, milord Graveli;</r_n>
<r_c>allégorie de l’amour.</r_c>
</res>
<ae>
<ae_ae>Autre édition:</ae_ae>
<ae_se>
<ae_sep>—</ae_sep>
<ae_ti>ds Les soirées d’hiver,</ae_ti>
<ae_y>1771</ae_y>
<ae_ex>(v. 71.13)</ae_ex>
</ae_se>
</ae>
</entry>
</document>

<document>
<entry>
<id>58.7</id>
<au>
<a>BASTIDE, Jean-François de</a>
</au>
<ti>Les aventures de Victoire Ponty</ti>
<det>
<pl>Amsterdam &amp; Paris,</pl>
<pb>Rollin, Bauche,</pb>
<y>1758,</y>
<f>2 part, in-12,</f>
<p>122. 96p.</p>
</det>
<bib>A BMt AL 1758 VIII 3-14; AT 1760 (1758); CorrL janv. 1759; LV B Delcro Gay Momet Q</bib>
<res>
<r_p>3e personne;</r_p>
<r_pl>province, Paris;</r_pl>
<r_n>Montluison, la marquise de Montliermine, le baron de Montford;</r_n>
<r_c>intrigues sentimentales;</r_c>
<r_s>sensibilité, vertu.</r_s>
</res>
<ae>
<ae_ae>Autres éditions:</ae_ae>
<ae_se>
<ae_sep>-</ae_sep>
<ae_ti>ds Supplément à la bibliothèque de campagne, t.III,</ae_ti>
<ae_y>1761</ae_y>
<ae_ex>(v. 61.R5)</ae_ex>
<ae_sep>-</ae_sep>
<ae_ti>ds Bibliothèque de campagne, t.XX,</ae_ti>
<ae_y>1766</ae_y>
<ae_ex>(v. 66.R2)</ae_ex>
<ae_sep>-</ae_sep>
<ae_ti>ds BUR,</ae_ti>
<ae_y>1781</ae_y>
<ae_f>déc.,</ae_f>
<ae_p>pp. 87-225</ae_p>
<ae_bib>(BMt).</ae_bib>
<ae_ex>Exceptionnellement, la BUR fournit le texte intégral.</ae_ex>
</ae_se>
</ae>
</entry>
</document>

<document>
<entry>
<id>58.8</id>
<au>
<a>BENOUVILLE, madame de</a>
</au>
<ti>Les pensées errantes, avec quelques lettres d’un Indien par Madame de •••</ti>
<det>
<pl>Londres &amp; Paris,</pl>
<pb>Hardy,</pb>
<y>1758,</y>
<f>in - 12,</f>
<p>334p.</p>
</det>
<bib>BMt BN AL 1758 IV 209-216; CorrL juillet 1758 B Dufrenoy Mornet Q</bib>
<ex>La Préface, pp. 1 -213, consiste en des Notes pour l’ouvrage qui doit suivre, mais il se trouve que cet ouvrage n’est pas achevé. Ces Notes comportent deux anecdotes.</ex>
<res>
<r_st>Pp. 214-334, Lettres d’un Indien, histoire inachevée. Pp. 89-100, Histoire de Mérida; pp. 100-108, Histoire de Dalan; intrigues sentimentales. Lettres d’un Indien: Zurac, qui écrit les lettres, est converti après de longs débats au christianisme; mais quelques aspects de son nouveau culte (l’Inquisition etc.) l’inquiètent.</r_st>
</res>
<ae>
<ae_ae>Autre édition:</ae_ae>
<ae_se>
<ae_sep>-</ae_sep>
<ae_pl>Londres &amp; Paris,</ae_pl>
<ae_pb>Hardy,</ae_pb>
<ae_y>1758,</ae_y>
<ae_f>in-24,</ae_f>
<ae_p>243p.</ae_p>
<ae_bib>(ICN, MH)</ae_bib>
</ae_se>
</ae>
</entry>
</document>

<document>
<entry>
<id>58.9</id>
<au>
<a>CARNÉ, de</a>
</au>
<ti>L’univers perdu et reconquis par l’amour, suivi d’Iphis et Amarante ou l’amour vengé</ti>
<det>
<pl>Amsterdam,</pl>
<y>1758,</y>
<f>in-8,</f>
<p>xviii+ 132p.</p>
</det>
<bib>A BNt AL 1758 IV 257-263; ComL nov. 1758 B Delcro Gay Momet Q</bib>
<res>
<r_p>Ire personne (mais le narrateur raconte souvent à la 3e personne);</r_p>
<r_pl>cadre grec, Paphos;</r_pl>
<r_n>Vénus, Aminte, Léandre, Méline;</r_n>
<r_c>prose poétique.</r_c>
</res>
<ae>
<ae_ae>Autre édition:</ae_ae>
<ae_se>
<ae_sep>-</ae_sep>
<ae_y>1786,</ae_y>
<ae_f>in-8</ae_f>
<ae_bib>(BN,Gay)</ae_bib>
</ae_se>
</ae>
</entry>
</document>

<document>
<entry>
<id>58.10</id>
<au>
<a>EPINAY, Louise-Florence-Pétronille Tardieu d’Esclavelles, m marquise d’</a>
</au>
<ti>Lettres à mon fils</ti>
<det>
<pl>Genève,</pl>
<y>1758,</y>
<f>in - 8</f>
</det>
<bib>Q Saint-Fargeau</bib>
<ex>Selon l’Introduction de l’édition des Œuvres de 1869, la première édition ne comportait qu’un nombre très restreint d’exemplaires.</ex>
<res>
<r_c>En marge: lettres sur l’éducation; mais la 3e lettre renferme un conte moral sur l’entêtement (James et Williams cherchent la fortune à Londres).</r_c>
</res>
<ae>
<ae_ae>Autres éditions:</ae_ae>
<ae_se>
<ae_sep>-</ae_sep>
<ae_pl>Genève,</ae_pl>
<ae_pb>de mon imprimerie,</ae_pb>
<ae_y>1759,</ae_y>
<ae_f>in - 8,</ae_f>
<ae_p>193p.</ae_p>
<ae_bib>(BNt, Q)</ae_bib>
<ae_sep>—</ae_sep>
<ae_pl>Genève,</ae_pl>
<ae_pb>de mon imprimerie,</ae_pb>
<ae_y>1759,</ae_y>
<ae_f>3 part, in - 8,</ae_f>
<ae_p>3+ 178p.</ae_p>
<ae_bib>(MH)</ae_bib>
</ae_se>
</ae>
</entry>
</document>

<document>
<entry>
<id>58.11</id>
<au>
<a>EPINAY, Louise-Florence-Pétronille Tardieu d’Esclavelles, m marquise d’</a>
</au>
<ti>Mes moments heureux Genève, de mon</ti>
<det>
<pl>imprimerie,</pl>
<y>1758,</y>
<p>viii + 198p.</p>
</det>
<bib>BMt BNt B Gay Q</bib>
<ex>Edition tirée à 25 exemplaires seulement.</ex>
<res>
<r_st>En marge: lettres, portraits, poésies; mais pp. 7-12, Les illusions, petit conte sur les amours pastorales de Daphnis et Corisandre.</r_st>
</res>
<ae>
<ae_ae>Autre édition:</ae_ae>
<ae_se>
<ae_sep>—</ae_sep>
<ae_y>1759,</ae_y>
<ae_f>in - 8,</ae_f>
<ae_p>viii + 224p.</ae_p>
<ae_bib>(BN, B, Gay, Q)</ae_bib>
</ae_se>
</ae>
</entry>
</document>

<document>
<entry>
<id>58.12</id>
<au>
<a>FA LQUES, Marianne-Agnès</a>
</au>
<ti>La dernière guerre des bêtes, fable pour servir à l’histoire du XVIIIe siècle, par l’auteur d’Abassaï</ti>
<det>
<pl>Londres,</pl>
<pb>C.G. Seyffert,</pb>
<y>1758,</y>
<f>2 part, in - 12,</f>
<p>218p.</p>
</det>
<bib>A BMt BN B Delcro Dufrenoy Momet Q</bib>
<ex>L’autre édition de 1758, en 94p., offre, au verso de la page de titre, une Clef qui explique que le Lion représente le Français, etc.</ex>
<res>
<r_p>3e personne;</r_p>
<r_c>cadre fantaisiste: conte allégorique concernant les problèmes politiques de l’Europe.</r_c>
</res>
<ae>
<ae_ae>Autre édition:</ae_ae>
<ae_se>
<ae_sep>-</ae_sep>
<ae_pl>Londres,</ae_pl>
<ae_pb>C.G. Seyffert,</ae_pb>
<ae_y>1758,</ae_y>
<ae_f>2 part, in - 8,</ae_f>
<ae_p>94p.</ae_p>
<ae_bib>(BMt, BN)</ae_bib>
</ae_se>
</ae>
</entry>
</document>

<document>
<entry>
<id>58.13</id>
<au>
<a>J ACQUIN, abbé Armand-Pierre</a>
</au>
<ti>Lettres parisiennes sur le désir d’être heureux</ti>
<det>
<pl>Genève &amp; Paris,</pl>
<pb>Duchesne,</pb>
<y>1758,</y>
<f>2 part, in - 8,</f>
<p>240, 207p.</p>
</det>
<bib>A BMt BNt AL 1759 II 84-93; AT 1760(1758) B Momet Q</bib>
<ex>Momet attribue l’ouvrage au chevalier de Mouhy. Cet ouvrage, dans cette édition, constitue la deuxième partie du t. XVII de la Bibliothèque de campagne. Amsterdam &amp; Paris, veuve Duchesne, 1778, 24 t. (BNt)</ex>
<res>
<r_p>Lettres;</r_p>
<r_pl>Paris;</r_pl>
<r_n>Mlle de Itougeon, Hortense, Barvillc;</r_n>
<r_c>aventures sentimentales;</r_c>
<r_s>réflexions morales.</r_s>
</res>
<ae>
<ae_ae>Autres éditions:</ae_ae>
<ae_se>
<ae_sep>-</ae_sep>
<ae_pl>Francfort &amp; Leipsig,</ae_pl>
<ae_y>1759,</ae_y>
<ae_f>2 part.</ae_f>
<ae_bib>(NIC)</ae_bib>
<ae_sep>-</ae_sep>
<ae_y>1761</ae_y>
<ae_bib>(B, Q)</ae_bib>
</ae_se>
</ae>
</entry>
</document>

<document>
<entry>
<id>58.14</id>
<au>
<a>JOLICART •</a>
</au>
<ti>Le faux heureux détrompé ou l’impie fortuné devenu malheureux, par un chanoine régulier de Saint-Augustin</ti>
<det>
<pl>Bruxelles,</pl>
<y>1758,</y>
<f>in - 12</f>
</det>
<bib>B</bib>
</entry>
</document>

<document>
<entry>
<id>58.15</id>
<au>
<a>LAMBERG, Maximilien, Graf von</a>
</au>
<ti>Mes fragments</ti>
<det>
<pl>Londres,</pl>
<y>1758,</y>
<f>in - 12,</f>
<p>128p.</p>
</det>
<bib>At Momet Q</bib>
<res>
<r_c>Lettres et réflexions, pseudo-traduction d’un vieux manuscrit écossais; Bazine (Pieté), Richer (chrétien); intrigue amoureuse;</r_c>
<r_s>réflexions philosophiques, sensibilité.</r_s>
</res>
<ae>
<ae_ae>Autre édition:</ae_ae>
<ae_se>
<ae_sep>—</ae_sep>
<ae_ti>ds Mémorial d’un mondain, t.II,</ae_ti>
<ae_pl>Londres,</ae_pl>
<ae_y>1776,</ae_y>
<ae_p>2t.,206. 227p.</ae_p>
<ae_bib>(A, BM, BN, B, Gay, Mars Lamberg, Q)</ae_bib>
</ae_se>
</ae>
</entry>
</document>

<document>
<entry>
<id>58.16</id>
<au>
<a>LEPRINCE DE BEAUMONT, madame Marie •</a>
</au>
<ti>Anecdotes du XlVe siècle, pour servir à l’histoire des femmes illustres de ce temps</ti>
<det>
<pl>Londres,</pl>
<y>1758,</y>
<f>in-12</f>
</det>
<bib>Momet Q</bib>
<ex>Q donne 1758 ou 1759, d’où sans doute l’édition de 1759 citée par Mornet.</ex>
</entry>
</document>

<document>
<entry>
<id>58.17</id>
<au>
<a>RICCOBONI, Marie-Jeanne Laboras de Mézières, madame</a>
</au>
<ti>Histoire de M. le marquis de Cressy, traduite de l’anglois par Madame de ***</ti>
<det>
<pl>Amsterdam,</pl>
<y>1758,</y>
<f>in- 12,</f>
<p>176p.</p>
</det>
<bib>A BMt BNt AL 1758 IV 121-128; CorrL janv. 1758 et juin 1764; LV B Crosby Delcro Gay Mornet Q Streeter (trad. supposée)</bib>
<ex>NBR Ire année XV (1799), pp. 154-236, offre un abrégé.</ex>
<res>
<r_p>3e personne;</r_p>
<r_pl>France;</r_pl>
<r_n>le marquis de Cressy, la comtesse de Raisel, Adélaïde de Bugei;</r_n>
<r_c>intrigue sentimentale;</r_c>
<r_s>analyse des sentiments, mélancolie.</r_s>
</res>
<ae>
<ae_ae>Autres éditions:</ae_ae>
<ae_se>
<ae_sep>-</ae_sep>
<ae_pl>Amsterdam &amp; Paris,</ae_pl>
<ae_pb>Humblot,</ae_pb>
<ae_y>1758,</ae_y>
<ae_f>in-12</ae_f>
<ae_bib>(citéepar Crosby comme la première édition)</ae_bib>
<ae_sep>-</ae_sep>
<ae_pl>Amsterdam,</ae_pl>
<ae_y>1758,</ae_y>
<ae_f>in - 12,</ae_f>
<ae_p>176 + 3p.</ae_p>
<ae_bib>(BN, Crosby)</ae_bib>
<ae_sep>-</ae_sep>
<ae_pl>Amsterdam,</ae_pl>
<ae_y>1</ae_y>
<ae_f>758, in-18</ae_f>
<ae_bib>(Crosby)</ae_bib>
<ae_sep>—</ae_sep>
<ae_ti>... par Mme Riccoboni,</ae_ti>
<ae_pl>Amsterdam &amp; Paris,</ae_pl>
<ae_pb>Humblot,</ae_pb>
<ae_y>1766,</ae_y>
<ae_f>in - 12,</ae_f>
<ae_p>192p.</ae_p>
<ae_bib>(A, BMt, BN, Crosby)</ae_bib>
<ae_sep>—</ae_sep>
<ae_y>1772,</ae_y>
<ae_f>in - 12,</ae_f>
<ae_p>146p.</ae_p>
<ae_bib>(BN, Crosby)</ae_bib>
<ae_sep>—</ae_sep>
<ae_ti>ds Collection des meilleurs ouvrages de la langue française,</ae_ti>
<ae_pl>Paris,</ae_pl>
<ae_pb>Didot l’aîné,</ae_pb>
<ae_y>1814, t.II</ae_y>
<ae_bib>(Crosby, Q)</ae_bib>
<ae_sep>-</ae_sep>
<ae_pl>Paris,</ae_pl>
<ae_pb>Dauthereau,</ae_pb>
<ae_y>1829,</ae_y>
<ae_f>in - 32</ae_f>
<ae_bib>(BN)</ae_bib>
<ae_ex>Pour les éditions des Œuvres complètes de madame Riccoboni, v. 57.12.</ae_ex>
</ae_se>
</ae>
</entry>
</document>

<document>
<entry>
<id>58.18</id>
<au>
<a>ROUSSEAU, Jean-Jacques</a>
</au>
<ti>La reine Fantasque, conte cacouac, par Mr R.C. de G.</ti>
<det>
<y>1758,</y>
<f>in-12,</f>
<p>30p.</p>
</det>
<bib>Dufour Senelier</bib>
<ex>Le mot ‘cacouac’ indique assez clairement que cette édition a été publiée sans la connaissance de Rousseau. On a sans doute utilisé une des copies manuscrites qui circulaient. Le Journal encyclopédique, I5juin 1758, pp. I 10-119, donne un compte rendu avec des extraits.</ex>
<res>
<r_p>3e personne;</r_p>
<r_pl>cadre fantaisiste;</r_pl>
<r_n>le roi Phénix, la reine Fantasque, la fée Discrette;</r_n>
<r_c>conte de fées légèrement satirique.</r_c>
</res>
<ae>
<ae_ae>Autres éditions:</ae_ae>
<ae_se>
<ae_sep>-</ae_sep>
<ae_pl>Berlin,</ae_pl>
<ae_y>1766,</ae_y>
<ae_p>34p.</ae_p>
<ae_bib>(CLSU)</ae_bib>
<ae_sep>-</ae_sep>
<ae_ti>dsŒuvres, t.III,</ae_ti>
<ae_pl>Amsterdam,</ae_pl>
<ae_pb>M.-M. Rey,</ae_pb>
<ae_y>1769,</ae_y>
<ae_f>11 t. in-8</ae_f>
<ae_bib>(BN, Dufour)</ae_bib>
<ae_sep>-</ae_sep>
<ae_ti>La reine Fantasque, conte par Jean-Jacques Rousseau, citoyen de Genève.. .,</ae_ti>
<ae_pl>Londres,</ae_pl>
<ae_pb>Porphyre,</ae_pb>
<ae_y>1762 ( 1772],</ae_y>
<ae_f>in - 8,</ae_f>
<ae_p>72p.</ae_p>
<ae_bib>(BMt, BN, Senelier, Dufour).</ae_bib>
<ae_ex>Quelques indications internes, notamment la mention de ‘la belle édition de Hollande’—celle de 1769—rendent la date de 1762 impossible. Nous acceptons la date de 1772 suggérée par Dufour.</ae_ex>
<ae_sep>-</ae_sep>
<ae_ti>ds Œuvres diverses, t. V,</ae_ti>
<ae_pl>Paris,</ae_pl>
<ae_pb>veuve Duchesne,</ae_pb>
<ae_y>1779</ae_y>
<ae_bib>(Dufour, Senelier).</ae_bib>
<ae_ex>Senelier donne simplement un tirage s.d.</ae_ex>
<ae_sep>-</ae_sep>
<ae_ti>ds Cabinet des fées, t.XXVI,</ae_ti>
<ae_y>1785-89</ae_y>
<ae_ex>(v. 85.R4)</ae_ex>
<ae_sep>-</ae_sep>
<ae_ti>ds Collection des meilleurs ouvrages de la langue française,</ae_ti>
<ae_pl>Paris,</ae_pl>
<ae_y>1827</ae_y>
<ae_bib>(BN)</ae_bib>
<ae_ex>A partir de 1772, il semble que ce conte fait partie de toutes les éditions des Œuvres de Rousseau, d’habitude sous la rubrique Mélanges. Pour la liste de ces éditions, v. Julie ou la nouvelle Hétoise, 61.18.</ae_ex>
</ae_se>
</ae>
</entry>
</document>

<document>
<entry>
<id>58.19</id>
<au>
<a>SANDRAS DE COURTILZ, Catien de</a>
</au>
<ti>Mémoires de monsieur de Bordeaux, intendant des finances, par M. G.D.C.</ti>
<det>
<pl>Amsterdam,</pl>
<pb>aux dépens de la Compagnie,</pb>
<y>1758,</y>
<f>4 t. in -12,</f>
<p>400, 414, 431, 475p.</p>
</det>
<bib>BMt BNt B Wood bridge</bib>
<res>
<r_p>Ire personne;</r_p>
<r_pl>France;</r_pl>
<r_n>personnages historiques, Mazarin... ;</r_n>
<r_c>intrigues politiques.</r_c>
</res>
<ae>
<ae_ae>Autre édition:</ae_ae>
<ae_se>
<ae_sep>-</ae_sep>
<ae_pl>Paris,</ae_pl>
<ae_pb>Nyon,</ae_pb>
<ae_y>1758,</ae_y>
<ae_f>4 t. in - 12</ae_f>
<ae_bib>(MH)</ae_bib>
</ae_se>
</ae>
</entry>
</document>

<document>
<entry>
<id>58.20</id>
<au>
<a>TALLEMAND, abbé</a>
</au>
<ti>Mémoires de Schach-Tamas II, empereur de Perse, écrits par lui-même &amp; adressés à son fils</ti>
<det>
<pl>Paris,</pl>
<pb>veuve Bordelet,</pb>
<y>1758,</y>
<f>2 t. in - 12,</f>
<p>viii + 464, 544p.</p>
</det>
<bib>At BNt AL 1758 1 121-132; AT 1760 (1758); CorrL janv. 1758 Q</bib>
<res>
<r_p>Ire personne;</r_p>
<r_pl>Perse;</r_pl>
<r_c>intrigues de cour;</r_c>
<r_s>réflexions, intentions moralisatrices.</r_s>
</res>
</entry>
</document>

<document>
<entry>
<id>58.21</id>
<au>
<a>TASSONI, Alessandro</a>
<trd>trad. par de CEDORS</trd>
</au>
<s>mt</s>
<ti>Le seau enlevé, poeme heroï-satiro-comique, nouvellement traduit de l’italien de Tassoni</ti>
<det>
<pl>Paris,</pl>
<pb>Pierre-Alexandre Le Prieur,</pb>
<y>1759 (Ire part.)— 1758 (2e et</y>
<f>3e part.), 3 t. in - 12,</f>
<p>289, 274, 243p.</p>
</det>
<bib>BMt BN AL 1759 I</bib>
<tr>73-102 Blanc Une autre traduction en prose, par P. Perrault, avait paru en 1678. Auguste Creuzé de Lesser a publié une traduction en vers en 1796. Trad. de La secchia rapita, 1622.</tr>
<res>
<r_p>En marge: 3e personne;</r_p>
<r_pl>Boiogna, Modena;</r_pl>
<r_c>guerre entre deux villes, dont l’une enlève un seau à l’autre;</r_c>
<r_s>épopée burlesque.</r_s>
</res>
</entry>
</document>

</root>