<root>

<document>
<entry>
<id>61.1</id>
<ti>La brunette ou avantures d’une demoiselle</ti>
<det>
<pl>Amsterdam,</pl>
<y>1761,</y>
<f>in-8,</f>
<p>96p.</p>
</det>
<bib>A|</bib>
<ex>Le deuxième récit est fondé sur un épisode des Memoirs ofa Woman of Pleasure de Cleland (v. 51.17). La brunette:</ex>
<res>
<r_p>Ire personne;</r_p>
<r_pl>Paris;</r_pl>
<r_n>Pierrot, monsieur et madame Tranche-Montagne, madame Florence;</r_n>
<r_c>aventures pornographiques. La fille sans feintise:</r_c>
<r_p>Ire personne;</r_p>
<r_pl>Angleterre;</r_pl>
<r_n>Francis N., Esther Davis, madame Brown, Polly;</r_n>
<r_c>aventures de prostituées.</r_c>
</res>
</entry>
</document>

<document>
<entry>
<id>61.2</id>
<ti>Les Capucins sans barbe, histoire napolitaine arrivée en</ti>
<det>
<y>1761</y>
<f>In-8,</f>
<p>63p.</p>
</det>
<bib>BMt CorrL sept. 1761 Gay</bib>
<res>
<r_p>3e personne;</r_p>
<r_pl>Naples;</r_pl>
<r_n>D’Alberont, Lisette, Chariot;</r_n>
<r_c>satire des Capucins.</r_c>
</res>
<ae>
<ae_ae>Autres éditions:</ae_ae>
<ae_se>
<ae_sep>-</ae_sep>
<ae_ti>Les capucins sans barbe, histoire napolitaine,</ae_ti>
<ae_pl>s.l.n.d.</ae_pl>
<ae_y>[ 17611,</ae_y>
<ae_f>in-8,</ae_f>
<ae_p>viii + 64p.</ae_p>
<ae_bib>(BNt)</ae_bib>
<ae_sep>-</ae_sep>
<ae_y>1761,</ae_y>
<ae_f>in-12,</ae_f>
<ae_p>viii + 64p.</ae_p>
<ae_bib>(DLCt)</ae_bib>
<ae_sep>-</ae_sep>
<ae_pl>Avignon,</ae_pl>
<ae_pb>Giroud,</ae_pb>
<ae_y>1761,</ae_y>
<ae_f>in-12,</ae_f>
<ae_p>viii + 64p.</ae_p>
<ae_bib>(BNt)</ae_bib>
<ae_sep>-</ae_sep>
<ae_pl>Amsterdam,</ae_pl>
<ae_y>1762,</ae_y>
<ae_f>in-12</ae_f>
<ae_bib>(A, Gay)</ae_bib>
<ae_sep>-</ae_sep>
<ae_pl>Naples,</ae_pl>
<ae_pb>Barbu,</ae_pb>
<ae_y>1765,</ae_y>
<ae_p>55p.</ae_p>
<ae_bib>(MH)</ae_bib>
<ae_sep>-</ae_sep>
<ae_pl>Naples,</ae_pl>
<ae_pb>Barbu,</ae_pb>
<ae_y>1775,</ae_y>
<ae_f>in-12,</ae_f>
<ae_p>59p.</ae_p>
<ae_bib>(Gay)</ae_bib>
<ae_sep>—</ae_sep>
<ae_pl>Naples,</ae_pl>
<ae_pb>Barbu, libraire à la Barbe d’or, Près des Capucins,</ae_pb>
<ae_y>1785,</ae_y>
<ae_f>in-12,</ae_f>
<ae_p>47p.</ae_p>
<ae_bib>(BMt)</ae_bib>
</ae_se>
</ae>
</entry>
</document>

<document>
<entry>
<id>61.3</id>
<ti>Le philosophe sérieux, histoire comique</ti>
<det>
<pl>Londres,</pl>
<y>1761,</y>
<f>in-12,</f>
<p>viii + 100p.</p>
</det>
<bib>A BNt CorrL sept. 1772; LV Momet</bib>
<res>
<r_p>3e personne;</r_p>
<r_pl>France, Angleterre;</r_pl>
<r_n>Sémillante, Phlegmaton, Liotard;</r_n>
<r_c>amours burlesques d’un philosophe;</r_c>
<r_s>ton satirique.</r_s>
</res>
<ae>
<ae_ae>Autre édition:</ae_ae>
<ae_se>
<ae_sep>-</ae_sep>
<ae_ex>Il se peut que la mention dans CorrL sept. 1772 indique une autre édition vers cette date.</ae_ex>
</ae_se>
</ae>
</entry>
</document>

<document>
<entry>
<id>61.4</id>
<ae>
<ae_se>
<ae_ex>Tant pis pour lui ou l’amant salamandre V. 56.9 COINTREAU, L’amant salamandre]</ae_ex>
</ae_se>
</ae>
</entry>
</document>

<document>
<entry>
<id>61.5</id>
<au>
<a>BEHN, Mrs Aphra, et George, lord LYTTELTON,</a>
<trd>trad. par et Marie-Geneviève-Charlotte Darius, madame THIROUX D’ARCONVILLE</trd>
</au>
<ti>Romans traduits de l’anglois</ti>
<det>
<pl>Amsterdam,</pl>
<y>1761,</y>
<f>in-8,</f>
<p>267p.</p>
</det>
<bib>A BMt BNt AL 1761 III 171-189; AT 1762 (1761); LV B Q Rochedieu Streeter</bib>
<ex>L’ouvrage contient: Lettres d’un Persan en Angleterre et Histoire de Polydore et d’Emilie, tous deux tirés des Letters from a Persian, 1735, de Lyttelton; et Histoire d’Agnès de Castro,</ex>
<tr>trad. de The History of Agnes de Castro, de Mrs Behn.</tr>
<res>
<r_c>Pp. 1-38, Lettres d’un Persan: un Persan vertueux offre un asile à Zélis, femme d’un commerçant juif obligé de voyager; pp. 39-120, Histoire de Polydore: intrigue amoureuse qui se passe pendant la guerre civile en Angleterre; pp. 121-267, Agnès de Castro: amours tragiques.</r_c>
</res>
<ae>
<ae_ae>Autre édition:</ae_ae>
<ae_se>
<ae_sep>-</ae_sep>
<ae_ti>ds Mélanges de littérature, de morale et de physique, t.VI,</ae_ti>
<ae_pl>Amsterdam,</ae_pl>
<ae_pb>aux dépens de la Compagnie,</ae_pb>
<ae_y>1775,</ae_y>
<ae_f>7t.</ae_f>
<ae_bib>(BM, BNt, Rochedieu).</ae_bib>
<ae_ex>V. 75.R97.</ae_ex>
</ae_se>
</ae>
</entry>
</document>

<document>
<entry>
<id>61.6</id>
<au>
<a>BOUFFLERS, Stanislas-Jean, marquis de</a>
</au>
<ti>La reine de Golconde, conte</ti>
<det>
<y>1761,</y>
<f>in-8,</f>
<p>47p.</p>
</det>
<bib>A BNt AL 1761 V 263-275 et VI 212-213; CorrL juillet 1761, sept. 1761, mai 1763, fév. 1765, mai 1766; LV B Dufrenoy Momet</bib>
<ex>V. Contes du chevalier de Boufflers, éd. O. Uzanne, 1878. La reine de Golconde a paru dans de nombreux recueils dont nous n’avons pas toujours pu donner des détails.</ex>
<res>
<r_p>Ire personne;</r_p>
<r_c>le héros rencontre Aline pour la première fois en paysanne, ensuite en marquise, enfin en reine de Golconde, ’le plus florissant Etat d’Asie’;</r_c>
<r_s>conte galant.</r_s>
</res>
<ae>
<ae_ae>Autres éditions:</ae_ae>
<ae_se>
<ae_sep>-</ae_sep>
<ae_ti>... par M. D***,</ae_ti>
<ae_f>in-8,</ae_f>
<ae_p>52p.</ae_p>
<ae_bib>(Uzanne)</ae_bib>
<ae_sep>-</ae_sep>
<ae_pl>Golconde,</ae_pl>
<ae_y>1761,</ae_y>
<ae_f>in-12,</ae_f>
<ae_p>44p.</ae_p>
<ae_bib>(B, Q)</ae_bib>
<ae_sep>-</ae_sep>
<ae_pl>Golconde,</ae_pl>
<ae_pb>au Doyen du Château,</ae_pb>
<ae_y>1761,</ae_y>
<ae_f>in-12,</ae_f>
<ae_p>47p.</ae_p>
<ae_bib>(BMt)</ae_bib>
<ae_sep>-</ae_sep>
<ae_ti>La nouvelle paysanne, ds Contes moraux ... publiés par Mlle Uncy,</ae_ti>
<ae_pl>Paris,</ae_pl>
<ae_y>1763,</ae_y>
<ae_f>t. II</ae_f>
<ae_bib>(BN).</ae_bib>
<ae_ex>Réimpression d’une version légèrement tronquée qui avait paru dans le Mercure de France, fin 1761.</ae_ex>
<ae_sep>-</ae_sep>
<ae_ti>La reine....</ae_ti>
<ae_pl>Paris,</ae_pl>
<ae_y>1764,</ae_y>
<ae_f>in-8,</ae_f>
<ae_p>44p.</ae_p>
<ae_bib>(BN, Momet)</ae_bib>
<ae_sep>—</ae_sep>
<ae_ti>Aline ou la reine de Golconde,</ae_ti>
<ae_pl>Londres,</ae_pl>
<ae_y>1766,</ae_y>
<ae_f>in-12</ae_f>
<ae_bib>(B)</ae_bib>
<ae_sep>—</ae_sep>
<ae_ti>La reine...,</ae_ti>
<ae_pl>Paris,</ae_pl>
<ae_pb>Duchesne,</ae_pb>
<ae_y>1767,</ae_y>
<ae_f>in-32</ae_f>
<ae_bib>(B, Gay)</ae_bib>
<ae_sep>-</ae_sep>
<ae_pl>Paris,</ae_pl>
<ae_y>1768,</ae_y>
<ae_f>in-8</ae_f>
<ae_bib>(B, Gay)</ae_bib>
<ae_sep>—</ae_sep>
<ae_pl>Paris,</ae_pl>
<ae_y>1768,</ae_y>
<ae_f>in-12,</ae_f>
<ae_p>33p.</ae_p>
<ae_bib>(DLC, Gay)</ae_bib>
<ae_sep>-</ae_sep>
<ae_ti>ds Le goût de bien des gens,</ae_ti>
<ae_y>1769</ae_y>
<ae_ex>(v. 69.3)61.6</ae_ex>
<ae_sep>—</ae_sep>
<ae_ti>ds Bibliothèque de société, t. IV,</ae_ti>
<ae_y>1771</ae_y>
<ae_ex>(v. 71 .RI5)</ae_ex>
<ae_sep>—</ae_sep>
<ae_ti>ds Œuvres,</ae_ti>
<ae_pl>La Haye,</ae_pl>
<ae_pb>Detune,</ae_pb>
<ae_y>1780,</ae_y>
<ae_f>in-8,</ae_f>
<ae_p>pp.3-56</ae_p>
<ae_bib>(BN)</ae_bib>
<ae_sep>—</ae_sep>
<ae_ti>ds Œuvres. La Hâve. Detune,</ae_ti>
<ae_y>1781,</ae_y>
<ae_f>in-16,</ae_f>
<ae_p>pp.3-56</ae_p>
<ae_bib>(BMt, BN, Uzanne)</ae_bib>
<ae_sep>—</ae_sep>
<ae_ti>ds Œuvres,</ae_ti>
<ae_pl>Londres,</ae_pl>
<ae_y>1781,</ae_y>
<ae_f>in-12,</ae_f>
<ae_p>pp.7-36</ae_p>
<ae_bib>(DLCt )</ae_bib>
<ae_sep>—</ae_sep>
<ae_ti>ds Œuvres,</ae_ti>
<ae_pl>Londres,</ae_pl>
<ae_y>1782,</ae_y>
<ae_f>in-24</ae_f>
<ae_bib>(BN)</ae_bib>
<ae_sep>—</ae_sep>
<ae_ti>ds Œuvres. Genève,</ae_ti>
<ae_y>1782,</ae_y>
<ae_f>in-18</ae_f>
<ae_bib>(ICU, PPULC, Brissart, Cohen, Gay, Uzanne).</ae_bib>
<ae_ex>Gay donne: La Haye ou Genève.</ae_ex>
<ae_sep>—</ae_sep>
<ae_ti>ds Œuvres mêlées de M. le chevalier de Boufflers et de M. le M’5 de Miette,</ae_ti>
<ae_pl>Londres,</ae_pl>
<ae_y>1782</ae_y>
<ae_bib>(Brissart).</ae_bib>
<ae_ex>Les Œuvres de Boufflers occupent viii + 84p.</ae_ex>
<ae_sep>—</ae_sep>
<ae_ti>ds Œuvres mêlées...,</ae_ti>
<ae_pl>Londres,</ae_pl>
<ae_y>1782</ae_y>
<ae_bib>(BMt, Brissart).</ae_bib>
<ae_ex>Les Œuvres de Boufflers occupent 104p.</ae_ex>
<ae_sep>—</ae_sep>
<ae_ti>ds Poésies et pièces fugitives diverses,</ae_ti>
<ae_pl>Paris,</ae_pl>
<ae_y>1782</ae_y>
<ae_bib>(/tris de l’édition de 1787 citée ci-dessous)</ae_bib>
<ae_sep>—</ae_sep>
<ae_ti>ds Nouvelle bibliothèque de société,</ae_ti>
<ae_y>1782</ae_y>
<ae_ex>(v. 82.R19)</ae_ex>
<ae_sep>—</ae_sep>
<ae_ti>ds Œuvres,</ae_ti>
<ae_pl>Londres,</ae_pl>
<ae_y>1786,</ae_y>
<ae_f>2t. in-18</ae_f>
<ae_bib>(Brissart, Gay, Q, Uzanne)</ae_bib>
<ae_sep>—</ae_sep>
<ae_ti>ds Œuvres diverses,</ae_ti>
<ae_pl>Londres,</ae_pl>
<ae_y>1786</ae_y>
<ae_bib>(DLC)</ae_bib>
<ae_sep>—</ae_sep>
<ae_ti>ds Œuvres diverses,</ae_ti>
<ae_pl>Londres &amp; Paris,</ae_pl>
<ae_pb>Desenne,</ae_pb>
<ae_y>1787,</ae_y>
<ae_f>in-8</ae_f>
<ae_bib>(BMt).</ae_bib>
<ae_ex>Version tronquée.</ae_ex>
<ae_sep>—</ae_sep>
<ae_ti>ds Œuvres,</ae_ti>
<ae_pl>Londres,</ae_pl>
<ae_y>1788</ae_y>
<ae_bib>(BMt)</ae_bib>
<ae_sep>—</ae_sep>
<ae_ti>ds Nouvelle bibliothèque de ville,</ae_ti>
<ae_y>1788</ae_y>
<ae_ex>(v. 88.R13)</ae_ex>
<ae_sep>—</ae_sep>
<ae_ti>ds Œuvres,</ae_ti>
<ae_pl>Londres,</ae_pl>
<ae_y>1789</ae_y>
<ae_bib>(Utrecht, InU)</ae_bib>
<ae_sep>—</ae_sep>
<ae_ti>ds Œuvres,</ae_ti>
<ae_pl>Londres,</ae_pl>
<ae_y>1792,</ae_y>
<ae_f>in-8,</ae_f>
<ae_p>164p.</ae_p>
<ae_bib>(Leyde)</ae_bib>
<ae_sep>—</ae_sep>
<ae_ti>ds Œuvres,</ae_ti>
<ae_pl>Paris,</ae_pl>
<ae_y>1792,</ae_y>
<ae_f>in-16</ae_f>
<ae_bib>(CtY, Brissart, Gay , Uzanne)</ae_bib>
<ae_sep>—</ae_sep>
<ae_ti>ds Œuvres diverses,</ae_ti>
<ae_pl>Paris,</ae_pl>
<ae_y>an III,</ae_y>
<ae_f>in-18</ae_f>
<ae_bib>(VGM).</ae_bib>
<ae_ex>Uzanne donne: Œuvres, Paris, Dufart, an III.</ae_ex>
<ae_sep>—</ae_sep>
<ae_ti>ds Œuvres.</ae_ti>
<ae_pl>Paris,</ae_pl>
<ae_pb>marchands de nouveautés,</ae_pb>
<ae_y>1797,</ae_y>
<ae_f>in-18</ae_f>
<ae_bib>(Utrecht, DLC, NN)</ae_bib>
<ae_sep>—</ae_sep>
<ae_ti>ds Œuvres,</ae_ti>
<ae_pl>Paris,</ae_pl>
<ae_y>1799,</ae_y>
<ae_f>in-12,</ae_f>
<ae_p>148p.</ae_p>
<ae_bib>(La Hayet)</ae_bib>
<ae_sep>—</ae_sep>
<ae_ti>ds Œuvres,</ae_ti>
<ae_pl>Paris,</ae_pl>
<ae_pb>Le Pelletier,</ae_pb>
<ae_y>an XI,</ae_y>
<ae_f>in-8</ae_f>
<ae_bib>(BN)</ae_bib>
<ae_sep>—</ae_sep>
<ae_ti>ds Œuvres,</ae_ti>
<ae_pl>Paris,</ae_pl>
<ae_pb>Artaud,</ae_pb>
<ae_y>1805,</ae_y>
<ae_f>2t.</ae_f>
<ae_bib>(NN, Gay)</ae_bib>
<ae_sep>—</ae_sep>
<ae_ti>ds Œuvres,</ae_ti>
<ae_pl>Paris,</ae_pl>
<ae_pb>Briand,</ae_pb>
<ae_y>1813,</ae_y>
<ae_f>2t. in-18</ae_f>
<ae_bib>(BN)</ae_bib>
<ae_sep>—</ae_sep>
<ae_ti>ds Œuvres,</ae_ti>
<ae_pl>Paris,</ae_pl>
<ae_pb>Briand,</ae_pb>
<ae_y>1817,</ae_y>
<ae_f>2t. in-18</ae_f>
<ae_bib>(BN)</ae_bib>
</ae_se>
</ae>
</entry>
</document>

<document>
<entry>
<id>61.7</id>
<au>
<a>DEFOE, Daniel</a>
<trd>trad. par ?</trd>
</au>
<s>t</s>
<ti>Mémoires et avantures de Mad&gt;le Moll Flanders, traduit (sic) de l’anglois</ti>
<det>
<pl>Londres,</pl>
<pb>Nourse,</pb>
<y>1761,</y>
<f>in-12,</f>
<p>232p.</p>
</det>
<bib>At Gay Rochedieu Streeter</bib>
<ex>C’est une version abrégée.</ex>
<tr>Trad. de The Fortunes and Misfortunes of the Famous Moll Flanders, 1721.</tr>
<res>
<r_p>Ire personne;</r_p>
<r_pl>Londres, Bath, Bristol, Virginie;</r_pl>
<r_n>Moll Flanders, le Capitaine, Mme Buley;</r_n>
<r_c>aventures picaresques;</r_c>
<r_s>tendances réalistes.</r_s>
</res>
</entry>
</document>

<document>
<entry>
<id>61.8</id>
<au>
<a>JULLIEN, Jean-Auguste, dit Desboulmiers</a>
</au>
<ti>Honny soit qui mal y pense, ou histoires des filles célèbres du XVIIIe siècle</ti>
<det>
<pl>Londres,</pl>
<y>1761,2</y>
<f>part, in-12,</f>
<p>88, 89-170p.</p>
</det>
<bib>BMt AL 1761 V 143-144; AT 1762 (1761); CorrL juillet 1761 Delcro Gay</bib>
<ex>B, Gay, Momet et Q citent une édition de 1760, mais il ne semble pas qu’il y ait eu d’édition avant celle de 1761. P. 4: ‘Si les premières [historiettes] sont reçues favorablement j’en donnerai tous les mois au moins deux ou trois.’ Sans tenir littéralement sa promesse, l’auteur a publié une édition augmentée en 1766 (v. 66.26).</ex>
<res>
<r_st>Pp. 5-37, Histoire de mademoiselle de la C***, plus connue sous le nom de la marquise de D***; pp. 38-74, Histoire d’une comédienne qui a quitté le spectacle; pp. 75-88, La marmotte parvenue; pp. 91-116, Histoire de madame de Villemont; pp. 116-170, Histoire de Suzette. Ce sont des histoires galantes, dont quelques-unes au moins à clef.</r_st>
</res>
<ae>
<ae_ae>Autres éditions:</ae_ae>
<ae_se>
<ae_sep>-</ae_sep>
<ae_pl>Londres,</ae_pl>
<ae_y>1761,2</ae_y>
<ae_f>part.,</ae_f>
<ae_p>100, 101-190p.</ae_p>
<ae_bib>(DLCt)</ae_bib>
<ae_sep>-</ae_sep>
<ae_pl>Londres,</ae_pl>
<ae_y>1762,</ae_y>
<ae_f>2 part, in-18,</ae_f>
<ae_p>122, 11 lp.</ae_p>
<ae_bib>(Tricotel)</ae_bib>
<ae_sep>-</ae_sep>
<ae_pl>Amsterdam,</ae_pl>
<ae_y>1762,</ae_y>
<ae_f>2 part, in-12,</ae_f>
<ae_p>124, 108p.</ae_p>
<ae_bib>(BMt)</ae_bib>
<ae_sep>—</ae_sep>
<ae_pl>Londres,</ae_pl>
<ae_y>1766,</ae_y>
<ae_f>6 part, in-12</ae_f>
<ae_bib>(BMt, Gay).</ae_bib>
<ae_ex>Edition augmentée, v. 66.26.</ae_ex>
<ae_sep>-</ae_sep>
<ae_pl>Londres,</ae_pl>
<ae_y>1768,</ae_y>
<ae_f>4 part, in-12</ae_f>
<ae_bib>(Gay)</ae_bib>
<ae_sep>-</ae_sep>
<ae_y>1769,</ae_y>
<ae_f>6 part, in-12</ae_f>
<ae_bib>(Gay, Q)</ae_bib>
<ae_sep>-</ae_sep>
<ae_y>1771</ae_y>
<ae_bib>(Gay)</ae_bib>
<ae_sep>-</ae_sep>
<ae_y>1772</ae_y>
<ae_bib>(Gay)</ae_bib>
<ae_sep>—</ae_sep>
<ae_pl>Londres,</ae_pl>
<ae_y>1775,</ae_y>
<ae_f>in-12</ae_f>
<ae_bib>(A, BN: t.I, III, Gay, Momet)</ae_bib>
<ae_sep>—</ae_sep>
<ae_pl>Londres,</ae_pl>
<ae_y>1780,</ae_y>
<ae_f>6 part, in-12</ae_f>
<ae_bib>(BMt, Gay)</ae_bib>
<ae_sep>-</ae_sep>
<ae_y>1786,</ae_y>
<ae_f>4 part, in-12</ae_f>
<ae_bib>(NN, Gay).</ae_bib>
<ae_ex>Gay donne: 6 parties.</ae_ex>
<ae_sep>-</ae_sep>
<ae_y>1792,</ae_y>
<ae_f>6 part, in-12</ae_f>
<ae_bib>(Gay)</ae_bib>
</ae_se>
<ae_ae>Autres éditions de quelques Histoires à part:</ae_ae>
<ae_se>
<ae_sep>—</ae_sep>
<ae_pl>Tobolsca,</ae_pl>
<ae_pb>aux dépens de la Compagnie,</ae_pb>
<ae_y>1761,</ae_y>
<ae_f>2 t.</ae_f>
<ae_bib>(CtY)</ae_bib>
<ae_sep>—</ae_sep>
<ae_pl>Londres,</ae_pl>
<ae_y>1776,</ae_y>
<ae_f>in-12</ae_f>
<ae_bib>(NBR)</ae_bib>
</ae_se>
</ae>
</entry>
</document>

<document>
<entry>
<id>61.9</id>
<au>
<a>LE BLANC DE GUILLET, Antoine Blanc, dit</a>
</au>
<ti>Mémoires du comte de Guine par M***</ti>
<det>
<pl>Amsterdam,</pl>
<y>1761,</y>
<f>in-12,</f>
<p>272p.</p>
</det>
<bib>A BNt AL 1761 VII 121-140; LV B Delcro Mornet Q</bib>
<ex>NBR Ire année XV (1799), pp. 94-153, donne une version abrégée, avec les détails suivants: Les traverses de la vie humaine ou mémoires du comte de Guines (sic), Londres, 1776, in-12.</ex>
<res>
<r_p>Ire personne, avec des récits intercalés 3e personne;</r_p>
<r_pl>France, Espagne, Tanger;</r_pl>
<r_n>Mme de Saunis, la marquise de Beauzi, le comte de Cleford, Xuela;</r_n>
<r_c>aventures romanesques, voyages;</r_c>
<r_s>sensibilité, fatalité.</r_s>
</res>
<ae>
<ae_ae>Autres éditions:</ae_ae>
<ae_se>
<ae_sep>-</ae_sep>
<ae_pl>Amsterdam &amp; Carlsrouhe,</ae_pl>
<ae_pb>Macklot, &amp; Dresde, Grôll,</ae_pb>
<ae_y>1762,</ae_y>
<ae_f>in-12,</ae_f>
<ae_p>112p.</ae_p>
<ae_bib>(A, BMt, Mornet, Q)</ae_bib>
<ae_sep>-</ae_sep>
<ae_ti>ds Voyages imaginaires, t. XXXI,</ae_ti>
<ae_y>1787-89</ae_y>
<ae_ex>(V. 87.R16).</ae_ex>
</ae_se>
</ae>
</entry>
</document>

<document>
<entry>
<id>61.10</id>
<au>
<a>LEVESQUE, Pierre-Charles</a>
</au>
<ti>Les rêves d’Aristobule, philosophe grec, suivis d’un abrégé de la vie de Formose, philosophe françois, par M. L....</ti>
<det>
<pl>Amsterdam &amp; Paris,</pl>
<pb>de Poilly,</pb>
<y>1761,</y>
<f>in-12,</f>
<p>120p.</p>
</det>
<bib>BNt CorrL nov. 1761 B Dufrenoy Momet Q</bib>
<res>
<r_st>Pp. 3-96, Les rêves...: Ire personne avec contes intercalés; cadre grec; aventures avec éléments merveilleux;prétentions moralisatrices; pp. 97-120, Abrégé:</r_st>
<r_p>3e personne;</r_p>
<r_c>trahi par l’amour et l’amitié, Formose se retire dans la solitude.</r_c>
</res>
<ae>
<ae_ae>Autres éditions:</ae_ae>
<ae_se>
<ae_sep>—</ae_sep>
<ae_pl>Avignon,</ae_pl>
<ae_pb>veuve Nie] et fils,</ae_pb>
<ae_y>1762,</ae_y>
<ae_f>2t. in-12,</ae_f>
<ae_p>399, 492p.</ae_p>
<ae_bib>(VGM)</ae_bib>
</ae_se>
</ae>
</entry>
</document>

<document>
<entry>
<id>61.11</id>
<ex>MARIN, le père Michel-Ange Agnez de Saint Amour ou la fervente novice, par le R. P. Michel-Ange Marin, religieux minime Avignon, veuve Niel et fils, 1761,2 t. in-12, xvii + 433, 529p. BNt Jones Gay, Laporte et Jones donnent 1750; cette date est fondée sans doute sur la mention ‘vers 1750’, BUR 1778 août, p. 207. Cependant la Permission d’imprimer dans l’édition que nous décrivons date de 1760. Le t. II contient des instructions pieuses sans grand rapport avec le roman du premier tome.</ex>
<res>
<r_p>3 e personne;</r_p>
<r_pl>Sicile;</r_pl>
<r_n>le comte de Sant Amoré, la mère Rosalie, Joséphine Piantinelli, la mère Angélique;</r_n>
<r_c>carrière d’une parfaite religieuse;</r_c>
<r_s>intentions édifiantes.</r_s>
</res>
<ae>
<ae_ae>Autre édition:</ae_ae>
<ae_se>
<ae_sep>-</ae_sep>
<ae_pl>La Haye,</ae_pl>
<ae_y>1761,</ae_y>
<ae_f>2t. in-12,</ae_f>
<ae_p>xiv + 360, 389p.</ae_p>
<ae_bib>(BNt, Freund)</ae_bib>
<ae_sep>-</ae_sep>
<ae_pl>Amsterdam,</ae_pl>
<ae_pb>aux dépens de la Compagnie,</ae_pb>
<ae_y>1761,</ae_y>
<ae_f>2t. in-12,</ae_f>
<ae_p>xxvi + 292, 316p.</ae_p>
<ae_bib>(At, BNt, AT</ae_bib>
<ae_y>1762</ae_y>
<ae_bib>(1761), Freund)</ae_bib>
<ae_sep>-</ae_sep>
<ae_pl>La Haye,</ae_pl>
<ae_y>1761,</ae_y>
<ae_f>2t. in-12</ae_f>
<ae_bib>(BN: t.I seulement, Freund)</ae_bib>
<ae_sep>—</ae_sep>
<ae_ti>Suite des contes moraux</ae_ti>
<ae_pl>Paris,</ae_pl>
<ae_pb>Lesclapart le jeune,</ae_pb>
<ae_y>1761,</ae_y>
<ae_f>in-12,</ae_f>
<ae_p>iii + 142p.</ae_p>
<ae_bib>(Darmstadt, Freund).</ae_bib>
<ae_ex>Edition séparée des trois nouveaux contes.</ae_ex>
<ae_sep>-</ae_sep>
<ae_ti>... nouvelle édition, corrigée et augmentée,</ae_ti>
<ae_pl>Paris,</ae_pl>
<ae_pb>Lesclapart le jeune,</ae_pb>
<ae_y>1761,</ae_y>
<ae_f>2t. in-12,</ae_f>
<ae_p>xvi+ 400, iii + 490p.</ae_p>
<ae_bib>(BNt, Freund).</ae_bib>
<ae_ex>Les trois nouveaux contes occupent les pages 170-311 du t.II.</ae_ex>
<ae_sep>-</ae_sep>
<ae_ti>Suite des contes....</ae_ti>
<ae_pl>Paris,</ae_pl>
<ae_y>1762,</ae_y>
<ae_f>in-8</ae_f>
<ae_bib>(Freund)</ae_bib>
<ae_sep>-</ae_sep>
<ae_ti>Contes...,</ae_ti>
<ae_pl>Paris,</ae_pl>
<ae_pb>Lesclapart,</ae_pb>
<ae_y>1763,</ae_y>
<ae_f>3t. in-12</ae_f>
<ae_bib>(Freund)</ae_bib>
<ae_sep>-</ae_sep>
<ae_pl>Amsterdam,</ae_pl>
<ae_pb>Compagnie,</ae_pb>
<ae_y>1763,</ae_y>
<ae_f>2t. in-8</ae_f>
<ae_bib>(Freund)</ae_bib>
<ae_sep>-</ae_sep>
<ae_pl>La Haye,</ae_pl>
<ae_y>1763,</ae_y>
<ae_f>2t. in-12,</ae_f>
<ae_p>xvi + 275, 269p.</ae_p>
<ae_bib>(BN: t.II seulement, La Hayet, Neuchâtel, Freund)</ae_bib>
<ae_sep>—</ae_sep>
<ae_pl>Avignon,</ae_pl>
<ae_pb>L. Chambeau,</ae_pb>
<ae_y>1763,</ae_y>
<ae_f>2t. in-12,</ae_f>
<ae_p>viii + 194, 194 (pour 196)p.</ae_p>
<ae_bib>(MHt, Freund)</ae_bib>
<ae_sep>—</ae_sep>
<ae_pl>La Haye,</ae_pl>
<ae_y>1764,</ae_y>
<ae_f>2t.</ae_f>
<ae_bib>(Niort)</ae_bib>
<ae_sep>-</ae_sep>
<ae_pl>Amsterdam,</ae_pl>
<ae_y>[1764],</ae_y>
<ae_f>3t. in-12</ae_f>
<ae_bib>(Freund)</ae_bib>
<ae_sep>-</ae_sep>
<ae_pl>La Haye,</ae_pl>
<ae_y>1765,</ae_y>
<ae_f>2t. in-12,</ae_f>
<ae_p>xvi + 271, 275p.</ae_p>
<ae_bib>(Slatkine)</ae_bib>
<ae_sep>—</ae_sep>
<ae_pl>Avignon,</ae_pl>
<ae_pb>L. Chambeau,</ae_pb>
<ae_y>1765,</ae_y>
<ae_f>2t. in-12</ae_f>
<ae_bib>(BN: t.I seule ment, Freund)</ae_bib>
<ae_sep>-</ae_sep>
<ae_pl>Liège,</ae_pl>
<ae_pb>Bassompierre,</ae_pb>
<ae_y>[1765?],</ae_y>
<ae_f>2t. in-8</ae_f>
<ae_bib>(Freund)</ae_bib>
<ae_sep>—</ae_sep>
<ae_ti>Nouveaux contes moraux ...,</ae_ti>
<ae_pl>Paris,</ae_pl>
<ae_pb>J. fdeHm,</ae_pb>
<ae_y>1765,</ae_y>
<ae_f>in-12,</ae_f>
<ae_p>256p.</ae_p>
<ae_bib>(A, BM, BNt, Freund).</ae_bib>
<ae_ex>Edition princeps des cinq nouveaux contes. V. 65.35.</ae_ex>
<ae_sep>—</ae_sep>
<ae_ti>Nouveaux contes moraux,</ae_ti>
<ae_pl>La Haye,</ae_pl>
<ae_y>1765,</ae_y>
<ae_f>in-8</ae_f>
<ae_bib>(Freund).</ae_bib>
<ae_ex>Ce sont les cinq nouveaux contes.</ae_ex>
<ae_sep>—</ae_sep>
<ae_pl>Suite</ae_pl>
<ae_pb>des Contes moraux. Amsterdam, Libraires associés,</ae_pb>
<ae_y>1765,</ae_y>
<ae_f>in-16</ae_f>
<ae_bib>(Freund).</ae_bib>
<ae_ex>Ce sont les cinq nouveaux contes.</ae_ex>
<ae_sep>-</ae_sep>
<ae_pl>Amsterdam,</ae_pl>
<ae_pb>Compagnie,</ae_pb>
<ae_y>1765,</ae_y>
<ae_f>in-8</ae_f>
<ae_bib>(Freund).</ae_bib>
<ae_ex>Ce volume, contenant les cinq nouveaux contes, est destiné à compléter l’édition en deux tomes publiée à Amsterdam en 1763.</ae_ex>
<ae_sep>-</ae_sep>
<ae_pl>Paris,</ae_pl>
<ae_pb>J. Merlin,</ae_pb>
<ae_y>1765,</ae_y>
<ae_f>in-8 ou in-12,</ae_f>
<ae_p>xvü + 345, 376, 312p.</ae_p>
<ae_bib>(A, BM, BN, Ste-Geneviève, LV, Freund, Gay, Q).</ae_bib>
<ae_ex>A partir de cette édition, les contes de 1761 et de 1765 sont normalement réunis.</ae_ex>
<ae_sep>-</ae_sep>
<ae_pl>s.l.n.d.</ae_pl>
<ae_y>[1765],</ae_y>
<ae_f>3t. in-16</ae_f>
<ae_bib>(Freund)</ae_bib>
<ae_sep>-</ae_sep>
<ae_pl>Paris,</ae_pl>
<ae_pb>Merlin,</ae_pb>
<ae_y>1766,</ae_y>
<ae_f>3t. in-8 ou in-12</ae_f>
<ae_bib>(Bibl. Monglond, CtY, ICNf, MH, NN, etc., Freund)</ae_bib>
<ae_sep>—</ae_sep>
<ae_pl>Amsterdam,</ae_pl>
<ae_pb>aux dépens de la Compagnie,</ae_pb>
<ae_y>1766,</ae_y>
<ae_f>3t. in-8,</ae_f>
<ae_p>272, xxii + 331, viii +</ae_p>
<ae_bib>254p.(La Hayet, Leyde, Freund).</ae_bib>
<ae_ex>Dans l’exemplaire de La Haye, le t.III porte la date de 1765.</ae_ex>
<ae_sep>-</ae_sep>
<ae_pl>Leipsic,</ae_pl>
<ae_pb>S.L. Crusius,</ae_pb>
<ae_y>1766,</ae_y>
<ae_f>3t. in-8 et in-12</ae_f>
<ae_bib>(Freund)</ae_bib>
<ae_sep>—</ae_sep>
<ae_pl>La Haye,</ae_pl>
<ae_y>1766</ae_y>
<ae_bib>(Moulins)</ae_bib>
<ae_sep>-</ae_sep>
<ae_pl>La Haye,</ae_pl>
<ae_y>1767,</ae_y>
<ae_f>in-8</ae_f>
<ae_bib>(BN, Freund)</ae_bib>
<ae_sep>-</ae_sep>
<ae_ti>... suivant l’édition de</ae_ti>
<ae_pl>Paris,</ae_pl>
<ae_pb>chez Merlin,</ae_pb>
<ae_y>1768,</ae_y>
<ae_f>3t. in-12,</ae_f>
<ae_p>17 + 339, 192, 218p.</ae_p>
<ae_bib>(BM)</ae_bib>
<ae_sep>—</ae_sep>
<ae_pl>s.l.n.n.,</ae_pl>
<ae_y>1768,</ae_y>
<ae_f>3t. in-8</ae_f>
<ae_bib>(Freund)</ae_bib>
<ae_sep>—</ae_sep>
<ae_pl>La Haye,</ae_pl>
<ae_pb>Compagnie,</ae_pb>
<ae_y>1769</ae_y>
<ae_bib>(Ste-Geneviève, Freund)</ae_bib>
<ae_sep>—</ae_sep>
<ae_pl>Paris,</ae_pl>
<ae_y>1770,</ae_y>
<ae_f>4t. in-12</ae_f>
<ae_bib>(Freund, Q)</ae_bib>
<ae_sep>—</ae_sep>
<ae_pl>s.l.,</ae_pl>
<ae_y>1770,</ae_y>
<ae_f>3t. in-8</ae_f>
<ae_bib>(Freund)</ae_bib>
<ae_sep>—</ae_sep>
<ae_pl>La Haye,</ae_pl>
<ae_y>1771</ae_y>
<ae_bib>(BN: t.IV seulement, Freund)</ae_bib>
<ae_sep>-</ae_sep>
<ae_pl>Londres,</ae_pl>
<ae_y>1771,</ae_y>
<ae_f>3t. in-12,</ae_f>
<ae_p>xx + 277, 300, 250p.</ae_p>
<ae_bib>(BMt)</ae_bib>
<ae_sep>-</ae_sep>
<ae_pl>Paris,</ae_pl>
<ae_y>1773,</ae_y>
<ae_f>3t. in-12</ae_f>
<ae_bib>(Freund, Q)</ae_bib>
<ae_sep>-</ae_sep>
<ae_pl>Maestricht,</ae_pl>
<ae_pb>Jean-Edme Dufour,</ae_pb>
<ae_y>1774,</ae_y>
<ae_f>3t. in-12,</ae_f>
<ae_p>xiv + 249, 271, 226p.</ae_p>
<ae_bib>(Leeds, Freund)</ae_bib>
<ae_sep>-</ae_sep>
<ae_pl>La Haye,</ae_pl>
<ae_pb>Compagnie,</ae_pb>
<ae_y>1774,</ae_y>
<ae_f>3 ou 4t. in-8</ae_f>
<ae_bib>(Freund)</ae_bib>
<ae_sep>-</ae_sep>
<ae_ti>... dernière édition,</ae_ti>
<ae_pl>Paris,</ae_pl>
<ae_pb>Merlin,</ae_pb>
<ae_y>1775,</ae_y>
<ae_f>3t. in-12,</ae_f>
<ae_p>xvi + 345, 376, 312p.</ae_p>
<ae_bib>(A, BN, Freund. Gay)</ae_bib>
<ae_sep>-</ae_sep>
<ae_pl>La Haye,</ae_pl>
<ae_pb>Compagnie,</ae_pb>
<ae_y>1775,</ae_y>
<ae_f>4t.</ae_f>
<ae_bib>(MB).</ae_bib>
<ae_ex>Le t.IV comprend Bélisaire (v. 67.39).</ae_ex>
<ae_sep>-</ae_sep>
<ae_pl>Paris,</ae_pl>
<ae_pb>Brunet,</ae_pb>
<ae_y>1776,</ae_y>
<ae_f>3t. in-12 et in-4</ae_f>
<ae_bib>(BN, Freund, Q).</ae_bib>
<ae_ex>Selon Freund il y a des exemplaires avec gravures et frontispice gravé.</ae_ex>
<ae_sep>-</ae_sep>
<ae_pl>La Haye,</ae_pl>
<ae_y>1777,</ae_y>
<ae_f>4t. in-12,</ae_f>
<ae_p>xii + 135, 175, 162, 174p.</ae_p>
<ae_bib>(BN, Freund)</ae_bib>
<ae_sep>—</ae_sep>
<ae_ti>ds Œuvres,</ae_ti>
<ae_pl>Liège,</ae_pl>
<ae_pb>Bassompierre fils,</ae_pb>
<ae_y>1777,</ae_y>
<ae_f>1 lt. in-8</ae_f>
<ae_bib>Marine, Rennes, Ste-Geneviêve, Bruxelles, DLC, MdBJ, etc., Freund)</ae_bib>
<ae_sep>—</ae_sep>
<ae_ti>Contes moraux ... nouvelle édition, revue, corrigée et considérablement augmentée,</ae_ti>
<ae_pl>Paris,</ae_pl>
<ae_pb>Merlin,</ae_pb>
<ae_y>1778,</ae_y>
<ae_f>3t. in-12,</ae_f>
<ae_p>xv+ 221,242, 201p.</ae_p>
<ae_bib>(DLC, MH, Freund)</ae_bib>
<ae_sep>—</ae_sep>
<ae_pl>Amsterdam,</ae_pl>
<ae_pb>Marc Michel Rey.</ae_pb>
<ae_y>1779,</ae_y>
<ae_f>3t. in-8,</ae_f>
<ae_p>xvi + 284, 310, 300p.</ae_p>
<ae_bib>(BMt, Freund)</ae_bib>
<ae_sep>—</ae_sep>
<ae_pl>Paris,</ae_pl>
<ae_pb>P. Didot,</ae_pb>
<ae_y>1780,</ae_y>
<ae_f>in-18</ae_f>
<ae_bib>(Collection d’Artois) (BN, Freund).</ae_bib>
<ae_ex>Cette édition ne comprend que La bergère des Alpes, L’amitié à l’épreuve, et Les quatre flacons.</ae_ex>
<ae_sep>—</ae_sep>
<ae_pl>Londres</ae_pl>
<ae_pb>[Cazin],</ae_pb>
<ae_y>1780,</ae_y>
<ae_f>3t. in-18,</ae_f>
<ae_p>xx + 321, 351, 293p.</ae_p>
<ae_bib>(BMt, Brissart, Freund, Gay).</ae_bib>
<ae_ex>Gay donne ‘Liège’, ville qui est effectivement nommée sur une deuxième page de titre.</ae_ex>
<ae_sep>—</ae_sep>
<ae_pl>Contes</ae_pl>
<ae_pb>moraux et Bélisaire, Yverdon,</ae_pb>
<ae_y>1781,</ae_y>
<ae_f>4t. in-12</ae_f>
<ae_bib>(BM, Freund, Perret).</ae_bib>
<ae_ex>Les Contes occupent les trois premiers tomes.</ae_ex>
<ae_sep>-</ae_sep>
<ae_pl>Paris,</ae_pl>
<ae_pb>Merlin,</ae_pb>
<ae_y>1781,</ae_y>
<ae_f>3t. in-12</ae_f>
<ae_bib>(Freund)</ae_bib>
<ae_sep>—</ae_sep>
<ae_pl>Paris,</ae_pl>
<ae_y>1781,4t.</ae_y>
<ae_f>in-12</ae_f>
<ae_bib>(Freund)</ae_bib>
<ae_sep>—</ae_sep>
<ae_pl>La Haye,</ae_pl>
<ae_pb>aux dépens de la Compagnie,</ae_pb>
<ae_y>1783,</ae_y>
<ae_p>3t... xvi+ 317, 308, 333p.</ae_p>
<ae_bib>(IUt)</ae_bib>
<ae_sep>-</ae_sep>
<ae_pl>Maestricht,</ae_pl>
<ae_pb>Dufour,</ae_pb>
<ae_y>1783,</ae_y>
<ae_f>3t. in-12</ae_f>
<ae_bib>(Freund)</ae_bib>
<ae_sep>—</ae_sep>
<ae_ti>Chefs-d’œuvre des Contes moraux de M. Marmontel,</ae_ti>
<ae_pl>Genève,</ae_pl>
<ae_y>1785,</ae_y>
<ae_f>2t. in-8</ae_f>
<ae_bib>(Freund).</ae_bib>
<ae_ex>Comprend Alcibiade, Lausus, Soliman, Le scrupule. Gay donne, sans nom d’auteur, un titre qui</ae_ex>
<ae_ti>doit se référer au t.I de cette collection: Les aventures d’Alcibiade et les Amours de Lausus et Lydie, Genève, 1785; quant au t.II, c’est sans doute le volume suivant: Soliman IIamoureux de son esclave et le Scrupule ...,</ae_ti>
<ae_pl>Genève,</ae_pl>
<ae_y>1785,</ae_y>
<ae_f>in-8,</ae_f>
<ae_p>134p.</ae_p>
<ae_bib>(BNt).</ae_bib>
<ae_sep>—</ae_sep>
<ae_pl>Stockholm,</ae_pl>
<ae_y>1786-87,</ae_y>
<ae_f>3t. in-8</ae_f>
<ae_bib>(Freund, Q)</ae_bib>
<ae_sep>-</ae_sep>
<ae_ti>ds Œuvres,</ae_ti>
<ae_y>1786-87</ae_y>
<ae_bib>(Q)</ae_bib>
<ae_sep>-</ae_sep>
<ae_ti>ds Œuvres,</ae_ti>
<ae_pl>Paris,</ae_pl>
<ae_pb>Née de la Rochelle,</ae_pb>
<ae_y>1787</ae_y>
<ae_bib>(BM, BN, Freund, Gay, Lenel, Q)</ae_bib>
<ae_sep>—</ae_sep>
<ae_pl>Nümberg,</ae_pl>
<ae_pb>Schneider,</ae_pb>
<ae_y>1789,</ae_y>
<ae_f>4t. in-8</ae_f>
<ae_bib>(Freund)</ae_bib>
<ae_sep>—</ae_sep>
<ae_ti>ds Œuvres,</ae_ti>
<ae_pl>Paris,</ae_pl>
<ae_pb>Dufart,</ae_pb>
<ae_y>1790</ae_y>
<ae_bib>(MH, Freund).</ae_bib>
<ae_ex>La page de titre des six tomes de Contes porte: ‘Nouvelle édition, augmentée de nouveaux contes’. Il se peut que les t.V, VI aient paru en 1791 ou 1792.</ae_ex>
<ae_sep>-</ae_sep>
<ae_pl>Leipsic,</ae_pl>
<ae_pb>S.L. Crusius,</ae_pb>
<ae_y>1791,3t.,</ae_y>
<ae_p>xiv + 230, 252, 211p.</ae_p>
<ae_bib>(DLCt, Freund).</ae_bib>
<ae_ex>Selon Freund, il y a un t.IV qui comprendrait Bélisaire.</ae_ex>
<ae_sep>-</ae_sep>
<ae_pl>Deux</ae_pl>
<ae_pb>Ponts, Imprimerie ducale,</ae_pb>
<ae_y>1793,</ae_y>
<ae_f>3t. in-8,</ae_f>
<ae_p>229, 240, 234p.</ae_p>
<ae_bib>(BMt, Freund, Q)</ae_bib>
<ae_sep>-</ae_sep>
<ae_pl>Londres,</ae_pl>
<ae_y>1793,</ae_y>
<ae_f>6t.</ae_f>
<ae_bib>(Freund)</ae_bib>
<ae_sep>-</ae_sep>
<ae_pl>Maestricht.</ae_pl>
<ae_pb>Roux et Cie.</ae_pb>
<ae_y>1793,</ae_y>
<ae_f>6t.,</ae_f>
<ae_p>xv + 239, 162 (pour 262), 219, 171 (pour 271), 245, 267p.</ae_p>
<ae_bib>(MBt)</ae_bib>
<ae_sep>-</ae_sep>
<ae_pl>Leipsic,</ae_pl>
<ae_pb>Crusius,</ae_pb>
<ae_y>1794,</ae_y>
<ae_f>3t. in-8</ae_f>
<ae_bib>(Freund)</ae_bib>
<ae_sep>-</ae_sep>
<ae_pl>Londres,</ae_pl>
<ae_y>1795,</ae_y>
<ae_bib>6t.(Intemationaal Instituut voor Sociale Geschiedenis-Amsterdam, Freund)</ae_bib>
<ae_ex>nouvelle édition, corrigée et augmentée de plusieurs contes. Paris, an III, 6t„ xvi + 222, 104 (pour 204), 125 (pour 225), 231,523 (pour 253),</ae_ex>
<ae_p>262p.</ae_p>
<ae_bib>(MBt)</ae_bib>
<ae_sep>-</ae_sep>
<ae_pl>Cobourg,</ae_pl>
<ae_y>1797,</ae_y>
<ae_f>in-8</ae_f>
<ae_bib>(Freund, Q).</ae_bib>
<ae_ex>Édition scolaire avec des notes en allemand.</ae_ex>
<ae_sep>-</ae_sep>
<ae_pl>Londres,</ae_pl>
<ae_pb>C.G. &amp; J. Robinson,</ae_pb>
<ae_y>1798,</ae_y>
<ae_f>3t. in-8,</ae_f>
<ae_p>272, 299, 290p.</ae_p>
<ae_bib>(BMt)</ae_bib>
<ae_sep>-</ae_sep>
<ae_pl>Koburg,</ae_pl>
<ae_pb>Sinner,</ae_pb>
<ae_y>1798,</ae_y>
<ae_f>4t. in-8</ae_f>
<ae_bib>(Freund).</ae_bib>
<ae_ex>Edition scolaire.</ae_ex>
<ae_sep>-</ae_sep>
<ae_pl>Dortmund,</ae_pl>
<ae_pb>Mallinkrodt,</ae_pb>
<ae_y>1799,</ae_y>
<ae_f>in-8</ae_f>
<ae_bib>(Freund).</ae_bib>
<ae_ex>C’est le t.I d’un Recueil de contes moraux tirés des meilleurs auteurs français.</ae_ex>
<ae_sep>-</ae_sep>
<ae_pl>Brunswick,</ae_pl>
<ae_pb>Fauche,</ae_pb>
<ae_y>1800,</ae_y>
<ae_f>5t. in-12</ae_f>
<ae_bib>(Freund).</ae_bib>
<ae_ex>Les renseignements que donne Freund ne sont pas très précis. Selon lui, le titre de cette édition seraient: Nouveaux contes moraux (cf. 92.28); mais, sans avoir vu d’exemplaire, il suppose que les 5 volumes comprennent les contes de 1761-65 en même temps que ceux des années 90.</ae_ex>
<ae_sep>-</ae_sep>
<ae_pl>Paris,</ae_pl>
<ae_pb>J.-B. Gamery et Maradan,</ae_pb>
<ae_y>an neuf (1801),</ae_y>
<ae_f>4t. in-8 et in-12</ae_f>
<ae_bib>(CtY, MBt, MH, etc., Freund).</ae_bib>
<ae_ex>V. les éditions des Nouveaux contes moraux pour la même année, 92.28.</ae_ex>
<ae_sep>-</ae_sep>
<ae_pl>Paris,</ae_pl>
<ae_pb>Caille et Ravier,</ae_pb>
<ae_y>an IX,</ae_y>
<ae_f>4t.,</ae_f>
<ae_p>239, 277, 271,253p.</ae_p>
<ae_bib>(NcDt, Freund).</ae_bib>
<ae_ex>V. les éditions des Nouveaux contes moraux pour la même année, 92.28.</ae_ex>
<ae_sep>-</ae_sep>
<ae_pl>Leipsic,</ae_pl>
<ae_pb>Crusius,</ae_pb>
<ae_y>1803,</ae_y>
<ae_f>3t. in-8</ae_f>
<ae_bib>(Freund).</ae_bib>
<ae_ex>II y aurait un t.IV comprenent Bélisaire.</ae_ex>
<ae_sep>-</ae_sep>
<ae_pl>Paris,</ae_pl>
<ae_pb>Gamery,</ae_pb>
<ae_y>1803,</ae_y>
<ae_f>3t. in—12</ae_f>
<ae_bib>(OO, Freund)</ae_bib>
<ae_sep>-</ae_sep>
<ae_pl>Paris,</ae_pl>
<ae_pb>Crapart, Caille, Ravier,</ae_pb>
<ae_y>1804,</ae_y>
<ae_f>8t.</ae_f>
<ae_bib>(Amsterdam, MHT, Freund)</ae_bib>
<ae_sep>-</ae_sep>
<ae_pl>Dortmund,</ae_pl>
<ae_pb>Mallinkrodt,</ae_pb>
<ae_y>1804,</ae_y>
<ae_f>in-8</ae_f>
<ae_bib>(Freund).</ae_bib>
<ae_ex>Réédition de la version de 1799, ci-dessus.</ae_ex>
<ae_sep>-</ae_sep>
<ae_pl>Paris,</ae_pl>
<ae_pb>veuve Richard,</ae_pb>
<ae_y>1805,</ae_y>
<ae_f>4t. in-12</ae_f>
<ae_bib>(Freund)</ae_bib>
<ae_sep>-</ae_sep>
<ae_pl>Weimar,</ae_pl>
<ae_y>1814,</ae_y>
<ae_f>3t. in-8</ae_f>
<ae_bib>(Freund)</ae_bib>
<ae_sep>-</ae_sep>
<ae_ti>ds Choix des plus jolis contes moraux ...,</ae_ti>
<ae_pl>Paris,</ae_pl>
<ae_pb>Saintin,</ae_pb>
<ae_y>1817,</ae_y>
<ae_f>2t. in-12</ae_f>
<ae_bib>(Freund)</ae_bib>
<ae_sep>-</ae_sep>
<ae_ti>ds Œuvres,</ae_ti>
<ae_pl>Paris,</ae_pl>
<ae_pb>Verdières,</ae_pb>
<ae_y>1818-19,</ae_y>
<ae_f>in-8</ae_f>
<ae_bib>(BM, BN, Freund, Q)</ae_bib>
<ae_sep>-</ae_sep>
<ae_ti>ds Œuvres,</ae_ti>
<ae_pl>Paris,</ae_pl>
<ae_pb>A. Costes,</ae_pb>
<ae_y>1819</ae_y>
<ae_bib>(BN, Freund)</ae_bib>
<ae_sep>-</ae_sep>
<ae_ti>ds Œuvres,</ae_ti>
<ae_pl>Paris,</ae_pl>
<ae_pb>A. Belin,</ae_pb>
<ae_y>1819-20</ae_y>
<ae_bib>(BM, BN, Freund, Q)</ae_bib>
<ae_sep>-</ae_sep>
<ae_pl>Paris,</ae_pl>
<ae_pb>Lebègue,</ae_pb>
<ae_y>1820,</ae_y>
<ae_f>4t. in-12</ae_f>
<ae_bib>(Freund)</ae_bib>
<ae_sep>-</ae_sep>
<ae_pl>Paris,</ae_pl>
<ae_pb>L. Tenré,</ae_pb>
<ae_y>1820,</ae_y>
<ae_f>6t. in-12</ae_f>
<ae_bib>(Bruxelles, ICU, IU, Freund)</ae_bib>
</ae_se>
</ae>
</entry>
</document>

<document>
<entry>
<id>61.12</id>
<au>
<a>MARMONTEL, Jean-François</a>
</au>
<ti>Contes moraux par monsieur Marmontel, suivis d’une Apologie du théâtre</ti>
<det>
<pl>La Haye,</pl>
<y>1761,</y>
<f>2 t. in- 12,</f>
<p>xii + 283, 307p.</p>
</det>
<bib>BNt AL 1761 II 145-175, VII 109-134, 1786 VIII 289-294; CH 1761 VII 161 ; CorrL janv. 176! et nov. 1761; LV Freund Gay Lenel Mornet</bib>
<ex>0 L’ouvrage a eu trois étapes. La première édition de 1761 contenait quinze contes, dont douze avaient paru dans le Mercure de France entre sept. 1755 et déc.</ex>
<res>
<r_st>1759: Le Moi, anecdote ancienne; Soliman II, anecdote turque; Le scrupule ou l’amour mécontent; Tout ou rien, anecdote moderne; Les quatre flacons ou Alcidonis; Les deux infortunées, conte moral; Heureusement, anecdote française; Lausus et Lydie, histoire ancienne; Le philosophe soi-disant, anecdote moderne; L’heureux divorce, conte; La bergère des Alpes, anecdote moderne; La mauvaise mère, conte moral; La bonne mère; Annette et Lubin; Les mariages samnites. A la fin de 1761 une deuxième édition a paru, avec trois nouveaux contes: Le bon mari; Le connoisseur; L’école des pères. En 1765 Marmontel a publié, sous le titre: Nouveaux contes moraux, cinq contes qui ont été incorporés ensuite dans les éditions des Contes moraux: Le mari sylphe; Laurette;</r_st>
<r_c>La femme comme il y en a peu; L’amitié à l’épreuve; Le misanthrope corrigé. Quelques-uns de ces contes ont été réimprimés dans des recueils ou publiés isolément. En principe notre liste des</r_c>
</res>
<ae>
<ae_ae>Autres éditions ne comprend que les éditions collectives. Autres éditions:</ae_ae>
<ae_se>
<ae_sep>-</ae_sep>
<ae_ti>Histoire de quelques courtisanes grecques... par M. de Querlon,</ae_ti>
<ae_pl>Magdebourg &amp; Paris,</ae_pl>
<ae_pb>chez les marchands de nouveautés,</ae_pb>
<ae_y>s.d. [</ae_y>
<ae_f>I 763?|,</ae_f>
<ae_p>viii + 279p.</ae_p>
<ae_bib>(BMt).</ae_bib>
<ae_ex>Même impression que l’édition princeps, avec une nouvelle page de titre. Autre édition de Psaphion et de Cinname:</ae_ex>
<ae_sep>—</ae_sep>
<ae_ti>La courtisane de Smyrne, suivie de la Belle Cinname,</ae_ti>
<ae_y>1797</ae_y>
<ae_bib>(Gourcuff).</ae_bib>
<ae_ex>La courtisane de Smyrne est le même ouvrage que Psaphion.</ae_ex>
</ae_se>
</ae>
</entry>
</document>

<document>
<entry>
<id>61.13</id>
<au>
<a>MERAY, chevalier de</a>
</au>
<ti>La raison du temps ou la folie raisonnée par le baron de Fernuntsberg, Allemand francisé</ti>
<det>
<pl>Amsterdam,</pl>
<y>1761,2</y>
<f>t. in-12,</f>
<p>xix + 116, 168p.</p>
</det>
<bib>BN+ AL 1761 III 340-352; CorrL juillet 1761; LV Q</bib>
<res>
<r_p>Ire personne, avec récits intercalés Ire personne;</r_p>
<r_pl>France;</r_pl>
<r_n>Dortée, la marquise de Rubigny, la présidente de Bastel, la baronne de Listane;</r_n>
<r_c>le baron et la déesse ’Folie du temps’, invisibles, assistent à des conversations, à de petites scènes de moeurs;</r_c>
<r_s>but moralisateur.</r_s>
</res>
</entry>
</document>

<document>
<entry>
<id>61.14</id>
<au>
<a>MEUSN1ER DE QUERLON, Anne-Gabriel</a>
</au>
<ti>Les impostures innocentes ou les opuscules de M***</ti>
<det>
<pl>Magdebourg,</pl>
<y>1761,</y>
<f>in-12,</f>
<p>viii + 9 + 279p.</p>
</det>
<bib>A BMt BNt AL 1761 V 101-115; CorrL nov. 1761; LV B Delcro Drujon Gay Gourcuff Mornet Q</bib>
<ex>Le volume contient trois ouvrages qui avaient déjà paru: pp. 9-35, Le point de vue de l’Opéra, 1743; pp. 37-138, Psaphion, 1747 (v. Joncs); pp. 139-158, Les hommes de Prométhêe, 1748 (v. Jones). Pp. 159-242, Serpille et Lilla ou le roman d’un jour, traduit de l’original italien. L’auteur est censé être Anneo Molinari. Cet ouvrage avait paru dans le Journal étranger, mai et juin 1757, où le nom de l’auteur est écrit ‘Mulinari’.</ex>
<res>
<r_st>Pp. 243-279. Cinname, histoire grecque. Serpille et Lilla:</r_st>
<r_p>3e personne;</r_p>
<r_pl>Italie;</r_pl>
<r_s>roman</r_s>
<r_p>d’amour pastoral; Cinname: 3e personne;</r_p>
<r_pl>Grèce;</r_pl>
<r_n>Cinname, Agora, Chares, Pausa-nias;</r_n>
<r_c>intrigues galantes.</r_c>
</res>
<ae>
<ae_ae>Autre édition:</ae_ae>
<ae_se>
<ae_pl>_ Amsterdam &amp; Paris,</ae_pl>
<ae_pb>Dufour, Cuissar,</ae_pb>
<ae_y>1761,2</ae_y>
<ae_f>part. in-8</ae_f>
<ae_bib>(BNt)</ae_bib>
</ae_se>
</ae>
</entry>
</document>

<document>
<entry>
<id>61.15</id>
<au>
<a>NEUFVILLE DE BRUNABOIS-MONTADOR, chevalier Jean- Florent-Joseph de</a>
</au>
<ti>La petite-nièce d’Eschyle, histoire athéniene (sic) traduite d’un manuscrit grec intitulé Êk rijç tûv èiuÇrqpovùv (sic) àvcKSârri&lt;; loTopiaç èyXoyat, Fragmens de l’histoire anecdote des gens de lettres</ti>
<det>
<y>1761,</y>
<f>in-8,</f>
<p>24p.</p>
</det>
<bib>BNt CH 1761 VI 60 B</bib>
<res>
<r_c>C’est une anecdote à clef, concernant Voltaire et la petite-nièce de Corneille. 3epersonne; Athènes; Cornelios, Titonos, Cléonyme. Sophocle: l’illustre Sophocle offre son secours à une descendante d’Eschyle.</r_c>
</res>
</entry>
</document>

<document>
<entry>
<id>61.16</id>
<au>
<a>PON A, Francesco</a>
<trd>trad. par ?</trd>
</au>
<s>t</s>
<ti>La Messalinc, traduite de l’italien de Francesco Pona, imprimée à Venise</ti>
<det>
<y>en 1638 1761,</y>
<f>in-12,</f>
<p>118p.</p>
</det>
<bib>At BN Gay</bib>
<tr>Trad. de La Messalina di Francesco Pona, 1622.</tr>
<res>
<r_p>3e personne (biographie scandaleuse);</r_p>
<r_pl>Rome;</r_pl>
<r_n>Barbato Messala, Messaline, Claude, Silvius;</r_n>
<r_c>aventures galantes de l’impératrice romaine; pas de dialogues et peu de descriptions, mais les événements mêmes sont romanesques.</r_c>
</res>
</entry>
</document>

<document>
<entry>
<id>61.17</id>
<au>
<a>PUGET DE SAINT-PIERRE</a>
</au>
<ti>Les aventures de Periphas, descendant de Cécrops, par M. Puget de S. Pierre</ti>
<det>
<pl>Amsterdam &amp; Paris,</pl>
<pb>Dufour, Cuissar,</pb>
<y>1761,</y>
<f>2 part, in-12,</f>
<p>224, 252p.</p>
</det>
<bib>A BNt AL 1761 IV 313-334; AT 1762 (1761); CorrL juillet 1761; LV Clayton Delcro Mornet Q</bib>
<res>
<r_p>3e personne, avec récits intercalés Ire personne;</r_p>
<r_pl>Grèce;</r_pl>
<r_n>Elmédor, Ociroé, Erectée, Apollon;</r_n>
<r_c>éducation d’un jeune prince;</r_c>
<r_s>style poétique, pseudo-épopée à la manière de Fénelon.</r_s>
</res>
<ae>
<ae_ae>Autre édition:</ae_ae>
<ae_se>
<ae_sep>—</ae_sep>
<ae_ti>avec le faux titre: Julie ou la nouvelle Héloyse,</ae_ti>
<ae_pl>Amsterdam.</ae_pl>
<ae_y>1761,6</ae_y>
<ae_f>t.</ae_f>
<ae_bib>(Sénelicr)</ae_bib>
<ae_sep>—</ae_sep>
<ae_ti>Julie ou la nouvelle Héloïse, lettres...,</ae_ti>
<ae_pl>Amsterdam,</ae_pl>
<ae_y>1761,</ae_y>
<ae_f>6 part.</ae_f>
<ae_bib>(Sénelicr)</ae_bib>
<ae_sep>—</ae_sep>
<ae_ti>Julie...,</ae_ti>
<ae_pl>Amsterdam,</ae_pl>
<ae_y>MDCCLIX [pour MDCCLXI],</ae_y>
<ae_f>6 t.</ae_f>
<ae_bib>(Sénelier)</ae_bib>
<ae_sep>—</ae_sep>
<ae_ti>Lettres...,</ae_ti>
<ae_pl>Genève,</ae_pl>
<ae_y>1761,6</ae_y>
<ae_f>t.</ae_f>
<ae_bib>(Sénelier)</ae_bib>
<ae_sep>—</ae_sep>
<ae_ti>Lettres...,</ae_ti>
<ae_pl>Amsterdam,</ae_pl>
<ae_y>1761,</ae_y>
<ae_f>3 t.</ae_f>
<ae_bib>(Sénelier)</ae_bib>
<ae_sep>—</ae_sep>
<ae_ti>Julie...,</ae_ti>
<ae_pl>Amsterdam,</ae_pl>
<ae_y>1761,7</ae_y>
<ae_f>t.</ae_f>
<ae_bib>(Sénelier)</ae_bib>
<ae_sep>—</ae_sep>
<ae_ti>Julie...,</ae_ti>
<ae_pl>Paris,</ae_pl>
<ae_y>1761,4</ae_y>
<ae_f>t.</ae_f>
<ae_bib>(Sénelier)</ae_bib>
<ae_sep>—</ae_sep>
<ae_ti>Julie...,</ae_ti>
<ae_pl>Rouen,</ae_pl>
<ae_y>1761</ae_y>
<ae_bib>(Sénelier)</ae_bib>
<ae_sep>—</ae_sep>
<ae_ti>Julie...,</ae_ti>
<ae_pl>Paris,</ae_pl>
<ae_y>1762,</ae_y>
<ae_f>4 t.</ae_f>
<ae_bib>(Sénelicr)</ae_bib>
<ae_sep>—</ae_sep>
<ae_ti>La nouvelle Héloïse....</ae_ti>
<ae_pl>Lausanne,</ae_pl>
<ae_y>1762,</ae_y>
<ae_f>31.</ae_f>
<ae_bib>(Sénelier)</ae_bib>
<ae_sep>—</ae_sep>
<ae_ti>Lettres...,</ae_ti>
<ae_pl>Amsterdam,</ae_pl>
<ae_y>1762,</ae_y>
<ae_f>6 t.</ae_f>
<ae_bib>(Sénelier)</ae_bib>
<ae_sep>—</ae_sep>
<ae_ti>Julie....</ae_ti>
<ae_pl>La Haye,</ae_pl>
<ae_y>1762,</ae_y>
<ae_f>4 t.</ae_f>
<ae_bib>(Sénelier)</ae_bib>
<ae_ti>La nouvelle Héloïse....</ae_ti>
<ae_pl>Neuchâtel &amp; Paris,</ae_pl>
<ae_y>1764,</ae_y>
<ae_f>(Sénelier: in-8 et in-</ae_f>
<ae_bib>12)</ae_bib>
<ae_sep>—</ae_sep>
<ae_pl>Julie..Amsterdam,</ae_pl>
<ae_y>1764,</ae_y>
<ae_f>3 t.</ae_f>
<ae_bib>(LU)</ae_bib>
<ae_sep>—</ae_sep>
<ae_ti>Julie....</ae_ti>
<ae_pl>Amsterdam,</ae_pl>
<ae_y>1765,</ae_y>
<ae_f>6 t.</ae_f>
<ae_bib>(Sénelier)</ae_bib>
<ae_sep>—</ae_sep>
<ae_pl>Lettres..Amsterdam,</ae_pl>
<ae_y>1765,</ae_y>
<ae_f>3 t.</ae_f>
<ae_bib>(Sénelier)</ae_bib>
<ae_sep>—</ae_sep>
<ae_ti>Lettres...,</ae_ti>
<ae_pl>Amsterdam,</ae_pl>
<ae_y>1767,</ae_y>
<ae_f>3 t.</ae_f>
<ae_bib>(Sénelier)</ae_bib>
<ae_sep>—</ae_sep>
<ae_ti>Julie....</ae_ti>
<ae_pl>Amsterdam,</ae_pl>
<ae_y>1769,</ae_y>
<ae_f>3 t.</ae_f>
<ae_bib>(CtY)</ae_bib>
<ae_sep>—</ae_sep>
<ae_ti>Julie....</ae_ti>
<ae_pl>Amsterdam,</ae_pl>
<ae_y>1770</ae_y>
<ae_bib>(Sénelier)</ae_bib>
<ae_sep>—</ae_sep>
<ae_ti>Julie...,</ae_ti>
<ae_pl>Amsterdam,</ae_pl>
<ae_y>1770,</ae_y>
<ae_f>6 t.</ae_f>
<ae_bib>(Sénelier)</ae_bib>
<ae_sep>—</ae_sep>
<ae_ti>Julie....</ae_ti>
<ae_pl>Amsterdam,</ae_pl>
<ae_y>1771,6</ae_y>
<ae_f>t.</ae_f>
<ae_bib>(Sénelier)</ae_bib>
<ae_sep>—</ae_sep>
<ae_ti>Lettres...,</ae_ti>
<ae_pl>Amsterdam,</ae_pl>
<ae_y>1772,</ae_y>
<ae_bib>6t.(Sénelier)</ae_bib>
<ae_sep>—</ae_sep>
<ae_ti>Julie....</ae_ti>
<ae_pl>Amsterdam,</ae_pl>
<ae_y>1772,</ae_y>
<ae_f>3 t.</ae_f>
<ae_bib>(Sénelier)</ae_bib>
<ae_sep>—</ae_sep>
<ae_ti>Lettres...,</ae_ti>
<ae_pl>Amsterdam,</ae_pl>
<ae_y>1773</ae_y>
<ae_bib>(Sénelier)</ae_bib>
<ae_sep>—</ae_sep>
<ae_pl>Londres,</ae_pl>
<ae_y>1774,</ae_y>
<ae_f>2 t. in-4(NN)</ae_f>
<ae_sep>—</ae_sep>
<ae_ti>Julie...,</ae_ti>
<ae_pl>Amsterdam,</ae_pl>
<ae_y>1775,</ae_y>
<ae_f>6 t.</ae_f>
<ae_bib>(Sénelier)</ae_bib>
<ae_sep>—</ae_sep>
<ae_ti>Julie...,</ae_ti>
<ae_pl>Amsterdam,</ae_pl>
<ae_y>1776,</ae_y>
<ae_f>6 t.</ae_f>
<ae_bib>(Sénelier)</ae_bib>
<ae_sep>—</ae_sep>
<ae_ti>Julie...,</ae_ti>
<ae_pl>Amsterdam,</ae_pl>
<ae_y>1778</ae_y>
<ae_bib>(Sénelier)</ae_bib>
<ae_sep>—</ae_sep>
<ae_ti>La nouvelle Héloïse...,</ae_ti>
<ae_pl>Genève,</ae_pl>
<ae_y>1780-81,4</ae_y>
<ae_f>t. in-12 et in-8 et in-4</ae_f>
<ae_bib>(Sénelier)</ae_bib>
<ae_sep>—</ae_sep>
<ae_pl>Londres,</ae_pl>
<ae_y>1781,7t.</ae_y>
<ae_bib>(MH, PHC)</ae_bib>
<ae_sep>—</ae_sep>
<ae_ti>La nouvelle Héloïse...,</ae_ti>
<ae_pl>Londres</ae_pl>
<ae_y>1781,7t.</ae_y>
<ae_bib>(Brissart, MH, PHC, PPM)</ae_bib>
<ae_sep>—</ae_sep>
<ae_ti>La nouvelle Héloïse...,</ae_ti>
<ae_pl>Genève,</ae_pl>
<ae_y>1783,</ae_y>
<ae_f>6 part.</ae_f>
<ae_bib>(Sénelier)</ae_bib>
<ae_sep>—</ae_sep>
<ae_pl>Londres</ae_pl>
<ae_pb>[Paris, Cazin],</ae_pb>
<ae_y>1783,</ae_y>
<ae_f>4 t. in-8</ae_f>
<ae_bib>(MH)</ae_bib>
<ae_sep>—</ae_sep>
<ae_ti>La nouvelle Héloïse...,</ae_ti>
<ae_pl>s.l.,</ae_pl>
<ae_y>1783</ae_y>
<ae_bib>(ViU)</ae_bib>
<ae_sep>—</ae_sep>
<ae_ti>La nouvelle Héloïse,</ae_ti>
<ae_pl>Genève,</ae_pl>
<ae_y>1786,</ae_y>
<ae_f>6 t.</ae_f>
<ae_bib>(Sénelier)</ae_bib>
<ae_sep>—</ae_sep>
<ae_ti>La nouvelle Héloïse...,</ae_ti>
<ae_pl>Genève,</ae_pl>
<ae_y>1787,</ae_y>
<ae_f>4 t.</ae_f>
<ae_bib>(Sénelier)</ae_bib>
<ae_sep>—</ae_sep>
<ae_ti>La nouvelle Héloïse...,</ae_ti>
<ae_pl>Genève,</ae_pl>
<ae_y>1788,</ae_y>
<ae_f>3 t.</ae_f>
<ae_bib>(Sénelier)</ae_bib>
<ae_sep>—</ae_sep>
<ae_ti>La nouvelle Héloïse....</ae_ti>
<ae_pl>Paris,</ae_pl>
<ae_y>1788,</ae_y>
<ae_f>4 t.</ae_f>
<ae_bib>(Sénelier)</ae_bib>
<ae_sep>—</ae_sep>
<ae_ti>Julie...,</ae_ti>
<ae_pl>Amsterdam,</ae_pl>
<ae_y>1791,</ae_y>
<ae_f>3 t.</ae_f>
<ae_bib>(Sénelier)</ae_bib>
<ae_sep>—</ae_sep>
<ae_ti>Julie....</ae_ti>
<ae_pl>Lausanne,</ae_pl>
<ae_y>1792,</ae_y>
<ae_f>4 t.</ae_f>
<ae_bib>(Sénelier)</ae_bib>
<ae_sep>—</ae_sep>
<ae_ti>La nouvelle Héloïse...,</ae_ti>
<ae_pl>Paris,</ae_pl>
<ae_pb>Le Prieur,</ae_pb>
<ae_y>1792,</ae_y>
<ae_f>6 t.</ae_f>
<ae_bib>(Sénelier)</ae_bib>
<ae_sep>—</ae_sep>
<ae_pl>Paris,</ae_pl>
<ae_pb>Belin,</ae_pb>
<ae_y>1792,</ae_y>
<ae_f>3 t.</ae_f>
<ae_bib>(MH)</ae_bib>
<ae_sep>—</ae_sep>
<ae_ti>La nouvelle Héloïse ...,</ae_ti>
<ae_pl>Avignon,</ae_pl>
<ae_y>1793,</ae_y>
<ae_f>6 t.</ae_f>
<ae_bib>(Sénelier)</ae_bib>
<ae_sep>—</ae_sep>
<ae_ti>Julie...,</ae_ti>
<ae_pl>Genève,</ae_pl>
<ae_y>1793,</ae_y>
<ae_f>6 t.</ae_f>
<ae_bib>(Sénelier)</ae_bib>
<ae_sep>—</ae_sep>
<ae_ti>Julie...,</ae_ti>
<ae_pl>Lyon,</ae_pl>
<ae_y>1793,</ae_y>
<ae_f>4 t.</ae_f>
<ae_bib>(Sénelier)</ae_bib>
<ae_sep>—</ae_sep>
<ae_pl>Paris,</ae_pl>
<ae_pb>Libraires associés,</ae_pb>
<ae_y>1793,</ae_y>
<ae_f>3 t. in-18</ae_f>
<ae_bib>(MB)</ae_bib>
<ae_sep>—</ae_sep>
<ae_ti>Julie...,</ae_ti>
<ae_pl>Paris,</ae_pl>
<ae_y>1794,</ae_y>
<ae_f>6 t.</ae_f>
<ae_bib>(Sénelier)</ae_bib>
<ae_sep>—</ae_sep>
<ae_ti>Julie...,</ae_ti>
<ae_pl>Paris,</ae_pl>
<ae_y>1794,</ae_y>
<ae_f>6 t.</ae_f>
<ae_bib>(ViU, Sénelier)</ae_bib>
<ae_sep>—</ae_sep>
<ae_ti>La nouvelle Héloïse...,</ae_ti>
<ae_pl>Rouen,</ae_pl>
<ae_y>1795,</ae_y>
<ae_f>4 t.</ae_f>
<ae_bib>(Sénelier)</ae_bib>
<ae_sep>—</ae_sep>
<ae_ti>La nouvelle Héloïse....</ae_ti>
<ae_pl>Bâle,</ae_pl>
<ae_y>s.d. [ 1796],</ae_y>
<ae_f>4 t.</ae_f>
<ae_bib>(Sénelier)</ae_bib>
<ae_sep>—</ae_sep>
<ae_ti>La nouvelle Héloïse....</ae_ti>
<ae_pl>Paris,</ae_pl>
<ae_y>1799,</ae_y>
<ae_f>6 t.</ae_f>
<ae_bib>(Sénelier)</ae_bib>
<ae_sep>—</ae_sep>
<ae_ti>La nouvelle Héloïse....</ae_ti>
<ae_y>an 8e [ 1799],</ae_y>
<ae_f>6 t.</ae_f>
<ae_bib>(Sénelier)</ae_bib>
<ae_ti>Editions des Œuvres complètes, et des Œuvres diverses qui contiennent Julie et Emile (Sénelier donne toutes ces éditions à part celle de Genève,</ae_ti>
<ae_y>1782):</ae_y>
<ae_pl>Amsterdam,</ae_pl>
<ae_y>1762-64,</ae_y>
<ae_f>9 t. in-12</ae_f>
<ae_pl>Neuchâtel,</ae_pl>
<ae_y>1764,</ae_y>
<ae_f>9 t.</ae_f>
<ae_sep>—</ae_sep>
<ae_pl>Amsterdam,</ae_pl>
<ae_y>1769-70,</ae_y>
<ae_ex>I I t. in-8 et in-12</ae_ex>
<ae_sep>—</ae_sep>
<ae_pl>Amsterdam,</ae_pl>
<ae_y>1772,</ae_y>
<ae_f>I I t. in-8</ae_f>
<ae_pl>Amsterdam,</ae_pl>
<ae_y>1773,</ae_y>
<ae_f>12 t.</ae_f>
<ae_sep>—</ae_sep>
<ae_pl>Amsterdam,</ae_pl>
<ae_y>1774,</ae_y>
<ae_f>1 2 t. in- 12</ae_f>
<ae_sep>—</ae_sep>
<ae_pl>Londres,</ae_pl>
<ae_y>1774-76 (ou 1774-83),</ae_y>
<ae_f>9 t. in-4</ae_f>
<ae_sep>—</ae_sep>
<ae_pl>Neuchâtel,</ae_pl>
<ae_y>1775,</ae_y>
<ae_f>1 I t. in-8</ae_f>
<ae_sep>—</ae_sep>
<ae_pl>Amsterdam,</ae_pl>
<ae_y>1776,</ae_y>
<ae_f>12 t. in-12</ae_f>
<ae_sep>—</ae_sep>
<ae_pl>Genève,</ae_pl>
<ae_pb>Du Peyrou et Moltou,</ae_pb>
<ae_y>1780-82,</ae_y>
<ae_f>15 t. in-4</ae_f>
<ae_sep>—</ae_sep>
<ae_pl>Genève.</ae_pl>
<ae_pb>Du Peyrou et Moltou.</ae_pb>
<ae_y>1780-89,</ae_y>
<ae_f>30 t. in-8 et in- 12</ae_f>
<ae_pl>Londres</ae_pl>
<ae_pb>[Cazin],</ae_pb>
<ae_y>1780-91,</ae_y>
<ae_f>38 t. in-18</ae_f>
<ae_sep>—</ae_sep>
<ae_pl>Genève,</ae_pl>
<ae_y>1782,</ae_y>
<ae_f>17t. in-4</ae_f>
<ae_bib>(Neuchâtelf, MH).</ae_bib>
<ae_ex>Une deuxième page de titre donne 1781.</ae_ex>
<ae_sep>—</ae_sep>
<ae_pl>Genève,</ae_pl>
<ae_y>1782,</ae_y>
<ae_f>24t. et 9t. de Supplément, in-12</ae_f>
<ae_bib>(Neuchâtelf)</ae_bib>
<ae_sep>—</ae_sep>
<ae_pl>s.l., ###</ae_pl>
<ae_pb>J. J. Thourneisen,</ae_pb>
<ae_y>1793-95,</ae_y>
<ae_f>33 t. in-12</ae_f>
<ae_sep>-</ae_sep>
<ae_pl>Paris,</ae_pl>
<ae_pb>Didot et Defer de Maisonneuve,</ae_pb>
<ae_y>1793-1800,</ae_y>
<ae_f>18 t. in-4</ae_f>
<ae_pl>Paris,</ae_pl>
<ae_pb>Didot jeune,</ae_pb>
<ae_y>1795,</ae_y>
<ae_f>32 t. in-12</ae_f>
<ae_sep>-</ae_sep>
<ae_pl>Lyon,</ae_pl>
<ae_y>1796,</ae_y>
<ae_f>33 t. in-8 et in- 12</ae_f>
<ae_pl>Paris,</ae_pl>
<ae_pb>Didot ainé,</ae_pb>
<ae_y>an IX-1801,</ae_y>
<ae_f>20 t. in-8</ae_f>
<ae_sep>-</ae_sep>
<ae_pl>Paris,</ae_pl>
<ae_pb>Didot aîné,</ae_pb>
<ae_y>an X-1801,</ae_y>
<ae_f>25 t. in-8</ae_f>
<ae_pl>Bruxelles,</ae_pl>
<ae_y>an XII, 1804,46</ae_y>
<ae_f>t. in-12</ae_f>
</ae_se>
</ae>
</entry>
</document>

<document>
<entry>
<id>61.18</id>
<au>
<a>ROUSSEAU, Jean-Jacques</a>
</au>
<ti>Lettres de deux amans, habitans d’une petite ville au pied des Alpes, recueillies et publiées par J.-J. Rousseau</ti>
<det>
<pl>Amsterdam,</pl>
<pb>Marc Michel Rey,</pb>
<y>1761,6 t</y>
<f>in-12</f>
<p>407 319 255,331,311,312p.</p>
</det>
<bib>A AL 1761 11 289-330; AT 1762 (1761); CorrL fév. 1761 et juin 1776 Gay Mornet 0 Saint-Fargcau Sénelier</bib>
<ex>Notre liste de rééditions est basée sur celle de Sénelier, qui fournit de plus amples détails. V. aussi Œuvres complètes de Jean-Jacques Rousseau, éd. Pléiade, 1964, pp.l 967-76. Pour 1 épisode supplémentaire, Les amours de milord Edouard Bomston, v. 80.30.</ex>
<res>
<r_p>Lettres;</r_p>
<r_pl>Suisse, Paris;</r_pl>
<r_n>Saint-Preux, Julie, Claire;</r_n>
<r_c>Intrigues sentimentales, discussions morales;</r_c>
<r_s>sensibilité.</r_s>
</res>
<det>
<pl>Constantinople,</pl>
<y>1761,</y>
<f>in-8,</f>
<p>vii + 141p.</p>
</det>
<ae>
<ae_ae>Autres éditions:</ae_ae>
<ae_se>
<ae_pl>-Constantinople,</ae_pl>
<ae_y>1761,</ae_y>
<ae_f>in-12,</ae_f>
<ae_p>vii + 110p.</ae_p>
<ae_bib>(DLCf )</ae_bib>
</ae_se>
</ae></entry>
</document>

<document>
<entry>
<id>61.19</id>
<au>
<a>SACY, Claude-Louis-Michel de</a>
</au>
<ti>Les amours de Mirtil</ti>
<det>
<pl>Genève,</pl>
<y>1761,</y>
<f>in-12,</f>
<p>34p.</p>
</det>
<bib>A BMf (sous ‘Mirtil’) AL 1761 V 25-39; AT 1762 (1761); CorrL août 1761; LV Clayton Dufrenoy Gay Mornet</bib>
<ex>BUR 1780 avril, pp. 183-213, offre une version abrégée.</ex>
<res>
<r_p>3e personne;</r_p>
<r_pl>paysage de fantaisie;</r_pl>
<r_n>bergers et dieux: Mirtil, Palémon, Vénus;</r_n>
<r_c>style poétique.</r_c>
</res>
<ae>
<ae_ae>Autre édition:</ae_ae>
<ae_se>
<ae_sep>-</ae_sep>
<ae_pl>Genève,</ae_pl>
<ae_y>1761,</ae_y>
<ae_f>in-8,</ae_f>
<ae_p>70p.</ae_p>
<ae_bib>(BN)</ae_bib>
<ae_sep>-</ae_sep>
<ae_pl>Genève,</ae_pl>
<ae_y>1761,</ae_y>
<ae_f>in-8,</ae_f>
<ae_p>47p.</ae_p>
<ae_bib>(BMt, BN)</ae_bib>
<ae_sep>—</ae_sep>
<ae_pl>Genève,</ae_pl>
<ae_y>1761,</ae_y>
<ae_f>in-8,</ae_f>
<ae_p>70p.</ae_p>
<ae_bib>(BN, Q)</ae_bib>
<ae_sep>-</ae_sep>
<ae_pl>Genève,</ae_pl>
<ae_y>1762,</ae_y>
<ae_f>2 fasc. in-12</ae_f>
<ae_bib>(BN)</ae_bib>
<ae_sep>-</ae_sep>
<ae_pl>Genève,</ae_pl>
<ae_y>1763</ae_y>
<ae_bib>(NSchU)</ae_bib>
<ae_sep>-</ae_sep>
<ae_pl>Genève,</ae_pl>
<ae_y>1771,68p.</ae_y>
<ae_bib>(MH)</ae_bib>
<ae_sep>-</ae_sep>
<ae_pl>Genève,</ae_pl>
<ae_y>1778,</ae_y>
<ae_f>in-8,</ae_f>
<ae_p>68p.</ae_p>
<ae_bib>(BN)</ae_bib>
</ae_se>
</ae>
</entry>
</document>

<document>
<entry>
<id>61.20</id>
<au>
<a>SELIS, Nicolas-Joseph</a>
</au>
<s>m</s>
<ti>Relation de la maladie, de la confession, de la fin de M. de Voltaire et de ce qui s’ensuivit, par moi, Joseph Dubois</ti>
<det>
<pl>Londres,</pl>
<pb>Jean Nourse,</pb>
<y>1761,</y>
<f>3 t. in-12,</f>
<p>xv + 400, 342, 320p.</p>
</det>
<bib>BNf Q</bib>
<ex>Q: ‘Sorte d’imitation ou contre-épreuve de la Relation de la mort du P. Berthier, par Voltair^. V. 59.26.</ex>
<res>
<r_p>En marge: Ire personne;</r_p>
<r_c>le valet de Voltaire raconte les dernières heures de son maître; celui-ci ne se repent d’aucune de ses actions, et s’en va en enfer;</r_c>
<r_s>ton ironique.</r_s>
</res>
<ae>
<ae_ae>Autres éditions:</ae_ae>
<ae_se>
<ae_sep>-</ae_sep>
<ae_pl>Londres,</ae_pl>
<ae_pb>J. Nourse,</ae_pb>
<ae_y>1762,</ae_y>
<ae_f>2 t. in-8</ae_f>
<ae_bib>(BN, Joliat)</ae_bib>
<ae_sep>-</ae_sep>
<ae_pl>Amsterdam,</ae_pl>
<ae_pb>aux dépens de la Compagnie,</ae_pb>
<ae_y>1762,</ae_y>
<ae_f>2 t. in-8,</ae_f>
<ae_p>xvi + 352, viii + 332p.</ae_p>
<ae_bib>(BMf, BN, Rochedieu)</ae_bib>
<ae_sep>-</ae_sep>
<ae_y>1763</ae_y>
<ae_bib>(Rochedieu)</ae_bib>
<ae_sep>—</ae_sep>
<ae_ti>Histoire et aventures....</ae_ti>
<ae_pl>Genève,</ae_pl>
<ae_pb>Nouffer de Rodon et Compagnie,</ae_pb>
<ae_y>1782,</ae_y>
<ae_f>2 t. in-12</ae_f>
<ae_bib>(BMf, Rochedieu)61.21</ae_bib>
<ae_sep>-</ae_sep>
<ae_ti>Aventures, ds Œuvres de M. Fielding (Bibliothèque ou choix des meilleurs romans anglois),</ae_ti>
<ae_pl>Genève,</ae_pl>
<ae_pb>Nouffer de Rodon,</ae_pb>
<ae_y>1781-82,</ae_y>
<ae_f>14t. in-12</ae_f>
<ae_bib>(BNt, Joliat, Rochedieu)</ae_bib>
<ae_ex>, ,</ae_ex>
<ae_sep>-</ae_sep>
<ae_pl>Reims,</ae_pl>
<ae_pb>Cazin,</ae_pb>
<ae_y>1784,</ae_y>
<ae_f>4t. in-18</ae_f>
<ae_bib>(BMt, Brissart, Joliat, Rochedieu) _ dt complètes de Fielding.</ae_bib>
<ae_pl>Paris,</ae_pl>
<ae_pb>Perlet,</ae_pb>
<ae_y>1797,</ae_y>
<ae_f>23t.</ae_f>
<ae_bib>(Lausanne, MH, Q)</ae_bib>
<ae_sep>-</ae_sep>
<ae_ti>ds Œuvres complètes ....Paris,</ae_ti>
<ae_pb>L. Duprat-Duverger,</ae_pb>
<ae_y>1804,</ae_y>
<ae_f>23t.</ae_f>
<ae_bib>(BMt, Q)</ae_bib>
</ae_se>
</ae>
</entry>
</document>

<document>
<entry>
<id>61.21</id>
<au>
<a>SMOLLETT, Tobias</a>
<trd>trad. par Philippe-Florent de t PUISIEUX et Philippe HERNANDEZ</trd>
</au>
<ti>Aventures de Roderik Random, traduites de l’anglois de Fielding</ti>
<det>
<y>1761,</y>
<f>in-12,</f>
<p>138p.</p>
</det>
<bib>A BNf AT 1762(1761); LV Joliat Q Rochedieu Streeter</bib>
<ex>Rochedieu donne une édition de 1751, sans doute par erreur. L’attribution à Fielding est-elle fondée sur une méprise, ou bien motivée par la réputation croissante de celui-ci?</ex>
<tr>Trad. de The Adventures of Roderick Random, 1748.</tr>
<res>
<r_p>Ire personne;</r_p>
<r_pl>Angleterre;</r_pl>
<r_n>Tom Bouling, Mr Crab, Strap;</r_n>
<r_c>aventures romanesques, voyages;</r_c>
<r_s>but moralisateur.</r_s>
</res>
<ae>
<ae_ae>Autres éditions:</ae_ae>
<ae_se>- Londres, J. Nourse, 1762, 2 t. in-8 (BN, Joliat) - Amsterdam, aux dépens de la Compagnie, 1762, 2 t. in-8, xvi + 352, viii + 332p. (BMf, BN, Rochedieu) - 1763 (Rochedieu) — Histoire et aventures.... Genève, Nouffer de Rodon et Compagnie, 1782, 2 t. in-12 (BMf, Rochedieu)61.21 - Aventures, ds Œuvres de M. Fielding (Bibliothèque ou choix des meilleurs romans anglois), Genève, Nouffer de Rodon, 1781-82, 14t. in-12 (BNt, Joliat, Rochedieu) , , - Reims, Cazin, 1784, 4t. in-18 (BMt, Brissart, Joliat, Rochedieu) _ dt complètes de Fielding. Paris, Perlet, 1797, 23t. (Lausanne, MH, Q) - ds Œuvres complètes ....Paris, L. Duprat-Duverger, 1804, 23t. (BMt, Q)</ae_se>
</ae>
</entry>
</document>

<document>
<entry>
<id>61.22</id>
<au>
<a>TACONNET, Toussaint-Gaspard</a>
</au>
<ti>Mémoires d’un Frivolité par l’auteur ambulant</ti>
<det>
<pl>Paris,</pl>
<y>1761,</y>
<f>in-12</f>
</det>
<bib>At LV B Delcro Dufrenoy Gay Mornet Q</bib>
<ex>Selon l’Avertissement, c’est une traduction de l’allemand. NBR 5e année XIV (1803), pp. 1-55, présente une version abrégée et ‘améliorée’, écrite par Fabre d’OIivel.</ex>
<res>
<r_p>3e personne;</r_p>
<r_pl>deux pays imaginaires, Frivolarque et Néniarque;</r_pl>
<r_n>Elaphre, Frivole, Garzula. Colifichet;</r_n>
<r_c>intrigue sentimentale, aventures merveilleuses et allégoriques;</r_c>
<r_s>ton satirique.</r_s>
</res>
</entry>
</document>

<document>
<entry>
<id>61.23</id>
<au>
<a>THOMASSEAU DE CURSAY, abbé Jean-Marie-Joseph Thomasseau, dit</a>
</au>
<s>*</s>
<ti>Les deux frères angevins</ti>
<det>
<pl>Paris,</pl>
<pb>Libraires associés,</pb>
<y>1761,</y>
<f>3 part, in-12,</f>
<p>171, 113, 125p.</p>
</det>
<bib>B Q</bib>
<ex>Serait-ce le même ouvrage que Les deux frères de 1770? (v. 70.76).</ex>
</entry>
</document>

<document>
<entry>
<id>61.24</id>
<au>
<a>VAREILLES SOMMIÈRES, Auguste-Jean-François-Antoine n de Labroue, baron de</a>
</au>
<ti>Mémoires de Lucile par Mr. le baron de V. S.</ti>
<det>
<pl>Amsterdam,</pl>
<pb>aux dépens de l’éditeur,</pb>
<y>1761,2</y>
<f>t. in- 12,</f>
<p>xxiv + 339, vi + 384p.</p>
</det>
<bib>BMt Gay Q</bib>
<ex>Version complète d’un ouvrage dont la première partie seule a été publiée en 1756. V. 56.31.</ex>
</entry>
</document>

<document>
<entry>
<id>61.25</id>
<au>
<a>VILLENEUVE DE LISTONAY</a>
</au>
<ti>Le voyageur philosophe dans un pais inconnu aux habitants de la terre, par Mr de Listonai</ti>
<det>
<y>1761,</y>
<f>in-8</f>
</det>
<bib>At AL 1762 II 289-309; AT 1762 (1761); CorrL déc. 1761; LV Dufrenoy Momet</bib>
<ex>Q donne 1771, sans doute par erreur pour 1761. Selon Q, ‘Listonai’ serait un pseudonyme adopté par Villeneuve.</ex>
<res>
<r_p>Ire personne;</r_p>
<r_c>voyage dans la lune et description des Sélénites;</r_c>
<r_s>Utopie et tendances satiriques.</r_s>
</res>
</entry>
</document>

<document>
<entry>
<id>61.26</id>
<au>
<a>VOLTAIRE, François-Marie Arouet de</a>
</au>
<ti>Seconde suite de mélanges de littérature, d’histoire, de philosophie</ti>
<det>1761, in-8</det>
<bib>BMt Bengesco Dufrenoy</bib>
<ex>Pp. 348-351. Histoire d’un bon Bramin. Petit conte, ou plutôt dialogue, sur les avantages respectifs de l’intelligence et du bonheur. Pour les éditions des Œuvres et des Romans et contes v. 52.43.</ex>
</entry>
</document>

</root>