<root>

<document>
<entry>
<id>67.1</id>
<ti>L’amitié scythe ou histoire secrette de la conjuration de Thèbes</ti>
<det>
<pl>Isscdon &amp; Paris,</pl>
<pb>Vente,</pb>
<y>1767,</y>
<f>in - 12,</f>
<p>ii + 188p</p>
</det>
<bib>A BNt AL 1767 1 129- 141; CorrL mai 1767; LV Momet</bib>
<res>
<r_p>3e personne (pseudo-traduction d’un manuscrit grec);</r_p>
<r_pl>Thèbes Athènes;</r_pl>
<r_n>Céphisodore, Philo time, Dioxippe, Sisinnès;</r_n>
<r_c>politique, guerres, amitié, éducation, amour, arrière-plan historique;</r_c>
<r_s>intentions moralisatrices.</r_s>
</res>
</entry>
</document>

<document>
<entry>
<id>67.2</id>
<au>
<a>?</a>
<trd>trad. par Philippe-Florent de PUISIEUX</trd>
</au>
<s>t</s>
<ti>La campagne, roman traduit de l’anglois par M. de Puisieux</ti>
<det>
<pl>Londres &amp; Paris,</pl>
<pb>veuve Duchesne,</pb>
<y>1767,</y>
<f>2 t. in - 12,</f>
<p>346, 297p.</p>
</det>
<bib>A BM BNf AL 1766 VII 254-267; CatH xliv 1766; CorrL déc. 1766’ LV Mornet</bib>
<ex>B, Q, Streeter donnent la date de 1766, année de publication de l’ouvrage d’après les références contemporaines. Cet ouvrage, dans cette édition, constitue le tonie 1 de la Bibliothèque de campagne, Amsterdam &amp; Paris, veuve Duchesne, 1778, 24 t. (BNt). BUR, 1784 sept., pp. 3-46, offre une analyse.</ex>
<tr>Trad. de The Campaign, a True Story. 1759.</tr>
<res>
<r_p>3e personne;</r_p>
<r_pl>cadre anglais;</r_pl>
<r_n>M. Stanley, lord Belfort, George, Léonore (bourgeois, militaires);</r_n>
<r_c>aventures militaires, intrigues sentimentales;</r_c>
<r_s>ton comique.</r_s>
</res>
</entry>
</document>

<document>
<entry>
<id>67.3</id>
<ti>Candide en Dannemarc ou l’optimisme des honnêtes gens</ti>
<det>
<pl>Genève,</pl>
<y>1767,</y>
<f>in - 8,</f>
<p>236p.</p>
</det>
<bib>A BM BNt LV Gay Mornet Thacker</bib>
<ex>C’est une suite à la Seconde Partie de Candide (v. 60.31 ). V. aussi l’article de Christopher Thacker cité à propos de cet ouvrage.</ex>
<res>
<r_p>3e personne, avec des récits Ire personne;</r_p>
<r_pl>Allemagne, Danemark, Norvège;</r_pl>
<r_n>Candide (qui devient M. Canutson), Cacambo. Zénoïde, le seigneur Volhall;</r_n>
<r_c>thèmes philosophiques: progrès moral de Candide;</r_c>
<r_s>ton satirique.</r_s>
</res>
<ae>
<ae_ae>Autres éditions:</ae_ae>
<ae_se>
<ae_sep>-</ae_sep>
<ae_pl>Genève,</ae_pl>
<ae_y>1767,</ae_y>
<ae_p>209p.</ae_p>
<ae_bib>(CtY, ICN)</ae_bib>
<ae_sep>-</ae_sep>
<ae_pl>Genève,</ae_pl>
<ae_y>1769,</ae_y>
<ae_p>209p.</ae_p>
<ae_bib>(CaBVaU, CtY, MH)</ae_bib>
</ae_se>
</ae>
</entry>
</document>

<document>
<entry>
<id>67.4</id>
<ti>Les deux amis</ti>
<det>
<pl>Amsterdam &amp; Paris,</pl>
<pb>Rivière,</pb>
<y>1767,</y>
<f>in - 12,</f>
<p>xvi + 103p.</p>
</det>
<bib>At CatH xx 1767; CorrL mai 1767; LV Momet</bib>
<res>
<r_p>3e personne, avec récit Ire personne;</r_p>
<r_pl>province, Paris;</r_pl>
<r_n>le comte de Saint-Ange, Valcourt, le baron de Saint-Just, Mme de Thionville;</r_n>
<r_c>amours contrariées, aventures romanesques, malheurs;</r_c>
<r_s>sensibilité effrénée, vertu.</r_s>
</res>
</entry>
</document>

<document>
<entry>
<id>67.5</id>
<ti>Les écarts de la jeunesse, histoire morale</ti>
<det>
<pl>Amsterdam,</pl>
<y>1767,</y>
<f>in-8,</f>
<p>181p.</p>
</det>
<bib>BNt</bib>
<res>
<r_p>3e personne, avec récits intercalés Ire personne des personnages;</r_p>
<r_pl>province, Alger;</r_pl>
<r_n>Mr. Perrin, Coursillac, Dorigni (bourgeois, corné diens);</r_n>
<r_c>les débuts d’un jeune bourgeois, voyages, aventures romanesques, épisode oriental;</r_c>
<r_s>tendances réalistes, ton comique.</r_s>
</res>
<ae>
<ae_ae>Autre édition :</ae_ae>
<ae_se>
<ae_sep>-</ae_sep>
<ae_pl>Amsterdam,</ae_pl>
<ae_y>1768,</ae_y>
<ae_f>in - 12,</ae_f>
<ae_p>viii + 181p.</ae_p>
<ae_bib>(At, BM, Gay, Momet)</ae_bib>
</ae_se>
</ae>
</entry>
</document>

<document>
<entry>
<id>67.6</id>
<ti>Les Gascons en Hollande ou aventures singulières de plusieurs Gascons</ti>
<det>
<y>1767,2</y>
<f>t. in-8,</f>
<p>378, 284p.</p>
</det>
<bib>A BNt AL 1767 IV 238-241; CorrL août 1767; LV Gay Mornet</bib>
<ex>La date de 1747 donnée par Gay et citée par Jones (p.94) est très vraisemblablement une erreur pour 1767.</ex>
<res>
<r_p>Cadre Ire personne, avec récit principal Ire personne;</r_p>
<r_pl>Hollande;</r_pl>
<r_n>le baron de Monteshac, le marquis de Ponac, Jacob, Emilie, Manon;</r_n>
<r_c>aventures romanesques et galantes, exploits d’escroc, voyages.</r_c>
</res>
</entry>
</document>

<document>
<entry>
<id>67.7</id>
<au>
<a>?</a>
<trd>trad. par Nicolas LA GRANGE</trd>
</au>
<s>t</s>
<ti>Histoire de miss lndiana Danby, traduite de l’anglois par M. de L*** G***</ti>
<det>
<pl>Amsterdam &amp; Paris,</pl>
<pb>Ch. J. Panckoucke,</pb>
<y>1767,</y>
<f>2 t. in - 12,</f>
<p>275, 247p.</p>
</det>
<bib>At AL 1767 III 58-69; LV B Momet Q Rochedieu Streeter</bib>
<ex>Le tome 11 de l’exemplaire de l’Arsenal porte la date de M.DCC.LVI1 pour M.DCC.LXVII.</ex>
<tr>Trad. de The History of Miss Indiana Danby, by a Lady, 1766- 1767.</tr>
<res>
<r_p>Lettres;</r_p>
<r_pl>Angleterre;</r_pl>
<r_n>Clara Freemore, Indiana Danby, mistriss Beverly, M. Bevil;</r_n>
<r_c>intrigue mondaine, histoire d’amour, peinture des moeurs.</r_c>
</res>
</entry>
</document>

<document>
<entry>
<id>67.8</id>
<ti>Marianne ou la paysanne de la forêt d’Ardennes, histoire mise en dialogues</ti>
<det>
<pl>Liège &amp; Paris,</pl>
<pb>H.C. de Hansy,</pb>
<y>1767,</y>
<f>in-12,</f>
<p>viii + 296p.</p>
</det>
<bib>At AL 1767 III 205 - 212; CatH Ii 1766; CorrL déc. 1766; LV Gay Mornet Dialogues</bib>
<res>
<r_c>(Marianne raconte sa vie à Ergaste), avec récits intercalés à la</r_c>
<r_p>1 re personne;</r_p>
<r_pl>Ardennes, Paris;</r_pl>
<r_n>le comte D***, le marquis D""**, Antoine, Jeannette (nobles, bourgeois, paysans);</r_n>
<r_c>aventures galantes, peinture des mœurs;</r_c>
<r_s>tendances réalistes.</r_s>
</res>
<ae>
<ae_ae>Autres éditions:</ae_ae>
<ae_se>
<ae_pl>Francfort-sur-le Mein,</ae_pl>
<ae_y>1773</ae_y>
<ae_bib>(Gay)</ae_bib>
<ae_sep>-</ae_sep>
<ae_y>1798</ae_y>
</ae_se>
</ae>
<bib>(JG I 150, JP 14 vent. V)</bib>
</entry>
</document>

<document>
<entry>
<id>67.9</id>
<ti>Mémoires d’un officier de Saxe</ti>
<det>
<pl>Francfort &amp; Leipsic,</pl>
<y>1767,</y>
<f>in - 8,</f>
<p>86p.</p>
</det>
<bib>AI Momet</bib>
<res>
<r_p>Ire personne;</r_p>
<r_pl>cadre géographique assez vague (Europe);</r_pl>
<r_n>Mlle de S***, Mme de K***, Caroline (bourgeoisie, petite noblesse);</r_n>
<r_c>aventures galantes et romanesques, voyages.</r_c>
</res>
</entry>
</document>

<document>
<entry>
<id>67.10</id>
<ti>Le peintre italien, ouvrage posthume à son héros ou le tableau de la vie accompagné de plusieurs autres</ti>
<det>
<pl>A la poste,</pl>
<y>l’an qui court,</y>
<f>in - 12,</f>
<p>iv + 150p.</p>
</det>
<bib>A BNt CorrL mai 1767; LV</bib>
<ex>LV donne la date de 1766.</ex>
<res>
<r_p>Ire personne (confession d’un novice au père provincial d’un ordre religieux);</r_p>
<r_pl>Milan;</r_pl>
<r_n>Carroli, Pauline, Léonore, Béatrix;</r_n>
<r_c>aventures galantes.</r_c>
</res>
</entry>
</document>

<document>
<entry>
<id>67.11</id>
<ti>Rosette ou la fille du monde philosophe</ti>
<det>
<y>Roterdam (sic), 1767,</y>
<f>2 part, in-12,</f>
<p>xii -t- 70, 102p.</p>
</det>
<bib>At LV Gay Mornet</bib>
<res>
<r_p>Ire personne, avec récits Ire personne;</r_p>
<r_pl>Paris, Espagne, Portugal;</r_pl>
<r_n>Rosette, madame Pyron, Julie, le marquis de V...;</r_n>
<r_c>les aventures et voyages d’une prostituée; tendances réalistes au début.</r_c>
</res>
</entry>
</document>

<document>
<entry>
<id>67.12</id>
<ti>Voyage de trois Turcs de qualité, histoire mêlée de vrai et de faux comme le sont presque toutes celles qu’on lit, traduite de l’arabe</ti>
<det>
<pl>A Folichonopolis,</pl>
<pb>chez Polissonnet, rue du Badinage,</pb>
<y>1767</y>
</det>
<bib>Dufrenoy Gay</bib>
<ex>J. Deschamps, dans sa Notice à la réédition de 1881, suggère ‘ que l’auteur a voulu désigner, sous des pseudonymes plus ou moins transparents, certains personnages de l’époque, et qu’il aura froissé de hautes susceptibilités. Ce qui l’indiquerait, c’est la destruction en règle dont l’ouvrage paraît avoir été l’objet, au point d’être devenu rarissime et introuvable.’</ex>
<res>
<r_p>3e personne avec deux récits intercalés Ire personne;</r_p>
<r_pl>Normandie, Bretagne;</r_pl>
<r_n>Ibrahim Pâté, Isaac Vypato, Issachar-Joachim Modé, Mlle Monplaisir;</r_n>
<r_c>voyage, aventures saugrenues, quelques descriptions touristiques;</r_c>
<r_s>ton satirique.</r_s>
</res>
</entry>
</document>

<document>
<entry>
<id>67.13</id>
<au>
<a>ARDÈNE, Esp. -J. Rome d’</a>
</au>
<ti>Œuvres posthumes de monsieur d’Ardène, associé à l’Académie des belles-lettres de Marseille</ti>
<det>
<pl>Marseille,</pl>
<pb>Jean Mossy,</pb>
<y>1767,</y>
<f>4 t. in - 12,</f>
<p>xxiv + 346, 248, 307, 363p.</p>
</det>
<bib>BM BNt AL 1767 VII 244-259; CorrL avril 1767 Q T</bib>
<ae>
<ae_ae>I fables en vers;</ae_ae>
<ae_se>
<ae_ex>t. II, discours; t. III, discours, poésies, avec: pp.l 74 - 184, Histoire édifiante; 189 - 233, Lucile et Agathon, histoire; 236 - 305, Julie, histoire; t. IV, poésies, comédie.</ae_ex>
</ae_se>
</ae>
</entry>
</document>

<document>
<entry>
<id>67.14</id>
<au>
<a>ARNAUD, François-Thomas-Marie de</a>
</au>
<ti>Baculard d* Bathilde ou l’héroïsme de l’amour, anecdote historique par M. d’Arnaud</ti>
<det>
<pl>Paris,</pl>
<pb>L’Esclapart, veuve Duchesne,</pb>
<y>1767,</y>
<f>in - 8,</f>
<p>68p.</p>
</det>
<bib>Ste-Genevièvet AL 1768 I 209-216; CatH li 1766; CorrL nov. 1767 Inklaar Q Saint-Fargeau</bib>
<res>
<r_p>3e personne;</r_p>
<r_pl>Neustrie (Clovis II);</r_pl>
<r_n>Archambaud, Edmond, Batilde, Emma (cour);</r_n>
<r_c>amours impossibles, malheurs;</r_c>
<r_s>sensibilité effrénée.</r_s>
</res>
<ae>
<ae_ae>Autres éditions:</ae_ae>
<ae_se>
<ae_sep>-</ae_sep>
<ae_ex>2e édition,</ae_ex>
<ae_pl>Paris,</ae_pl>
<ae_pb>Lejay,</ae_pb>
<ae_y>1768,</ae_y>
<ae_f>in - 8,</ae_f>
<ae_p>68p.</ae_p>
<ae_bib>(Grenoble, Le Mans)</ae_bib>
<ae_sep>-</ae_sep>
<ae_pl>Francfort,</ae_pl>
<ae_pb>aux dépens de la Compagnie,</ae_pb>
<ae_y>1768,</ae_y>
<ae_p>108p.</ae_p>
<ae_bib>(CtY)</ae_bib>
<ae_sep>-</ae_sep>
<ae_ti>repris dans le t.I des Epreuves du sentiment,</ae_ti>
<ae_y>1770</ae_y>
<ae_bib>(70.21 ).</ae_bib>
<ae_ex>V. ce titre pour d’autres rééditions.</ae_ex>
</ae_se>
</ae>
</entry>
</document>

<document>
<entry>
<id>67.15</id>
<au>
<a>ARNAUD, François-Thomas-Marie de Baculard d’</a>
</au>
<ti>Clary ou le retour à la vertu récompensé, histoire anglaise par M. d’Arnaud</ti>
<det>
<pl>Paris,</pl>
<pb>L’Esclapart, veuve Duchesne,</pb>
<y>1767,</y>
<f>in-8,</f>
<p>54p.</p>
</det>
<bib>Ste-Genevièvet CorrL juill. 1767 Inklaar Q</bib>
<res>
<r_p>3e personne (lettre), avec le récit de Clary Ire personne;</r_p>
<r_pl>Angleterre;</r_pl>
<r_n>le baronnet Borston, le chevalier Digby, Clary (fausse paysanne), le lord Dorset, Mévil, lady Brown;</r_n>
<r_c>malheurs d’une jeune fille;</r_c>
<r_s>sensibilité effrénée.</r_s>
</res>
<ae>
<ae_ae>Autres éditions:</ae_ae>
<ae_se>
<ae_sep>-</ae_sep>
<ae_pl>Paris,</ae_pl>
<ae_pb>Le Jay,</ae_pb>
<ae_y>1768,</ae_y>
<ae_f>in-8,</ae_f>
<ae_p>54p.</ae_p>
<ae_bib>(Le Mans)</ae_bib>
<ae_sep>-</ae_sep>
<ae_pl>Francfort,</ae_pl>
<ae_pb>Compagnie,</ae_pb>
<ae_y>1768,</ae_y>
<ae_f>in-12,</ae_f>
<ae_p>80p.</ae_p>
<ae_bib>(BMt: pp. 73-80 mq., Troyes)</ae_bib>
<ae_sep>-</ae_sep>
<ae_ti>repris dans le 1.1 des Epreuves du sentiment,</ae_ti>
<ae_y>1770</ae_y>
<ae_bib>(70.21).</ae_bib>
<ae_ex>Selon le faux titre, il s’agit de la cinquième édition. V. ce titre pour d’autres rééditions.</ae_ex>
<ae_sep>—</ae_sep>
<ae_ti>Lucie et Melanie, suivie de Clary,</ae_ti>
<ae_pl>Paris,</ae_pl>
<ae_pb>Lepetit</ae_pb>
<ae_y>1792</ae_y>
<ae_p>162p.</ae_p>
<ae_bib>(JP8.X.92)</ae_bib>
</ae_se>
</ae>
</entry>
</document>

<document>
<entry>
<id>67.16</id>
<au>
<a>ARNAUD, François-Thomas-Marie de Baculard d’</a>
</au>
<ti>Julie ou l’heureux repentir, anecdote historique par M. d’Arnaud</ti>
<det>
<pl>Paris,</pl>
<pb>L’Esclapart, veuve Duchesne,</pb>
<y>1767,</y>
<f>in - 8,</f>
<p>42p.</p>
</det>
<bib>Ste-Genevièvet CatH xxxviii 1767; CorrL mai 1767 Inklaar Q Saint-Fargeau</bib>
<res>
<r_p>3e personne;</r_p>
<r_pl>Angleterre;</r_pl>
<r_n>M. de Gourville, Julie, Mme de Subligni, Mme de Sauvai, Germeuil;</r_n>
<r_c>malheurs d’une jeune fille;</r_c>
<r_s>sensibilité effrénée.</r_s>
</res>
<ae>
<ae_ae>Autres éditions:</ae_ae>
<ae_se>
<ae_sep>-</ae_sep>
<ae_ex>2de édition,</ae_ex>
<ae_pl>Paris,</ae_pl>
<ae_pb>Le Jay,</ae_pb>
<ae_y>1768,</ae_y>
<ae_f>in - 8,</ae_f>
<ae_p>42p.</ae_p>
<ae_bib>(Grenoble, Le Mans)</ae_bib>
<ae_sep>-</ae_sep>
<ae_ti>repris dans le t. I des Epreuves du sentiment,</ae_ti>
<ae_y>1770</ae_y>
<ae_bib>(70.21).</ae_bib>
<ae_ex>Selon le faux titre, ce serait la quatrième édition. V. ce titre pour d’autres rééditions.</ae_ex>
</ae_se>
</ae>
</entry>
</document>

<document>
<entry>
<id>67.17</id>
<au>
<a>ARNAUD, François-Thomas-Marie de Baculard d’</a>
</au>
<ti>Lucie et Mélanie ou les deux sœurs généreuses, anecdote historique par M. d’Arnaud</ti>
<det>
<pl>Paris,</pl>
<pb>L’Esclapart, veuve Duchesne,</pb>
<y>1767,</y>
<f>in - 8,</f>
<p>50p.</p>
</det>
<bib>BNt CorrLjuill. 1767 Inklaar Q</bib>
<res>
<r_p>3e personne;</r_p>
<r_pl>France (époque de François 1er);</r_pl>
<r_n>le marquis de Rumigni, Lucie, Mélanie, le comte d’Estival;</r_n>
<r_c>intrigue sentimentale;</r_c>
<r_s>sensibilité effrénée, mélancolie, horreur.</r_s>
</res>
<ae>
<ae_ae>Autres éditions:</ae_ae>
<ae_se>
<ae_sep>-</ae_sep>
<ae_pl>Paris,</ae_pl>
<ae_y>1768,</ae_y>
<ae_f>in-8</ae_f>
<ae_bib>(Grenoble)</ae_bib>
<ae_sep>-</ae_sep>
<ae_pl>Francfort,</ae_pl>
<ae_pb>Compagnie,</ae_pb>
<ae_y>1768,</ae_y>
<ae_f>in - 12,</ae_f>
<ae_p>78p.</ae_p>
<ae_bib>(Troyes)</ae_bib>
<ae_sep>-</ae_sep>
<ae_ti>repris dans le 1.1 des Epreuves du sentiment,</ae_ti>
<ae_y>1770</ae_y>
<ae_bib>(70.21).</ae_bib>
<ae_ex>Selon le faux titre, il s’agit de la cinquième édition. V. ce titre pour d’autres rééditions.</ae_ex>
<ae_sep>-</ae_sep>
<ae_ti>Lucie et Mélanie suivie de Clarv,</ae_ti>
<ae_pl>Paris,</ae_pl>
<ae_pb>Lepetit,</ae_pb>
<ae_y>1792,</ae_y>
<ae_p>162p.</ae_p>
<ae_bib>(JP8.X.92, Q)</ae_bib>
<ae_sep>-</ae_sep>
<ae_pl>s.l.n.d.,</ae_pl>
<ae_f>in-8,</ae_f>
<ae_p>47p.</ae_p>
<ae_bib>(VGM)</ae_bib>
</ae_se>
</ae>
</entry>
</document>

<document>
<entry>
<id>67.18</id>
<au>
<a>ARNAUD, François-Thomas-Marie de Baculard d’</a>
</au>
<ti>Nancy ou les malheurs de l’imprudence et de la jalousie, histoire imitée de l’anglais, par M. d’Arnaud</ti>
<det>
<pl>Paris,</pl>
<pb>L’Esclapart, veuve Duchesne,</pb>
<y>1767,</y>
<f>in - 8,</f>
<p>46p.</p>
</det>
<bib>BNt CorrL nov. 1767 Gay Inklaar 0 Streeter</bib>
<res>
<r_p>3e personne:</r_p>
<r_pl>Angleterre (Londres);</r_pl>
<r_n>Nancy, Slightman, Bentley;</r_n>
<r_c>une jeune fille défend sa vertu contre des séducteurs;</r_c>
<r_s>sensibilité, mélancolie.</r_s>
</res>
<ae>
<ae_ae>Autres éditions:</ae_ae>
<ae_se>
<ae_sep>—</ae_sep>
<ae_ex>Seconde édition,</ae_ex>
<ae_pl>Paris,</ae_pl>
<ae_pb>Le Jay,</ae_pb>
<ae_y>1768,</ae_y>
<ae_f>in - 8,</ae_f>
<ae_p>46p.</ae_p>
<ae_bib>(Grenoble)</ae_bib>
<ae_sep>—</ae_sep>
<ae_pl>Francfort,</ae_pl>
<ae_pb>Compagnie,</ae_pb>
<ae_y>1768,</ae_y>
<ae_f>in - 12,</ae_f>
<ae_p>62p.</ae_p>
<ae_bib>(Troyes)</ae_bib>
<ae_sep>-</ae_sep>
<ae_ti>repris dans le 1.1 des Epreuves du sentiment,</ae_ti>
<ae_y>1770</ae_y>
<ae_bib>(70.21).</ae_bib>
<ae_ex>V. ce titre pour d’autres rééditions.</ae_ex>
<ae_sep>-</ae_sep>
<ae_ti>ds Villemain d’Abancourt, Contes et nouvelles,</ae_ti>
<ae_y>1778</ae_y>
<ae_ex>(v. 78.34), avec le titre: Nancy ou les amans brouillés, nouvelle anglaise.</ae_ex>
<ae_sep>—</ae_sep>
<ae_pl>Hambourg,</ae_pl>
<ae_y>1792,</ae_y>
<ae_f>in-8</ae_f>
<ae_bib>(FC 92 XIX 3889)</ae_bib>
</ae_se>
</ae>
</entry>
</document>

<document>
<entry>
<id>67.19</id>
<au>
<a>ARTAUD, Jean-Baptiste</a>
</au>
<ti>La petite poste dévalisée</ti>
<det>
<pl>Amsterdam &amp; Paris,</pl>
<pb>Delalain</pb>
<pl>&amp; Dijon,</pl>
<y>1767,</y>
<f>in - 12,</f>
<p>228p.</p>
</det>
<bib>A BM BNt AL 1767 VIII 213; CorrL mai 1767; LV B Gay Momet Q</bib>
<res>
<r_p>Lettres (laissées dans une guinguette par un facteur ivre);</r_p>
<r_c>petits billets sans lien entre eux, vignettes de la vie parisienne; variété des tons, intentions comiques.</r_c>
</res>
<ae>
<ae_ae>Autre édition:</ae_ae>
<ae_se>
<ae_sep>-</ae_sep>
<ae_y>an XI,</ae_y>
<ae_f>in - 12</ae_f>
<ae_bib>(CorrL, note des éditeurs)</ae_bib>
</ae_se>
</ae>
</entry>
</document>

<document>
<entry>
<id>67.20</id>
<au>
<a>BENOIST, Françoise-Albine Puzin de La Martinière, madame</a>
</au>
<ti>Lettres du colonel Talbert, par madame **, auteur d’Elisabeth</ti>
<det>
<pl>Amsterdam &amp; Paris,</pl>
<pb>Durand,</pb>
<y>1767,</y>
<f>4 part, in - 12,</f>
<p>viii + 264, 348, 356, 326p.</p>
</det>
<bib>A BM BNt AL 1767 II 196 - 206; CorrL avril 1767; LV Delcro Mornet</bib>
<ex>B, Q, Momet donnent aussi une édition de 1766 que nous n’avons pu retrouver. Elisabeth est de 1766 (v. 66.11).</ex>
<res>
<r_p>Lettres;</r_p>
<r_pl>France;</r_pl>
<r_n>colonel Talbert, de Mozinge, Hélène;</r_n>
<r_c>intrigue sentimentale doublée de la conversion du héros, philosophe et bon viveur;</r_c>
<r_s>intentions moralisatrices et pieuses.</r_s>
</res>
<ae>
<ae_ae>Autres éditions:</ae_ae>
<ae_se>
<ae_sep>—</ae_sep>
<ae_ti>La vertu persécutée ou lettres du colonel Talbert par madame •*, auteur d’Elisabeth,</ae_ti>
<ae_pl>Dresde,</ae_pl>
<ae_y>1767,</ae_y>
<ae_f>4 part, in - 12</ae_f>
<ae_bib>(BM).</ae_bib>
<ae_sep>—</ae_sep>
<ae_ti>Paméla françoise ou la vertu en célibat et en mariage, dépeinte dans les lettres de Messieurs de Talbert &amp; Mozinge; rédigées dans le goût des lettres de Clarisse &amp; Grandisson par Mode Ricoboni... Nouvelle édition,</ae_ti>
<ae_pl>Amsterdam &amp; La Haye,</ae_pl>
<ae_y>1768,</ae_y>
<ae_f>4 part, in-8</ae_f>
<ae_bib>(BMt sous ‘Riccoboni’)</ae_bib>
</ae_se>
</ae>
</entry>
</document>

<document>
<entry>
<id>67.21</id>
<au>
<a>BITAUBÊ, Paul-Jérémie</a>
</au>
<ti>Joseph, en neuf chants, par M. Bitaubé de l’Académie royale des sciences et belles-lettres de Prusse</ti>
<det>
<pl>Paris,</pl>
<pb>Prault et Leclerc,</pb>
<y>1767,</y>
<f>in - 8,</f>
<p>xxiv + 327p.</p>
</det>
<bib>At BM BNt AL 1767 V 261 -271 Clayton Delcro Gay Q</bib>
<res>
<r_p>3e personne;</r_p>
<r_s>sujet biblique; prose poétique.</r_s>
</res>
<ae>
<ae_ae>Autres éditions:</ae_ae>
<ae_se>
<ae_sep>-</ae_sep>
<ae_pl>Paris,</ae_pl>
<ae_pb>Prault,</ae_pb>
<ae_y>1767,</ae_y>
<ae_f>in-8,</ae_f>
<ae_p>xxiv + 327p.</ae_p>
<ae_bib>(At)</ae_bib>
<ae_sep>-</ae_sep>
<ae_pl>Berlin,</ae_pl>
<ae_pb>Samuel Pitra,</ae_pb>
<ae_y>1767,2t.</ae_y>
<ae_f>in-12,</ae_f>
<ae_p>xlviii + 180, 290p.</ae_p>
<ae_bib>(Besançon, Evreux, Limoges, Gay)</ae_bib>
<ae_sep>-</ae_sep>
<ae_pl>Paris,</ae_pl>
<ae_pb>Prault,</ae_pb>
<ae_y>1768,</ae_y>
<ae_f>in-12</ae_f>
<ae_bib>(Rennes)</ae_bib>
<ae_sep>-</ae_sep>
<ae_ex>3e édition,</ae_ex>
<ae_pl>Paris,</ae_pl>
<ae_y>1773</ae_y>
<ae_bib>(BM)</ae_bib>
<ae_sep>-</ae_sep>
<ae_pl>Genève,</ae_pl>
<ae_pb>Cazin,</ae_pb>
<ae_y>1777,</ae_y>
<ae_f>2t. in-18</ae_f>
<ae_bib>(Besançon, La Hayet)</ae_bib>
<ae_sep>-</ae_sep>
<ae_pl>Berlin,</ae_pl>
<ae_y>1785</ae_y>
<ae_bib>(OCIStM)</ae_bib>
<ae_sep>-</ae_sep>
<ae_pl>Paris,</ae_pl>
<ae_pb>imprimerie de Didot l’aîné,</ae_pb>
<ae_y>1786,</ae_y>
<ae_f>in-8,</ae_f>
<ae_p>382d.</ae_p>
<ae_bib>(BN, Clayton, Gay, Q)</ae_bib>
<ae_sep>-</ae_sep>
<ae_ex>5e édition,</ae_ex>
<ae_pl>Paris,</ae_pl>
<ae_pb>Didot l’aîné,</ae_pb>
<ae_y>1786,</ae_y>
<ae_f>2t. in-18,</ae_f>
<ae_p>194, 271p.</ae_p>
<ae_bib>(BMt, Brissart, Clayton, Cohen, Gay, Q)</ae_bib>
<ae_sep>-</ae_sep>
<ae_pl>Lille,</ae_pl>
<ae_pb>C.F.J. Lehoucq,</ae_pb>
<ae_y>1793,</ae_y>
<ae_f>2t. in-24,</ae_f>
<ae_p>149, 196p</ae_p>
<ae_bib>(Corroënne)</ae_bib>
<ae_sep>-</ae_sep>
<ae_ex>4c édition,</ae_ex>
<ae_y>1795</ae_y>
<ae_bib>(Clayton)</ae_bib>
<ae_sep>-</ae_sep>
<ae_ex>6e édition,</ae_ex>
<ae_pl>Paris,</ae_pl>
<ae_y>1797</ae_y>
<ae_bib>(BM)</ae_bib>
<ae_sep>-</ae_sep>
<ae_ti>ds Œuvres complètes, t. VII,</ae_ti>
<ae_pl>Paris,</ae_pl>
<ae_pb>Dcntu,</ae_pb>
<ae_y>an XII-1804</ae_y>
<ae_f>9t. in-8</ae_f>
<ae_bib>(BMt, BN, Clayton, Q)</ae_bib>
<ae_sep>-</ae_sep>
<ae_pl>Paris,</ae_pl>
<ae_pb>Dentu,</ae_pb>
<ae_y>1807,</ae_y>
<ae_f>in-12</ae_f>
<ae_bib>(BN, Clayton)</ae_bib>
<ae_sep>-</ae_sep>
<ae_ex>15e édition,</ae_ex>
<ae_y>1830</ae_y>
<ae_bib>(Clayton)</ae_bib>
</ae_se>
</ae>
</entry>
</document>

<document>
<entry>
<id>67.22</id>
<au>
<a>CAZOTTE, Jacques</a>
</au>
<ti>Le lord impromptu, nouvelle romanesque traduite de l’anglois</ti>
<det>
<pl>Amsterdam,</pl>
<pb>Arkstée et Merkus,</pb>
<y>1767,</y>
<f>2 part, in - 12</f>
<p>1/0 188p.</p>
</det>
<bib>A BM BNt AL 1766 VIII 108 - 119; CatH xlvii 1766; CoitL nov. 1766; B Shaw Streeter</bib>
<ex>Cet ouvrage se donne comme une traduction. D’après la préface du ‘traducteur’: ‘le titre anglois de ce Livre est: The White-Witcheraft [pour Witchcraft], or the strange success of Richard Oberthon’. Selon Zambon, l’auteur en serait un certain Fassdown (la préface d’une traduction italienne de 1785 (BM) est signée de ce nom). Mais Shaw affirme que l’ouvrage est ‘indubitablement’ de la main de Cazotte lui-même. Q ajoute: ‘Cet ouvrage a été traduit en anglais par W. Shéridan, et retraduit en français sous le titre de Lismor ou le château de Clostem, Paris, 1800 2 v in-12’ (V. 00.139). BUR 1784 nov., pp. 3-110, offre une version abrégée.</ex>
<res>
<r_p>3e personne;</r_p>
<r_pl>cadre anglais;</r_pl>
<r_n>Richard Oberthon, sir Thomas Nettlling, miss Dorothée;</r_n>
<r_c>un jeune précepteur pauvre fait son chemin (aventures romanesques);</r_c>
<r_s>éléments surnaturels (magie Blanche).</r_s>
</res>
<ae>
<ae_ae>Autres éditions:</ae_ae>
<ae_se>
<ae_sep>—</ae_sep>
<ae_pl>Paris,</ae_pl>
<ae_y>1771,</ae_y>
<ae_f>in-8</ae_f>
<ae_bib>(Delcro, Q)</ae_bib>
<ae_sep>-</ae_sep>
<ae_pl>Paris,</ae_pl>
<ae_pb>Renard,</ae_pb>
<ae_y>an XIII,</ae_y>
<ae_f>2t. in-12,</ae_f>
<ae_p>180, 196p.</ae_p>
<ae_bib>(Oront)</ae_bib>
<ae_ex>Pour les éditions des Œuvres badines, v. 76.18.</ae_ex>
</ae_se>
</ae>
</entry>
</document>

<document>
<entry>
<id>67.23</id>
<au>
<a>CHARPENTIER, Louis</a>
</au>
<ti>Nouveaux contes moraux ou historiettes galantes et morales par M. C***</ti>
<det>
<pl>Amsterdam &amp; Paris,</pl>
<pb>Delalain</pb>
<pl>&amp; Dijon,</pl>
<pb>veuve Coignard de la Pinelle et Franklin,</pb>
<y>1767,</y>
<f>3 part, in - 12,</f>
<p>142, 148, 144p.</p>
</det>
<bib>At AL 1767 IV 196-214; CatH xxi 1767; CorrL mai 1767; LV Delcro Gay Momet Q</bib>
<ae>
<ae_ae>Une suite de</ae_ae>
<ae_se>
<ae_ex>cet ouvrage, avec le titre Vos loisirs, parut en 1768 (v. 68.20). /, Démophon</ae_ex>
<ae_sep>&amp;</ae_sep>
<ae_ti>Téglis ou le prix de l’hospitalité &amp; les effets d’un beau songe (cadre grec); II, Lucile ou la fermière en petite maison; III, I - 118, La mère et la fille ou les honneurs du Louvre; 119 - 144, Amasis et Laodice ou le rival généreux</ae_ti>
<ae_bib>(antiquité, Egypte, Cyrène).</ae_bib>
<ae_ex>Autres éditions:</ae_ex>
<ae_sep>—</ae_sep>
<ae_pl>Amsterdam &amp; Liège,</ae_pl>
<ae_pb>J.F. Bassompierre</ae_pb>
<ae_pl>&amp; Bruxelles,</ae_pl>
<ae_pb>J. van den Berghen,</ae_pb>
<ae_y>1767,</ae_y>
<ae_f>3 part, in-12,</ae_f>
<ae_p>xx + 141, 148, 144p.</ae_p>
<ae_bib>(La Hayet)</ae_bib>
<ae_sep>-</ae_sep>
<ae_pl>Amsterdam &amp; Liège,</ae_pl>
<ae_pb>J.F. Bassompierre</ae_pb>
<ae_pl>&amp; Bruxelles,</ae_pl>
<ae_pb>J. van den Berghen,</ae_pb>
<ae_y>1767,</ae_y>
<ae_f>3 part, in-12,</ae_f>
<ae_p>xx + 132, 130, 115p.</ae_p>
<ae_bib>(BNt, Gay)</ae_bib>
<ae_sep>—</ae_sep>
<ae_pl>Amsterdam &amp; Paris,</ae_pl>
<ae_pb>Valade,</ae_pb>
<ae_y>1768,</ae_y>
<ae_f>3 part, in-12,</ae_f>
<ae_p>16+142, 144p.</ae_p>
<ae_bib>(BN)</ae_bib>
</ae_se>
</ae>
</entry>
</document>

<document>
<entry>
<id>67.24</id>
<au>
<a>COSTARD, Jean-Pierre</a>
</au>
<ti>Les orphelins, conte moral mis en action en forme de pièce dramatique en cinq actes et en prose, par M.D.C***</ti>
<det>
<pl>Paris,</pl>
<pb>Lacombe,</pb>
<y>1767,</y>
<f>in - 8,</f>
<p>119p.</p>
</det>
<bib>BMt BNt AL 1767 II 337- 351 Q</bib>
<ex>donne 1787 comme date de la première édition - erreur pour 1767? L’auteur s’explique dans sa préface: ‘Ce n’est point une comédie que j’ai eu dessein de faire... Pour éviter les longueurs, trop souvent inséparables d’une simple narration, j’ai cru devoir mettre la mienne en Dialogue, &amp; sous la forme d’une Pièce Dramatique’.</ex>
<res>
<r_p>Forme dramatique (dialogues);</r_p>
<r_pl>Paris;</r_pl>
<r_n>Azélide, Emilie, NerviBe, Darimant, Rosette;</r_n>
<r_c>intrigues sentimentales (une orpheline retrouve son père);</r_c>
<r_s>sensibilité, bienfaisance, vertu.</r_s>
</res>
</entry>
</document>

<document>
<entry>
<id>67.25</id>
<au>
<a>DEFOE, Daniel</a>
<ed>adapt. par SA VIN</ed>
</au>
<s>nt</s>
<ti>L’isle de Robinson-Crusoé, extraite de l’anglois par M. de Montreillc</ti>
<det>
<pl>Londres,</pl>
<pb>Jean Nourse</pb>
<pl>&amp; Paris,</pl>
<pb>Desaint et Villefranche-de-Rouergue, Vedcilhié,</pb>
<y>1767,</y>
<f>in - 12,</f>
<p>349p.</p>
</det>
<bib>A BNt AL 1768 II 235-239; CatH ix 1768; Con-L fév. 1768; LV Mann Rochedieu</bib>
<tr>Trad. de The Life and Surprising Adventures of Robinson Crusoe, 1719.</tr>
<ex>La version de Savin est basée, comme celle de Feutry (66.17) sur la traduction publiée en 1720 par Saint-Hyacinthe et Van Effen. Savin espère supprimer les défauts de l’original qui est ‘souvent diffus, &amp; hasarde quelquefois des maximes dangereuses’ (Avertissement). Selon Mann, c’était ‘la première version du roman qui fût mise en chapitres, sans doute afin de mieux servir aux besoins pédagogiques’. Cf. deux autres traductions, 95.17 et 97.20 Le roman de Defoe en raccourci: Savin ne donne que la partie de l’ouvrage qui concerne le séjour que fait Robinson dans l’ile déserte.</ex>
<ae>
<ae_ae>Autres éditions:</ae_ae>
<ae_se>
<ae_sep>-</ae_sep>
<ae_ti>Robinson dans son tle,</ae_ti>
<ae_pl>Londres &amp; Paris,</ae_pl>
<ae_y>1774,</ae_y>
<ae_f>in-12</ae_f>
<ae_bib>(BN, B, Delcro)</ae_bib>
<ae_sep>-</ae_sep>
<ae_pl>Londres &amp; Paris,</ae_pl>
<ae_y>1775,</ae_y>
<ae_f>in-12</ae_f>
<ae_bib>(A, Mann, 0, Ullrich)</ae_bib>
<ae_sep>-</ae_sep>
<ae_y>1807</ae_y>
<ae_bib>(Mann)</ae_bib>
<ae_sep>-</ae_sep>
<ae_y>1816-17</ae_y>
<ae_bib>(Mann)</ae_bib>
<ae_sep>-</ae_sep>
<ae_y>1821</ae_y>
<ae_bib>(Mann)</ae_bib>
<ae_sep>-</ae_sep>
<ae_y>1827</ae_y>
<ae_bib>(Mann)</ae_bib>
</ae_se>
</ae>
</entry>
</document>

<document>
<entry>
<id>67.26</id>
<au>
<a>DELACROIX, Jacques-Vincent</a>
</au>
<ti>Lettres d’Affi à Zurac, publiées par M. de Lacroix</ti>
<det>
<pl>Amsterdam &amp; se trouve</pl>
<pb>chez Durand neveu,</pb>
<y>1767,</y>
<f>in-12,</f>
<p>xviii + 237p.</p>
</det>
<bib>At BM BN AL 1766 VIII 203-210; CatH xlii 1766; CorrL nov. 1766; LV Delcro Dufrenoy Momet</bib>
<ex>B et Q donnent 1766: l’ouvrage semble avoir paru à la fin de cette année, mais porte la date de 1767.</ex>
<res>
<r_p>Lettres:</r_p>
<r_pl>Paris, province;</r_pl>
<r_n>Affi, Zurac, Zaema, Isabelle, Adélaïde;</r_n>
<r_c>un Turc en voyage fait ta critique des mœurs, avec intrigue sentimentale.</r_c>
<r_s>A la manière des Lettres persanes.</r_s>
</res>
<ae>
<ae_ae>Autre édition:</ae_ae>
<ae_se>
<ae_sep>-</ae_sep>
<ae_pl>La Haye &amp; Paris,</ae_pl>
<ae_pb>Durand neveu,</ae_pb>
<ae_y>1767,</ae_y>
<ae_p>xviii + 237p.</ae_p>
<ae_bib>(La Hayet, ICN)</ae_bib>
</ae_se>
</ae>
</entry>
</document>

<document>
<entry>
<id>67.27</id>
<au>
<a>DELACROIX, Jacques-Vincent</a>
</au>
<s>m</s>
<ti>Le spectateur en Prusse, par M. de La Croix</ti>
<det>
<pl>Paris,</pl>
<pb>chez les libraires associés,</pb>
<y>1767,</y>
<f>in - 12,</f>
<p>151p.</p>
</det>
<bib>BMt AL 1768 VI 33-40; CatH xxx 1768</bib>
<ex>Le Discours préliminaire commence: ‘J’ai composé cet ouvrage sur les Mémoires d’un homme qui a écrit pour faire diversion à ses peines.’</ex>
<res>
<r_c>En marge: récit d’un voyage en Prusse; observations sur les mœurs, avec peu d’épisodes romanesques:</r_c>
<r_s>ton très sensible.</r_s>
</res>
<ae>
<ae_ae>Autres éditions:</ae_ae>
<ae_se>
<ae_sep>-</ae_sep>
<ae_pl>Berlin &amp; Paris,</ae_pl>
<ae_pb>Panckoucke,</ae_pb>
<ae_y>1768,</ae_y>
<ae_f>in-12</ae_f>
<ae_bib>(Q)</ae_bib>
<ae_sep>—</ae_sep>
<ae_pl>Paris,</ae_pl>
<ae_pb>chez les libraires associés,</ae_pb>
<ae_y>1777,</ae_y>
<ae_f>in - 12,</ae_f>
<ae_p>151p.</ae_p>
<ae_bib>(BNt)</ae_bib>
</ae_se>
</ae>
</entry>
</document>

<document>
<entry>
<id>67.28</id>
<au>
<a>DUCHÉ DE VANCY, Joseph-François</a>
<ed>éd. par COLLET nm</ed>
</au>
<ti>Histoires édifiantes pour servir de lecture aux jeunes personnes de l’un et de l’autre sexe, nouvelle édition, revue, mise-en-ordre &amp; considérablement augmentée par M. Collet, prêtre de la congrégation de la mission, docteur en théologie</ti>
<det>
<pl>Paris,</pl>
<pb>veuve Duchesne,</pb>
<y>1767,</y>
<f>in-12,</f>
<p>xii + 464p.</p>
</det>
<bib>BM+ BNt Joncs</bib>
<ex>11 s’agit d’une édition augmentée d’un ouvrage paru en 1706 (v. Jones) et déjà réédité sous une forme augmentée en 1757 (v. 57.5).</ex>
<res>
<r_c>En marge: petites biographies édifiantes (sujets bibliques, historiques, vies de saints). Pour les autres éditions, v. 57.5.</r_c>
</res>
</entry>
</document>

<document>
<entry>
<id>67.29</id>
<au>
<a>DU LAURENS, abbé Henri-Joseph</a>
</au>
<ti>L’antipapisme révélé ou les rêves de l’antipapiste</ti>
<det>
<pl>Genève,</pl>
<pb>George Lapret,</pb>
<y>1767,</y>
<f>in - 8,</f>
<p>xl + 128p.</p>
</det>
<bib>BM BNt B Dufrenoy Q</bib>
<ex>L’attribution à Du Laurens est douteuse.</ex>
<res>
<r_p>Ire personne;</r_p>
<r_c>rêves (voyage au ciel), discussions; critique de l’église et des dogmes catholiques.</r_c>
</res>
</entry>
</document>

<document>
<entry>
<id>67.30</id>
<au>
<a>DU LAURENS, abbé Henri-Joseph</a>
</au>
<ti>Je suis pucellc, histoire véritable</ti>
<det>
<pl>La Haye,</pl>
<pb>Frédéric Staatman,</pb>
<y>1767,</y>
<f>2 part, in - 12,</f>
<p>iv + 124, 127- 263p.</p>
</det>
<bib>A BMt BNt B Delcro Drujon Gay Momet Q</bib>
<ex>L’attribution à Du Laurens est douteuse, mais le style ressemble à celui du Compère Mathieu (v. 66.21).</ex>
<res>
<r_p>Ire personne;</r_p>
<r_pl>Paris;</r_pl>
<r_n>Esther, madame Drogan, Henriette (bourgeoisie);</r_n>
<r_c>une jeune fille est sauvée de la prostitution par un protecteur; quelques tendances réalistes, réflexions sur l’amour et la vertu.</r_c>
</res>
<ae>
<ae_ae>Autre édition:</ae_ae>
<ae_se>
<ae_sep>—</ae_sep>
<ae_pl>Paris,</ae_pl>
<ae_pb>Didot jeune,</ae_pb>
<ae_y>an IV,</ae_y>
<ae_f>in-12</ae_f>
<ae_bib>(B, Monglond)</ae_bib>
</ae_se>
</ae>
</entry>
</document>

<document>
<entry>
<id>67.31</id>
<au>
<a>ESTRADE</a>
</au>
<ti>Mémoires de milady Worthon traduit (sic) de l’anglois par M. d’Estrade</ti>
<det>
<pl>Londres,</pl>
<pb>C. Wilkthon,</pb>
<y>1767,</y>
<f>in - 12,</f>
<p>vi + 209p.</p>
</det>
<bib>At</bib>
<res>
<r_p>Lettres, avec récit intercalé Ire personne;</r_p>
<r_pl>Dublin, Bruxelles, Londres;</r_pl>
<r_n>milady Worthon, miss Jenni B., le chevalier B., sir Blair, le chevalier Strood;</r_n>
<r_c>aventures romanesques, malheurs, intrigue sentimentale;</r_c>
<r_s>sensibilité passionnée et mélancolique.</r_s>
</res>
</entry>
</document>

<document>
<entry>
<id>67.32</id>
<au>
<a>GAUTIER DE MONTDORGE, Antoine</a>
</au>
<ti>Conte oriental, par Nadir</ti>
<det>
<pl>Paris,</pl>
<y>1767,</y>
<f>in - 12,</f>
<p>36p.</p>
</det>
<bib>A BNt LV Dufrenoy Momet</bib>
<ex>Ce n’est pas le même ouvrage que Nadir, histoire orientale, 1769, du même auteur (v. 69.36).</ex>
<res>
<r_p>3e personne;</r_p>
<r_pl>cadre persan;</r_pl>
<r_n>Gelaric, Zuzinul, Ponferlin, Masouf;</r_n>
<r_c>amours contrariées, éléments fantastiques.</r_c>
</res>
</entry>
</document>

<document>
<entry>
<id>67.33</id>
<au>
<a>GIRAUD, Claude-Marie</a>
</au>
<ti>Vision de Sylvius Graphalètes ou le temple de mémoire</ti>
<det>
<pl>Londres,</pl>
<pb>aux dépens de la Compagnie,</pb>
<y>1767,</y>
<f>2 t. in - 8,</f>
<p>viii + 190, 220p.</p>
</det>
<bib>BNt AL 1775 III 145-156; CorrL janv. 1775 Delcro Q</bib>
<ex>La date de 1707 donnée par B et Drujon serait une erreur pour 1767. T.</ex>
<res>
<r_p>I, Vision: Ire personne;</r_p>
<r_c>récit d’un songe (voyage imaginaire); critique littéraire sous une forme allégorique; t. II, poésies.</r_c>
</res>
<ae>
<ae_ae>Autre édition:</ae_ae>
<ae_se>
<ae_sep>—</ae_sep>
<ae_ti>Le temple de mémoire ou visions d’un solitaire,</ae_ti>
<ae_pl>Londres &amp; Paris,</ae_pl>
<ae_pb>Ruault,</ae_pb>
<ae_y>1775,</ae_y>
<ae_f>in - 8,</ae_f>
<ae_p>174p.</ae_p>
<ae_bib>(A, BM, BN, B, Delcro, Drujon)</ae_bib>
</ae_se>
</ae>
</entry>
</document>

<document>
<entry>
<id>67.34</id>
<au>
<a>GOLDSMITH, Oliver</a>
<trd>trad. par Charlotte-Jeanne Béraud de t la Haie de Riou, marquise de MONTESSON</trd>
</au>
<ti>Le ministre de Wakefield, histoire supposée écrite par lui-même</ti>
<det>
<pl>Londres &amp; Paris.</pl>
<pb>Pissot, Desaint,</pb>
<y>1767,</y>
<f>2 t. in - 12,</f>
<p>258, 233p.</p>
</det>
<bib>A BM BNt AL 1767 IV 97 - 108; CorïL mai 1767 B Q Streeter</bib>
<ex>Traduction attribuée aussi à Rose et à Charlus. Rochedieu donne à part une traduction de Rose, publiée en 1767 et 1787, mais il s’agit très vraisemblablement de l’ouvrage décrit dans cet article. Rochedieu donne également une variante du titre de la traduction de madame de Montesson que nous reproduisons parmi les rééditions (v. ci-dessous, Autres éditions).</ex>
<tr>Trad. de The Vicar of Wakefield, 1766.</tr>
<ex>Cet ouvrage a été l’objet d’autres traductions: par Bizet et par Aignan en 1796 (96.28 et 96.29), par Gin en 1797 (97.28) et par Flinville en 1799 (99.91 ).</ex>
<res>
<r_p>Ire personne;</r_p>
<r_pl>Angleterre;</r_pl>
<r_n>M. et Mme Primrose. Georges, Olivia, Sophie. Moïse, Arabeila Wilmot.</r_n>
<r_c>les vicissitudes d’une famille pauvre, aventures romanesques, tableau des mœurs;</r_c>
<r_s>intentions moralisatrices, sensibilité.67.34</r_s>
</res>
<ae>
<ae_ae>Autres éditions:</ae_ae>
<ae_se>
<ae_sep>-</ae_sep>
<ae_pl>Londres &amp; Paris,</ae_pl>
<ae_pb>Pissot, Desaint,</ae_pb>
<ae_y>1767,</ae_y>
<ae_f>2t. in-8,</ae_f>
<ae_p>208, 190p.</ae_p>
<ae_bib>(La Hayet, MHt).</ae_bib>
<ae_ex>Rochedieu propose une édition qui semble être celle-ci mais qui porte, selon lui, le titre du Vicaire de IVakefield, histoire supposée...</ae_ex>
<ae_sep>-</ae_sep>
<ae_pl>Paris,</ae_pl>
<ae_pb>Pissot,</ae_pb>
<ae_y>1768</ae_y>
<ae_bib>(CtY, MH)</ae_bib>
<ae_sep>-</ae_sep>
<ae_pl>Liège,</ae_pl>
<ae_pb>J.-J. Tutot,</ae_pb>
<ae_y>1781,2t.</ae_y>
<ae_f>in-12</ae_f>
<ae_bib>(BMt, BN, Rochedieu)</ae_bib>
<ae_sep>—</ae_sep>
<ae_ex>Nouvelle édition,</ae_ex>
<ae_pl>Paris,</ae_pl>
<ae_pb>Pissot,</ae_pb>
<ae_y>1785,</ae_y>
<ae_f>in-12,</ae_f>
<ae_p>iv + 426p.</ae_p>
<ae_bib>(BN, Q, Rochedieu)</ae_bib>
<ae_sep>—</ae_sep>
<ae_pl>Londres &amp; Paris,</ae_pl>
<ae_pb>Pissot et Desaint,</ae_pb>
<ae_y>1787,</ae_y>
<ae_f>2t.</ae_f>
<ae_bib>(BN: t.II seulement, Oront, MHt, NjP)</ae_bib>
<ae_sep>—</ae_sep>
<ae_pl>Liège,</ae_pl>
<ae_y>1787,</ae_y>
<ae_f>2t. in-12</ae_f>
<ae_bib>(Rochedieu)</ae_bib>
<ae_sep>-</ae_sep>
<ae_pl>s.L,</ae_pl>
<ae_y>1789,</ae_y>
<ae_p>2t„ 201, 179p.</ae_p>
<ae_bib>(MHt)</ae_bib>
</ae_se>
</ae>
</entry>
</document>

<document>
<entry>
<id>67.35</id>
<au>
<a>JOHNSTON, Charles</a>
<trd>trad. par Joseph-Pierre FRENAIS</trd>
</au>
<s>t</s>
<ti>Chrisal ou les aventures d’une guinée, histoire angloise</ti>
<det>
<pl>Londres &amp; Paris,</pl>
<pb>Grangé,</pb>
<y>1767,</y>
<f>in - 12,</f>
<p>xxxvi + 262p.</p>
</det>
<bib>BNt CatH xlvi 1767; CorrL janv. 1768 Delcro Rochedieu Streeter</bib>
<tr>Traduction attribuée aussi, peu vraisemblablement, à madame de Tencin (v. BN, Masson). Trad. de Chrysal or the Adventures of a Guinea, 1760 - 1765.</tr>
<ex>C’est un choix d’épisodes, principalement du t. I de l’ouvrage anglais. Le Supplément à Chrysal publié en 1769 par Frenais (v. 69.40) donne des épisodes du t. IL</ex>
<res>
<r_p>Ire personne;</r_p>
<r_pl>Jamaïque, Angleterre;</r_pl>
<r_n>Traffick, Amélie, le Capitaine...;</r_n>
<r_c>une guinée passe de main en main et les secrets de chaque personnage sont dévoilés;</r_c>
<r_s>ton satirique, ouvrage à clef.</r_s>
</res>
<ae>
<ae_ae>Autres éditions:</ae_ae>
<ae_se>
<ae_sep>-</ae_sep>
<ae_ex>Selon Rochedieu, il y a une version in - 16 de la première édition.</ae_ex>
<ae_sep>-</ae_sep>
<ae_pl>Londres &amp; Paris,</ae_pl>
<ae_pb>Dufour,</ae_pb>
<ae_y>1768,</ae_y>
<ae_f>in - 12,</ae_f>
<ae_p>xxxvi + 262p.</ae_p>
<ae_bib>(At, BM, LV, B).</ae_bib>
<ae_ex>A part le nouveau frontispice gravé, cette nouvelle édition semble être de la même impression que la première.</ae_ex>
<ae_sep>-</ae_sep>
<ae_bib>1769(B)</ae_bib>
<ae_sep>—</ae_sep>
<ae_ex>CatH donne ce titre en 1774 (Paris, Fournier). Rochedieu également fait état de cette date, mais il n’est pas clair s’il s’agit d’une réédition du Supplément seulement, ou de l’ouvrage entier.</ae_ex>
</ae_se>
</ae>
</entry>
</document>

<document>
<entry>
<id>67.36</id>
<au>
<a>LEPRINCE DE BEAUMONT, madame Marie</a>
</au>
<ti>La nouvelle Clarice, histoire véritable, par madame Le Prince de Beaumont</ti>
<det>
<pl>Lyon,</pl>
<pb>Pierre Bruyset-Ponthus</pb>
<pl>&amp; Paris,</pl>
<pb>Desaint,</pb>
<f>2 t. in - 12,</f>
<p>159 (pour 359), 343p.</p>
</det>
<bib>A BNt AL 1767 VI 25 -39; CatH xxxviii 1767; CorrL oct. 1767; LV Delcro Momet Q</bib>
<res>
<r_p>Lettres;</r_p>
<r_pl>cadre anglais;</r_pl>
<r_n>Clarice Derby, lady Uariote, le doyen de Colbom, le marquis de Montalve;</r_n>
<r_c>les malheurs d’une jeune fille, intrigues de famille;</r_c>
<r_s>sensibilité, mélancolie, sentiments chrétiens et anti-philosophiques.</r_s>
</res>
<ae>
<ae_ae>Autres éditions:</ae_ae>
<ae_se>
<ae_sep>-</ae_sep>
<ae_pl>Londres,</ae_pl>
<ae_pb>J. Nourse,</ae_pb>
<ae_y>1767,</ae_y>
<ae_f>2 t.,</ae_f>
<ae_p>159 (pour 359), 343p.</ae_p>
<ae_bib>(BMt)</ae_bib>
<ae_sep>-</ae_sep>
<ae_pl>Amsterdam,</ae_pl>
<ae_pb>B. Vlam,</ae_pb>
<ae_y>1768,</ae_y>
<ae_f>2 t. in - 12</ae_f>
<ae_bib>(BM+)</ae_bib>
<ae_sep>-</ae_sep>
<ae_pl>Lyon,</ae_pl>
<ae_y>1775,</ae_y>
<ae_f>2t. in-24</ae_f>
<ae_bib>(CtY)</ae_bib>
</ae_se>
</ae>
</entry>
</document>

<document>
<entry>
<id>67.37</id>
<au>
<a>MARCHAND, Jean-Henri</a>
</au>
<ti>Les délassements champêtres ou mélanges d’un philosophe sérieux à Paris et badin à la campagne</ti>
<det>
<pl>La Haye,</pl>
<y>1767,</y>
<f>2 t. in - 12,</f>
<p>372, 356p.</p>
</det>
<bib>BM BNt CatH xl 1767; CorrL</bib>
<ex>oct. 1767 et janv. 1768 Le t. I est une réédition de Mon radotage et celui des autres, 1759 (v. 59.19). L’esprit et la chose (t. II, et édité à part la même année; v. ci-dessous, Autres éditions) a été attribué aussi à Jean-Auguste Jullien, dit Desboulmiers. Q donne une édition de l’Esprit et la chose pour 1760, mais nous n’avons pu la retrouver. T. I, Mon radotage et celui des autres; II, 11 - 174, L’esprit et la chose:</ex>
<res>
<r_p>Ire personne;</r_p>
<r_pl>Paris;</r_pl>
<r_c>un jeune Hollandais, étudiant en droit, s’étonne de voir que dans la capitale française aucun règlement n’est respecté;</r_c>
<r_s>ton</r_s>
<r_st>satirique. 175-282. L’éducation à la mode ou l’instituteur du temps (comprend: 248 - 282, Histoire de Jadis, seigneur d’autrefois).</r_st>
</res>
<ae>
<ae_ae>Autre édition des Délassements... - 1768, 2 t. in - 12 (B, Q) Autres éditions de l’Esprit et la chose:</ae_ae>
<ae_se>
<ae_sep>-</ae_sep>
<ae_y>1767,</ae_y>
<ae_f>in - 12,</ae_f>
<ae_p>173p.</ae_p>
<ae_bib>(BNt).</ae_bib>
<ae_ex>Paraît être de la même impression que l’édition des Délassements, à part la dernière page.</ae_ex>
<ae_sep>-</ae_sep>
<ae_y>1768</ae_y>
<ae_bib>(B, Gay, Q)</ae_bib>
</ae_se>
</ae>
</entry>
</document>

<document>
<entry>
<id>67.38</id>
<au>
<a>MARCHAND, Jean-Henri</a>
</au>
<ti>Hylaire, par un métaphysicien</ti>
<det>
<pl>Amsterdam,</pl>
<y>1767,</y>
<f>in-12,</f>
<p>viii + 242p.</p>
</det>
<bib>A BM BNt CorrL juin 1767 B Drujon Dufrenoy Q</bib>
<ex>Selon Q, le nom du titre s’écrit avec un i sur certains exemplaires. avec un y sur d’autres.</ex>
<res>
<r_p>3e personne;</r_p>
<r_pl>France (Paris);</r_pl>
<r_n>Hylaire (ancien soldat sous Louis XIV), Cibere (jeune volontaire), Granvaurien (homme du peuple);</r_n>
<r_c>aventures d’un mendiant aveugle;</r_c>
<r_s>ton satirique. Parodie du Bélisaire de Marmontel (67.39).</r_s>
</res>
<ae>
<ae_ae>Autres éditions:</ae_ae>
<ae_se>
<ae_sep>-</ae_sep>
<ae_pl>Amsterdam,</ae_pl>
<ae_pb>E. van Harrevelt,</ae_pb>
<ae_y>1767,</ae_y>
<ae_f>in-8,</ae_f>
<ae_p>vi+ 107p.</ae_p>
<ae_bib>(La Hayet)</ae_bib>
<ae_sep>—</ae_sep>
<ae_pl>Leipsig,</ae_pl>
<ae_pb>Crusius,</ae_pb>
<ae_y>1768,</ae_y>
<ae_f>in-18</ae_f>
<ae_bib>(BN)</ae_bib>
</ae_se>
</ae>
</entry>
</document>

<document>
<entry>
<id>67.39</id>
<au>
<a>MARMONTEL, Jean-François</a>
</au>
<ti>Bélisaire, par M. Marmontel de l’Académie françoise</ti>
<det>
<pl>Paris,</pl>
<pb>Merlin,</pb>
<y>1767,</y>
<f>in - 12,</f>
<p>x + 340p.</p>
</det>
<bib>A BM BNt AL 1768 I</bib>
<res>
<r_st>3 - 27; CatH vi 1767; CorrL mars, avril, juin, oct., déc.</r_st>
</res>
<bib>1767; LV Delcro Dufrenoy Lenel Mornet</bib>
<ex>Clayton, Momet et Q donnent une édition de 1766, in-8 ou in - 12, que nous n’avons pu retrouver.</ex>
<res>
<r_p>Les amours de Cherale: Ire personne:</r_p>
<r_pl>cadre fantaisiste:</r_pl>
<r_n>Ismène, Zéphyre;</r_n>
<r_c>amours idylliques: prose poétique. Pp. 65-88, Isotime ou le bon génie, traduit de ***.</r_c>
</res>
<ae>
<ae_ae>Autres éditions:</ae_ae>
<ae_se>
<ae_sep>-</ae_sep>
<ae_ex>Selon CatH l’ouvrage se vendait en 1 volume in - 12 avec figures (notre princeps), en un volume in-12 sans figures (BNt), ou en un volume in-8 avec figures (BMt, BNt). Momet donne deux éditions pour 1767, sans autres précisions.</ae_ex>
<ae_sep>-</ae_sep>
<ae_pl>Paris,</ae_pl>
<ae_pb>Merlin,</ae_pb>
<ae_y>1767,</ae_y>
<ae_p>xii + 352p.</ae_p>
<ae_bib>(ICNt)</ae_bib>
<ae_sep>-</ae_sep>
<ae_ti>... nouvelle édition revue et corrigée,</ae_ti>
<ae_pl>Paris,</ae_pl>
<ae_pb>Merlin,</ae_pb>
<ae_y>1767,</ae_y>
<ae_p>xii + 249 + 22 + xi + 33 + 54p.</ae_p>
<ae_bib>(CtY, DLC, MHt, NN, etc.)</ae_bib>
<ae_sep>-</ae_sep>
<ae_pl>Amsterdam,</ae_pl>
<ae_pb>Compagnie,</ae_pb>
<ae_y>1767</ae_y>
<ae_bib>(Lille, Nantes)</ae_bib>
<ae_sep>—</ae_sep>
<ae_pl>Lausanne,</ae_pl>
<ae_y>1767,</ae_y>
<ae_f>in-12,</ae_f>
<ae_p>xii + 286p.</ae_p>
<ae_bib>(Lausannet)</ae_bib>
<ae_sep>—</ae_sep>
<ae_pl>Neuchâtel,</ae_pl>
<ae_y>1767,</ae_y>
<ae_f>in-8,</ae_f>
<ae_p>283p.</ae_p>
<ae_bib>(Neuchâtel, Q).</ae_bib>
<ae_ex>Q donne: in-8 ou in-12.</ae_ex>
<ae_sep>—</ae_sep>
<ae_pl>Vienne,</ae_pl>
<ae_pb>J. Thomas,</ae_pb>
<ae_y>1767,</ae_y>
<ae_f>in-12,</ae_f>
<ae_p>x + 340p.</ae_p>
<ae_bib>(BN)</ae_bib>
<ae_sep>—</ae_sep>
<ae_pl>Yverdon,</ae_pl>
<ae_y>1768,</ae_y>
<ae_f>in-8,</ae_f>
<ae_p>x + 226p.</ae_p>
<ae_bib>(Lausannet, Neuchâtelt, Perret)</ae_bib>
<ae_sep>-</ae_sep>
<ae_pl>Leipzig,</ae_pl>
<ae_y>1768,</ae_y>
<ae_f>in-8</ae_f>
<ae_bib>(Momet, Q)</ae_bib>
<ae_sep>—</ae_sep>
<ae_pl>La Haye,</ae_pl>
<ae_y>1769,</ae_y>
<ae_f>in-12</ae_f>
<ae_bib>(Clermont).</ae_bib>
<ae_ex>Momet donne une édition de 1769, sans autres précisions.</ae_ex>
<ae_sep>-</ae_sep>
<ae_pl>Paris,</ae_pl>
<ae_pb>Merlin,</ae_pb>
<ae_y>1769,</ae_y>
<ae_f>in-12</ae_f>
<ae_bib>(BM)</ae_bib>
<ae_sep>--</ae_sep>
<ae_pl>Lausanne,</ae_pl>
<ae_pb>François Grasset,</ae_pb>
<ae_y>1769,</ae_y>
<ae_f>in-8,</ae_f>
<ae_p>viii + 217p.</ae_p>
<ae_bib>(Lausanne, Q)</ae_bib>
<ae_sep>-</ae_sep>
<ae_ti>... nouvelle édition augmentée de pièces relatives...,</ae_ti>
<ae_pl>Paris,</ae_pl>
<ae_pb>Merlin,</ae_pb>
<ae_y>1770,</ae_y>
<ae_f>in-12,</ae_f>
<ae_p>xii + 343p.</ae_p>
<ae_bib>(BN, Momet)</ae_bib>
<ae_sep>-</ae_sep>
<ae_ti>... nouvelle édition augmentée de figures,</ae_ti>
<ae_pl>Lausanne,</ae_pl>
<ae_pb>François Grasset,</ae_pb>
<ae_y>1771,</ae_y>
<ae_f>in-8,</ae_f>
<ae_p>xii + 245p.</ae_p>
<ae_bib>(Lausannet, Q)</ae_bib>
<ae_sep>-</ae_sep>
<ae_ti>ds Contes moraux,</ae_ti>
<ae_pl>La Haye,</ae_pl>
<ae_pb>Compagnie,</ae_pb>
<ae_y>1775,</ae_y>
<ae_f>4t.</ae_f>
<ae_bib>(MB).</ae_bib>
<ae_ex>Bélisaire se trouve dans le t. IV.</ae_ex>
<ae_sep>-</ae_sep>
<ae_pl>Paris,</ae_pl>
<ae_y>1777,</ae_y>
<ae_f>in-8</ae_f>
<ae_bib>(Brest, Mornet, Q)</ae_bib>
<ae_sep>-</ae_sep>
<ae_ti>ds Œuvres,</ae_ti>
<ae_pl>Liège,</ae_pl>
<ae_pb>Bassompierrc fils,</ae_pb>
<ae_y>1777,</ae_y>
<ae_f>1 lt. in-8</ae_f>
<ae_bib>(Marne, Rennes, Ste-Geneviève, Bruxelles, DLC, MdBJ, etc., Freund)</ae_bib>
<ae_sep>-</ae_sep>
<ae_pl>Londres,</ae_pl>
<ae_y>1780,</ae_y>
<ae_f>in-18,</ae_f>
<ae_p>368p.</ae_p>
<ae_bib>(BMt, Brissart, 0).</ae_bib>
<ae_ex>Momet indique une édition de 1780 sans autres précisions.</ae_ex>
<ae_sep>-</ae_sep>
<ae_pl>Londres,</ae_pl>
<ae_y>1780,</ae_y>
<ae_f>in-18,</ae_f>
<ae_p>314p.</ae_p>
<ae_bib>(La Hayet, WaPS, Brissart, Q)</ae_bib>
<ae_sep>-</ae_sep>
<ae_pl>Paris,</ae_pl>
<ae_y>1781,</ae_y>
<ae_f>in-12</ae_f>
<ae_bib>(Q)</ae_bib>
<ae_sep>-</ae_sep>
<ae_ti>ds Contes moraux et Bélisaire, t. IV,</ae_ti>
<ae_pl>Yverdon,</ae_pl>
<ae_y>1781,</ae_y>
<ae_f>4t. in-12</ae_f>
<ae_bib>(Lausannet, Oront Freund, Perret)</ae_bib>
<ae_sep>-</ae_sep>
<ae_pl>Maestricht,</ae_pl>
<ae_pb>Dufour et Roux,</ae_pb>
<ae_y>1782,</ae_y>
<ae_f>in-12,</ae_f>
<ae_p>363p.</ae_p>
<ae_bib>(PPM, Q)</ae_bib>
<ae_sep>-</ae_sep>
<ae_pl>La Haye,</ae_pl>
<ae_y>1783,</ae_y>
<ae_f>in-18</ae_f>
<ae_bib>(Q)</ae_bib>
<ae_sep>-</ae_sep>
<ae_pl>Lausanne,</ae_pl>
<ae_pb>H. Pott,</ae_pb>
<ae_y>1784,</ae_y>
<ae_f>in-8,</ae_f>
<ae_p>xii + 245p.</ae_p>
<ae_bib>(Deventer, Lausannet, Q)</ae_bib>
<ae_sep>-</ae_sep>
<ae_ti>ds Œuvres,</ae_ti>
<ae_y>1786-87</ae_y>
<ae_bib>(Q)</ae_bib>
<ae_sep>-</ae_sep>
<ae_pl>Paris,</ae_pl>
<ae_pb>Merlin,</ae_pb>
<ae_y>1787,</ae_y>
<ae_f>in-12</ae_f>
<ae_bib>(Q)</ae_bib>
<ae_sep>-</ae_sep>
<ae_ti>ds Œuvres,</ae_ti>
<ae_pl>Paris,</ae_pl>
<ae_pb>Née de la Rochelle,</ae_pb>
<ae_y>1787</ae_y>
<ae_bib>(BM, BN, Freund, Gay, Lenel, Q)</ae_bib>
<ae_sep>-</ae_sep>
<ae_ti>ds Œuvres,</ae_ti>
<ae_pl>Paris,</ae_pl>
<ae_pb>Dufart,</ae_pb>
<ae_y>1790</ae_y>
<ae_bib>(MH, Freund).</ae_bib>
<ae_sep>-</ae_sep>
<ae_pl>Leipsick,</ae_pl>
<ae_y>1791</ae_y>
<ae_bib>(Utrecht).</ae_bib>
<ae_ex>Freund donne une version des Contes moraux’. Leipsic, S.L. Crusius, 1791,4t. in-8, où le t.lV serait Bélisaire.</ae_ex>
<ae_sep>-</ae_sep>
<ae_pl>Bruxelles,</ae_pl>
<ae_y>1792,</ae_y>
<ae_f>4t. in-8</ae_f>
<ae_bib>(Q).</ae_bib>
<ae_ex>Edition en français et en anglais.</ae_ex>
<ae_sep>-</ae_sep>
<ae_pl>Londres,</ae_pl>
<ae_y>1793</ae_y>
<ae_bib>(MH)</ae_bib>
<ae_sep>-</ae_sep>
<ae_pl>Londres,</ae_pl>
<ae_pb>Isaac Herbert, Vemot et Hood et M. Stace,</ae_pb>
<ae_y>1796,</ae_y>
<ae_f>in-12</ae_f>
<ae_bib>(BMt)</ae_bib>
<ae_sep>-</ae_sep>
<ae_pl>Newburyport,</ae_pl>
<ae_pb>Mass.,</ae_pb>
<ae_y>1796,</ae_y>
<ae_f>in-12,</ae_f>
<ae_p>208p.</ae_p>
<ae_bib>(MWA)</ae_bib>
<ae_sep>-</ae_sep>
<ae_y>1797</ae_y>
<ae_bib>(Clayton)</ae_bib>
<ae_sep>-</ae_sep>
<ae_pl>Londres,</ae_pl>
<ae_y>1799</ae_y>
<ae_bib>(BM)</ae_bib>
<ae_sep>-</ae_sep>
<ae_pl>Leipsic,</ae_pl>
<ae_pb>S.L. Crusius,</ae_pb>
<ae_y>1803,</ae_y>
<ae_f>in-8</ae_f>
<ae_bib>(Freund).</ae_bib>
<ae_ex>Ce serait une réédition de la version des Contes publiée en 1791 (v. ci-dessus).</ae_ex>
<ae_sep>-</ae_sep>
<ae_pl>Londres,</ae_pl>
<ae_pb>Cox and Bayliss,</ae_pb>
<ae_y>1805</ae_y>
<ae_bib>(BM)</ae_bib>
<ae_sep>-</ae_sep>
<ae_pl>Vienne,</ae_pl>
<ae_pb>Louis Doll,</ae_pb>
<ae_y>1806,</ae_y>
<ae_f>in-8,</ae_f>
<ae_p>200p.</ae_p>
<ae_bib>(Oront)</ae_bib>
<ae_sep>-</ae_sep>
<ae_pl>Paris,</ae_pl>
<ae_pb>Maradan,</ae_pb>
<ae_y>1808,2t.,</ae_y>
<ae_p>166, 199p.</ae_p>
<ae_bib>(DeGet, MH)</ae_bib>
<ae_sep>-</ae_sep>
<ae_pl>Paris,</ae_pl>
<ae_pb>Billois,</ae_pb>
<ae_y>1810,</ae_y>
<ae_f>in-12,</ae_f>
<ae_p>250p.</ae_p>
<ae_bib>(BN)</ae_bib>
<ae_sep>-</ae_sep>
<ae_pl>Paris,</ae_pl>
<ae_pb>L. Dupont-Duverger,</ae_pb>
<ae_y>1810,</ae_y>
<ae_f>in-12,</ae_f>
<ae_p>218p.</ae_p>
<ae_bib>(BN)</ae_bib>
<ae_sep>-</ae_sep>
<ae_pl>Londres,</ae_pl>
<ae_pb>Cox and Bayliss,</ae_pb>
<ae_y>1811</ae_y>
<ae_bib>(BM)</ae_bib>
<ae_sep>-</ae_sep>
<ae_ti>La Flèche, impr. de P.-J. Voglet,</ae_ti>
<ae_y>1811,</ae_y>
<ae_f>in-12,</ae_f>
<ae_p>224p.</ae_p>
<ae_bib>(BN)</ae_bib>
<ae_sep>-</ae_sep>
<ae_pl>Paris,</ae_pl>
<ae_pb>Le Dentu,</ae_pb>
<ae_y>1816,</ae_y>
<ae_p>252p.</ae_p>
<ae_bib>(DLC, MdBP, MHt)</ae_bib>
<ae_sep>-</ae_sep>
<ae_pl>Paris,</ae_pl>
<ae_y>1817,</ae_y>
<ae_f>in-8</ae_f>
<ae_bib>(Leyde)</ae_bib>
<ae_sep>-</ae_sep>
<ae_ti>ds Œuvres,</ae_ti>
<ae_pl>Paris,</ae_pl>
<ae_pb>Verdières,</ae_pb>
<ae_y>1818-19,</ae_y>
<ae_f>in-8</ae_f>
<ae_bib>(BM, BN, Freund, Q)</ae_bib>
<ae_sep>-</ae_sep>
<ae_ti>ds Œuvres,</ae_ti>
<ae_pl>Paris,</ae_pl>
<ae_pb>A. Costes,</ae_pb>
<ae_y>1819</ae_y>
<ae_bib>(BN, Freund)</ae_bib>
<ae_sep>-</ae_sep>
<ae_ti>ds Œuvres,</ae_ti>
<ae_pl>Paris,</ae_pl>
<ae_pb>A. Belin,</ae_pb>
<ae_y>1819-20</ae_y>
<ae_bib>(BM, BN, Freund, Q)</ae_bib>
</ae_se>
</ae>
</entry>
</document>

<document>
<entry>
<id>67.40</id>
<au>
<a>MERCIER, Louis-Sébastien</a>
</au>
<ti>Les amours de Cherale, poème en six chants, suivi du Bon génie</ti>
<det>
<pl>Amsterdam,</pl>
<pb>Zacharie,</pb>
<y>1767,</y>
<f>in-8,</f>
<p>88p.</p>
</det>
<bib>Avignon (Calvet) Bremen Staatsbibl. Gotha Landesbibl. CatH xxxi 1767; CorrL mai 1767 Béclard Benn</bib>
<ex>Clayton Dans le texte même, le deuxième morceau est intitulé: Isotime ou le bon génie. Ce conte a paru en 1793 sous le titre: Philédon et Prothumie, poème érotique (v. ci-dessous, Autres éditions). B attribue Isotime à Claude-François-Xavier de Compiègne, qui était en effet auteur aussi bien que libraire, mais qui n’avait que trois ans en 1767.</ex>
<res>
<r_p>3e personne:</r_p>
<r_pl>cadre imprécis;</r_pl>
<r_n>Charidème, Mondor, Elise;</r_n>
<r_c>intrigue sentimentale;</r_c>
<r_s>intentions moralisatrices, vertu, sensibilité.</r_s>
</res>
<ae>
<ae_ae>Autres éditions:</ae_ae>
<ae_se>
<ae_sep>—</ae_sep>
<ae_pl>Amsterdam,</ae_pl>
<ae_y>1768,</ae_y>
<ae_f>in-12</ae_f>
<ae_bib>(Ersch)</ae_bib>
<ae_sep>—</ae_sep>
<ae_pl>Paris,</ae_pl>
<ae_pb>Lamy,</ae_pb>
<ae_f>in-12,</ae_f>
<ae_p>88p.</ae_p>
<ae_bib>(JP 13.i.83, Benn)</ae_bib>
<ae_sep>—</ae_sep>
<ae_ti>ds Pfeil, L’homme sauvage,</ae_ti>
<ae_pl>Neuchâtel,</ae_pl>
<ae_y>1784,</ae_y>
<ae_p>pp. 269- 314</ae_p>
<ae_bib>(BMf, Benn).</ae_bib>
<ae_ex>V. 67.42, Autres éditions.</ae_ex>
<ae_sep>—</ae_sep>
<ae_ti>Philédon et Prothumie, poème érotique, suivi de la Sympathie, histoire morale,</ae_ti>
<ae_pl>Paris,</ae_pl>
<ae_pb>C. Mercier, impr-libraire,</ae_pb>
<ae_y>1793,</ae_y>
<ae_f>in-18,</ae_f>
<ae_p>136p.</ae_p>
<ae_bib>(BMt, BN, Benn, Gay, Q).</ae_bib>
<ae_ex>Pp. 9-32, Philédon et Prothumie; 115-136, Fragmens des amours de Cherale (extraits des chants I et VI).</ae_ex>
<ae_sep>—</ae_sep>
<ae_ti>Isotime ou le bon génie, poème en prose, suivi de la Sympathie....</ae_ti>
<ae_pl>Paris,</ae_pl>
<ae_pb>C. Mercier,</ae_pb>
<ae_y>1793,</ae_y>
<ae_f>in-32</ae_f>
<ae_bib>(JP 27.vi.93, B, Benn).</ae_bib>
<ae_ex>Ce volume contient-il les Amours de Cherale!</ae_ex>
</ae_se>
</ae>
</entry>
</document>

<document>
<entry>
<id>67.41</id>
<au>
<a>MERCIER, Louis-Sébastien</a>
</au>
<ti>La sympathie, histoire morale, par M. Mercier</ti>
<det>
<pl>Amsterdam,</pl>
<pb>Zacharie,</pb>
<y>1767,</y>
<f>in-12,</f>
<p>108p.</p>
</det>
<bib>At AL 1767 V 163- 169; CatH xxvii 1767; CorrL juill. 1767; LV Béclard Benn Momet Q</bib>
<res>
<r_p>Ire personne, mais le narrateur n ’est pas le personnage principal;</r_p>
<r_pl>Amérique du Sud;</r_pl>
<r_n>Azeb, Lovedon, Zidzem, Zaka;</r_n>
<r_c>deux enfants élévés dans la nature sont corrompus par le contact de la civilisation européenne; sensibilité, contre le fanatisme.</r_c>
</res>
<ae>
<ae_ae>Autres éditions:</ae_ae>
<ae_se>
<ae_sep>-</ae_sep>
<ae_ti>ds Jullien, Les caprices de l’amour et de la fortune,</ae_ti>
<ae_pl>Londres,</ae_pl>
<ae_y>1782,</ae_y>
<ae_f>in-18</ae_f>
<ae_bib>(BMt).</ae_bib>
<ae_ex>V. 61.8, Autres éditions.</ae_ex>
<ae_sep>-</ae_sep>
<ae_ti>ds Fictions morales, t.I,</ae_ti>
<ae_pl>Paris,</ae_pl>
<ae_pb>Cercle social,</ae_pb>
<ae_y>1792</ae_y>
<ae_bib>(BNt, Benn).</ae_bib>
<ae_ex>V. 92.29.</ae_ex>
<ae_sep>—</ae_sep>
<ae_pl>Paris,</ae_pl>
<ae_pb>C. Mercier,</ae_pb>
<ae_y>1793,</ae_y>
<ae_f>in-32</ae_f>
<ae_ex>(Avis de l’éditeur, ds Philédon et Prothumie; v. l’édition suivante)</ae_ex>
<ae_sep>—</ae_sep>
<ae_ti>Philédon et Prothumie, poème érotique, suivie de la Sympathie,</ae_ti>
<ae_pl>Paris,</ae_pl>
<ae_pb>C. Mercier,</ae_pb>
<ae_y>1793,</ae_y>
<ae_f>in-18</ae_f>
<ae_bib>(BMt, BN, Benn, Gay, Q)</ae_bib>
<ae_sep>-</ae_sep>
<ae_ti>Isotime ou le bon génie, poème en prose, suivi de la Sympathie,</ae_ti>
<ae_pl>Paris,</ae_pl>
<ae_pb>C. Mercier,</ae_pb>
<ae_y>1793,</ae_y>
<ae_f>in-32</ae_f>
<ae_bib>(JP27.vi.93, B, Benn)</ae_bib>
<ae_sep>-</ae_sep>
<ae_ti>ds Les caprices de l’amour...,</ae_ti>
<ae_y>1797</ae_y>
<ae_bib>(Gay, JG I 26 (1798)).</ae_bib>
<ae_ex>Est-ce que cette édition des Caprices contient La sympathie!</ae_ex>
<ae_sep>-</ae_sep>
<ae_ti>ds Nouveaux contes moraux,</ae_ti>
<ae_pl>Paris,</ae_pl>
<ae_y>an VIII-1800</ae_y>
<ae_bib>(Monglond).</ae_bib>
<ae_ex>V. 92.29, Autre édition.</ae_ex>
<ae_sep>-</ae_sep>
<ae_ti>ds Jezennemours,</ae_ti>
<ae_pl>Buckingham,</ae_pl>
<ae_y>s.d.,</ae_y>
<ae_f>3t. in-18</ae_f>
<ae_bib>(Leeds, Benn).</ae_bib>
<ae_ex>V. 76.36, Autres éditions.</ae_ex>
</ae_se>
</ae>
</entry>
</document>

<document>
<entry>
<id>67.42</id>
<au>
<a>PFEIL, Johann Gottlob Benjamin</a>
<trd>trad. par Louis-t Sébastien MERCIER</trd>
</au>
<ti>L’homme sauvage, histoire traduite de ... par M. Mercier</ti>
<det>
<pl>Paris,</pl>
<pb>veuve Duchesne,</pb>
<y>1767,</y>
<f>in-12,</f>
<p>309p.</p>
</det>
<bib>A BNt CorrL avril 1767 Béclard Benn Delcro Momet</bib>
<ex>A partir des éditions de 1784, les vingt-cinq chapitres du texte original ont été augmentés jusqu’à trente-six.</ex>
<tr>Trad. de Der Wilde, dans Versuch in moralischen Erzdhlungen, 1757.</tr>
<ex>Pour l’attribution définitive de l’original de cet ouvrage à Pfeil, v. Winfried Engler, ‘Merciers Abhângigkeit von Pfeil und Wieland’, Arcadia, III, 1968, 251-261 ; et T.E. Annandale ‘Johann Gottlob Benjamin Pfeil and Louis-Sébastien Mercier’, Revue de litt. comparée, 44e année, n° 4, oct.-déc. 1970, 444-459.</ex>
<res>
<r_p>Lettres, avec longs récits intercalés Ire personne;</r_p>
<r_pl>France;</r_pl>
<r_n>le comte du Lisse, madame Blaker. Léonor, Rose, Mr. Dirker. d’Orbesson, Cecily, miss Kinkter;</r_n>
<r_c>aventures romanesques, intrigues sentimentales, histoires de famille;</r_c>
<r_s>sensibilité.</r_s>
</res>
<ae>
<ae_ae>Autres éditions:</ae_ae>
<ae_se>
<ae_pl>Amsterdam,</ae_pl>
<ae_pb>Zacharie,</ae_pb>
<ae_y>1767,</ae_y>
<ae_f>in-12,</ae_f>
<ae_p>309p.</ae_p>
<ae_bib>(Besançon, Edinburgh. Genève, Le Mans, LV, B, Benn, Dufrenoy, 0)</ae_bib>
<ae_sep>-</ae_sep>
<ae_pl>Paris.</ae_pl>
<ae_pb>Duchesne,</ae_pb>
<ae_y>1767,</ae_y>
<ae_p>168p.</ae_p>
<ae_bib>(Leipzig, Benn, K-F)</ae_bib>
<ae_sep>-</ae_sep>
<ae_y>1768</ae_y>
<ae_bib>(Messac)</ae_bib>
<ae_sep>-</ae_sep>
<ae_pl>Amsterdam,</ae_pl>
<ae_y>1770,</ae_y>
<ae_f>in-8</ae_f>
<ae_bib>(Benn, Heinsius, Kayser)</ae_bib>
<ae_sep>-</ae_sep>
<ae_pl>Amsterdam,</ae_pl>
<ae_y>1772</ae_y>
<ae_bib>(Zurich, Benn)</ae_bib>
<ae_sep>-</ae_sep>
<ae_pl>Neuchâtel,</ae_pl>
<ae_pb>Société typographique,</ae_pb>
<ae_y>1784,</ae_y>
<ae_f>in-8,</ae_f>
<ae_p>314p.</ae_p>
<ae_bib>(A, BM, B, Benn, Mesaac, Q).</ae_bib>
<ae_ex>Comprend les Amours de Cherale (v. 67.40).</ae_ex>
<ae_sep>-</ae_sep>
<ae_pl>Paris,</ae_pl>
<ae_pb>Royer,</ae_pb>
<ae_y>1784,</ae_y>
<ae_f>in-12</ae_f>
<ae_bib>(JP 18.vii.84, Benn)</ae_bib>
<ae_sep>—</ae_sep>
<ae_pl>Basel,</ae_pl>
<ae_pb>Scrini,</ae_pb>
<ae_y>1784,</ae_y>
<ae_f>in-8</ae_f>
<ae_bib>(Benn, Kayser)</ae_bib>
<ae_sep>—</ae_sep>
<ae_pl>Neuchâtel,</ae_pl>
<ae_y>1785</ae_y>
<ae_bib>(Utrecht, Benn)</ae_bib>
<ae_sep>-</ae_sep>
<ae_pl>Berlin &amp; Leipzig,</ae_pl>
<ae_pb>Kôchly,</ae_pb>
<ae_y>1785,</ae_y>
<ae_f>4t. in-8</ae_f>
<ae_bib>(Benn, Kayser)</ae_bib>
<ae_sep>-</ae_sep>
<ae_pl>Berne,</ae_pl>
<ae_pb>Société typographique,</ae_pb>
<ae_y>1790,</ae_y>
<ae_f>in-8</ae_f>
<ae_bib>(Benn, Heinsius)</ae_bib>
<ae_sep>-</ae_sep>
<ae_ti>... ou aventures d’Azeb, Zidzem et Zaka,</ae_ti>
<ae_pl>Paris,</ae_pl>
<ae_pb>marchands de nouveautés,</ae_pb>
<ae_y>1792, l’an</ae_y>
<ae_ti>IV de la liberté,</ae_ti>
<ae_f>2t. in-18,</ae_f>
<ae_p>x + 11-180, 179p.</ae_p>
<ae_bib>(Leeds, Benn)</ae_bib>
<ae_sep>-</ae_sep>
<ae_ti>ds Fictions morales, t.II,</ae_ti>
<ae_pl>Paris,</ae_pl>
<ae_y>1792</ae_y>
<ae_bib>(BNt, Benn).</ae_bib>
<ae_ex>V. 92.29.</ae_ex>
<ae_sep>-</ae_sep>
<ae_ti>ds Nouveaux contes moraux, t.II,</ae_ti>
<ae_pl>Paris,</ae_pl>
<ae_y>an VIII-1800</ae_y>
<ae_bib>(Benn, Monglond).</ae_bib>
<ae_ex>V. 92.29, Autre édition.67.43</ae_ex>
</ae_se>
</ae>
</entry>
</document>

<document>
<entry>
<id>67.43</id>
<au>
<a>RÉTIF DE LA BRETONNE, Nicolas-Edme</a>
</au>
<ti>La famille vertueuse, lettres traduites de l’anglais, par monsieur de La Bretonne</ti>
<det>
<pl>Paris,</pl>
<pb>veuve Duchesne,</pb>
<y>1767,</y>
<f>4 part, in - 12,</f>
<p>xxxvi + 251, 288, 300, 299p.</p>
</det>
<bib>A BM BNt AL 1767 VIII 103-114; CatH xlvii 1767; CorrL janv. 1768 LV Gay Q Rives Childs Streeter</bib>
<ex>Cet ouvrage, dans cette édition, constitue les tomes VI, VII de la Bibliothèque de campagne, Amsterdam &amp; Paris, veuve Duchesne, 1778, 24t(BNf).</ex>
<res>
<r_st>Lettres, interrompues par un récit (I, 83 - 160); France;</r_st>
<r_c>la comtesse de Sancerre. le marquis de Montalais, madame de Mirande: intrigue sentimentale (les suites d’un mariage malheureux), histoires de famille;</r_c>
<r_s>analyse psychologique.</r_s>
</res>
</entry>
</document>

<document>
<entry>
<id>67.44</id>
<au>
<a>RICCOBONI, Marie-Jeanne Laboras de Mézières, madame</a>
</au>
<ti>Lettres d’Adélaïde de Dammartin, comtesse de Sancerre à monsieur le comte de Nancé, son ami, par madame Riccoboni</ti>
<det>
<pl>Paris,</pl>
<pb>Humblot,</pb>
<y>1767,</y>
<f>2 part, in - 12,</f>
<p>190, 192p.</p>
</det>
<bib>A BM BNt AL 1766 VII 195-210; CatH xlvi 1766; CorrL nov. 1766 Crosby</bib>
<ex>Delcro et Q donnent une première édition de 1766; l’ouvrage a paru à la fin de 1766 mais semble avoir porté la date de 1767.</ex>
<res>
<r_p>3e personne;</r_p>
<r_pl>province, Paris;</r_pl>
<r_n>Nicole, Chariot, Burus, Mme de Beaumont (paysans, nobles);</r_n>
<r_c>aventures d’une jeune fille qui fait son chemin dans le monde (elle ne se marie pas, mais reste auprès de ses bienfaiteurs - d’où le titre du roman).</r_c>
</res>
<ae>
<ae_ae>Autres éditions:</ae_ae>
<ae_se>
<ae_sep>-</ae_sep>
<ae_pl>Paris,</ae_pl>
<ae_pb>Humblot,</ae_pb>
<ae_y>1767</ae_y>
<ae_bib>(A).</ae_bib>
<ae_sep>-</ae_sep>
<ae_ex>Nouvelle édition,</ae_ex>
<ae_pl>Paris,</ae_pl>
<ae_pb>Humblot,</ae_pb>
<ae_y>1771,</ae_y>
<ae_f>in - 12,</ae_f>
<ae_p>244p.</ae_p>
<ae_bib>(A, BN, Crosby)</ae_bib>
<ae_sep>-</ae_sep>
<ae_y>1772,2</ae_y>
<ae_f>t. in - 12</ae_f>
<ae_bib>(BN)</ae_bib>
<ae_sep>—</ae_sep>
<ae_ti>Lettres de la comtesse de Sancerre par madame Riccoboni,</ae_ti>
<ae_pl>Paris,</ae_pl>
<ae_pb>imprimerie de Didot aîné,</ae_pb>
<ae_y>1780,</ae_y>
<ae_f>2 t. in - 18</ae_f>
<ae_bib>(BM, BN, Crosby).</ae_bib>
<ae_ex>Collection d’Artois.</ae_ex>
<ae_sep>-</ae_sep>
<ae_ti>Lettres d’Adélaïde...,</ae_ti>
<ae_pl>Paris,</ae_pl>
<ae_pb>Belin,</ae_pb>
<ae_y>1786,in-</ae_y>
<ae_f>12</ae_f>
<ae_bib>(BN, Crosby)</ae_bib>
<ae_ex>Pour les détails des éditions des Œuvres de Mme Riccoboni, v. 57.12.</ae_ex>
</ae_se>
</ae>
</entry>
</document>

<document>
<entry>
<id>67.45</id>
<au>
<a>ROBERT, Marie-Anne de Roumier, madame</a>
</au>
<ti>Nicole de Beauvais ou l’amour vaincu par la reconnoissance, par madame Robert</ti>
<det>
<pl>La Haye &amp; Paris,</pl>
<pb>Desaint, Despilly, veuve Duchesne, Cellot, Panckoucke, Delalain,</pb>
<y>1767,</y>
<f>2 t. in - 12,</f>
<p>321. 330p.</p>
</det>
<bib>A BN+ AL 1766 VIII 338-350; CatH lii 1766; CorrL déc. 1766 Delcro Gay Mornet Q</bib>
<res>
<r_p>Ire personne;</r_p>
<r_c>songe où une armée de rats parcourt le monde en introduisant des idées folles dans la tête des gens (on cherche à illustrer ainsi les folies du genre humain);</r_c>
<r_s>ton satirique.</r_s>
</res>
<ae>
<ae_ae>Autre édition:</ae_ae>
<ae_se>
<ae_sep>-</ae_sep>
<ae_pl>La Haye &amp; Paris,</ae_pl>
<ae_pb>Desaint, Despilly, veuve Duchesne, Cellot, Panckoucke, Delalain,</ae_pb>
<ae_y>1768,</ae_y>
<ae_f>2 t. in - 12,</ae_f>
<ae_p>129, 122p.</ae_p>
<ae_bib>(Clermont)</ae_bib>
</ae_se>
</ae>
</entry>
</document>

<document>
<entry>
<id>67.46</id>
<au>
<a>SABATIER, abbé Antoine, dit Sabatier de</a>
</au>
<ti>Castres L’école des pères et des mères ou les trois infortunées</ti>
<det>
<pl>Amsterdam &amp; Paris,</pl>
<pb>H.C. de Hansy,</pb>
<y>1767,</y>
<f>2 part, in-12,</f>
<p>vii + 193, 141p.</p>
</det>
<bib>A BM BNt AL 1767 1157-71; CorrL déc. 1766; LV B Delcro Gay Momet Q</bib>
<ae>
<ae_se>
<ae_ex>BUR 1785, janv.I, pp.17</ae_ex>
<ae_sep>-</ae_sep>
<ae_ex>29, offre de courtes versions des trois récits. L’éditeur cite l’édition de 1769 (V. ci-dessous, Autre édition). Trois récits pour illustrer les malheurs qui résultent des mariages de raison: I, 7</ae_ex>
<ae_sep>-</ae_sep>
<ae_ex>80. Histoire d’Emilie; 81 - 193, Histoire de la comtesse d’Orbeval; H, 1 - 141, Histoire de Julie. Autre édition:</ae_ex>
<ae_sep>-</ae_sep>
<ae_y>1769</ae_y>
<ae_bib>(Mornet, Q).</ae_bib>
<ae_ex>CatH viii 1769 annonce ce titre (Amsterdam &amp; Paris, de Hansy le jeune).</ae_ex>
</ae_se>
</ae>
</entry>
</document>

<document>
<entry>
<id>67.47</id>
<au>
<a>SABATIER, abbé Antoine, dit Sabatier de</a>
</au>
<ti>Castres La ratomanic ou songe moral et critique d’une jeune philosophe, par madame ***</ti>
<det>
<pl>Amsterdam,</pl>
<y>1767,</y>
<f>in - 8,</f>
<p>196p.</p>
</det>
<bib>A BM BNt CatH iii 1767 B Delcro Momet Q</bib>
<res>
<r_p>3e personne, avec récit intercalé Ire personne;</r_p>
<r_pl>Paris, Jamaïque;</r_pl>
<r_n>le comte de L***, Sydney, Mlle Worthon, la marquise d’Esmond, Brushon...;</r_n>
<r_c>intrigue sentimentale, malheurs, événements romanesques;</r_c>
<r_s>sensibilité, vertu.</r_s>
</res>
</entry>
</document>

<document>
<entry>
<id>67.48</id>
<au>
<a>SACY, Claude-Louis-Michel de</a>
</au>
<ti>Les amis rivaux, histoire anglaise par M. de Sacy</ti>
<det>
<pl>Amsterdam,</pl>
<y>1767,</y>
<f>in - 12,</f>
<p>200p.</p>
</det>
<bib>At LV Momet Q Streeter</bib>
<res>
<r_p>3e personne, avec récits intercalés des personnages;</r_p>
<r_pl>Angleterre;</r_pl>
<r_n>M. Manly, Rose Moody, miss Murrels...(bourgeoisie);</r_n>
<r_c>les personnages se rencontrent dans un coche et se racontent leur vie (aventures sentimentales et romanesques);</r_c>
<r_s>intentions moralisatrices, ton comique, peinture des moeurs, quelques tendances réalistes.</r_s>
</res>
<ae>
<ae_ae>Autre édition:</ae_ae>
<ae_se>
<ae_sep>-</ae_sep>
<ae_pl>Amsterdam,</ae_pl>
<ae_y>1768,</ae_y>
<ae_f>in - 8,</ae_f>
<ae_p>204p.</ae_p>
<ae_bib>(BMt)</ae_bib>
</ae_se>
</ae>
</entry>
</document>

<document>
<entry>
<id>67.49</id>
<au>
<a>SHERIDAN, Frances Chamberlaine, Mrs Thomas</a>
<trd>trad. par t Jean-Baptiste-René ROBINET</trd>
</au>
<ti>Mémoires pour servir à l’histoire de la vertu, extraits du journal d’une jeune dame</ti>
<det>
<pl>Paris,</pl>
<pb>Saillant, Desaint,</pb>
<y>1767,</y>
<f>2 t. in - 12,</f>
<p>xvi (pour xii) + 405, 400p.</p>
</det>
<bib>BNt Q</bib>
<ae>
<ae_se>
<ae_ex>C’est la suite (t. V, VI) de l’ouvrage traduit deux fois en 1762, par l’abbé Antoine-François Prévost (62.34) et par Jean-Baptiste René Robinet (62.35): Memoirs of Miss Sidney Bidulph. Autres éditions:</ae_ex>
<ae_sep>-</ae_sep>
<ae_ti>Mémoires de miss Sidney Bidulphe par l’auteur des Mémoires pour servir à l’histoire de la vertu,</ae_ti>
<ae_pl>Paris,</ae_pl>
<ae_pb>Saillant, Desaint,</ae_pb>
<ae_y>1768,</ae_y>
<ae_f>in-12,</ae_f>
<ae_p>xvi (pour xii) + 405, 400p.</ae_p>
<ae_bib>(A, BNt).</ae_bib>
<ae_ex>Paraît être la même impression que la première édition, avec une nouvelle page de titre.</ae_ex>
<ae_sep>—</ae_sep>
<ae_pl>Amsterdam,</ae_pl>
<ae_y>1768,</ae_y>
<ae_f>2t. in-8,</ae_f>
<ae_p>319, 320p.</ae_p>
<ae_bib>(La Haye)</ae_bib>
</ae_se>
</ae>
</entry>
</document>

<document>
<entry>
<id>67.50</id>
<au>
<a>SMYTHIES, miss</a>
<trd>trad. par Nicolas LA GRANGE</trd>
</au>
<s>t</s>
<ti>Le coche, traduit de l’anglois par M.D.L.G.</ti>
<det>
<pl>La Haye,</pl>
<y>1767,</y>
<f>4 part, in - 12,</f>
<p>iv+ 104, 96, 133, 100p.</p>
</det>
<bib>A BM BNt CatH vii 1767; CorrL fév. 1767; LV B Gay Momet Q Rochedieu Streeter</bib>
<tr>Trad. de The Stage Coach, containing the Character of Mr. Manly and the History of his Fellow-Travellers, 1753.</tr>
<res>
<r_p>Saint-Fargeau Ire personne (mémoires), avec récits des personnages;</r_p>
<r_pl>province;</r_pl>
<r_n>les demoiselles de Valcourt, Mme de Vourville,, M. d’Ozincour;</r_n>
<r_c>intrigues sentimentales, histoires de famille, sensibilité, malheurs.</r_c>
</res>
<ae>
<ae_ae>Autres éditions:</ae_ae>
<ae_se>
<ae_sep>—</ae_sep>
<ae_ex>Selon Rochedieu, l’édition originale se présente aussi en 4 parties in - 8.</ae_ex>
<ae_sep>—</ae_sep>
<ae_pl>La Haye,</ae_pl>
<ae_y>1767</ae_y>
<ae_bib>(A).</ae_bib>
<ae_ex>Deuxième exemplaire non-double.</ae_ex>
</ae_se>
</ae>
</entry>
</document>

<document>
<entry>
<id>67.51</id>
<au>
<a>THIROUX D’ARCONVILLE, Marie-Geneviève-Charlotte Darius, madame</a>
</au>
<ti>Mémoires de mademoiselle de Valcourt</ti>
<det>
<pl>Amsterdam &amp; Paris,</pl>
<pb>Lacombc,</pb>
<y>1767,</y>
<f>2 part, in - 12,</f>
<p>291, 311p.</p>
</det>
<bib>A BNt AL I 1767 255 - 266; CorrL fév. 1767; LV Delcro Gay Q</bib>
<res>
<r_p>3e personne;</r_p>
<r_pl>Bretagne, Paris;</r_pl>
<r_n>Mlle de Kerkabon, l’abbé de St. Yves, M. Gordon, M. de St. Pouange;</r_n>
<r_c>aventures comiques et romanesques, critiques des institutions religieuses et politiques;</r_c>
<r_s>ton satirique, sensibilité à la fin.</r_s>
</res>
<ae>
<ae_ae>Autre édition :</ae_ae>
<ae_se>
<ae_sep>-</ae_sep>
<ae_ti>ds Mélanges de littérature, de morale et de physique, t. IV,</ae_ti>
<ae_pl>Amsterdam,</ae_pl>
<ae_pb>Compagnie,</ae_pb>
<ae_y>1775,</ae_y>
<ae_f>6 t. in - 12</ae_f>
<ae_bib>(BM, BN).</ae_bib>
<ae_ex>(V. 75.R97)</ae_ex>
</ae_se>
</ae>
</entry>
</document>

<document>
<entry>
<id>67.52</id>
<au>
<a>VOLTAIRE, François-Marie Arouet de</a>
</au>
<ti>L’Ingénu, histoire véritable, tirée des manuscrits du Père Quesnel</ti>
<det>
<pl>Utrecht,</pl>
<y>1767,</y>
<f>in - 8,</f>
<p>vii + 240p.</p>
</det>
<bib>A BN CorrL août 1767 B Bengesco Dufrenoy</bib>
<ex>Pour les détails des autres éditions, que nous citons d’une façon sommaire, v. les deux éditions critiques de William R. Jones (1936 et 1957). V. aussi Bengesco et Besterman.</ex>
<res>
<r_p>3e personne;</r_p>
<r_pl>Manfred</r_pl>
<r_n>(prince d’Otrante), Mathilde, Conrad;</r_n>
<r_c>aventures romanesques, mystérieuses, tragiques;</r_c>
<r_s>roman noir.</r_s>
</res>
<ae>
<ae_ae>Autres éditions:</ae_ae>
<ae_se>
<ae_sep>-</ae_sep>
<ae_pl>Utrecht,</ae_pl>
<ae_y>1767,</ae_y>
<ae_f>in - 8,</ae_f>
<ae_p>iv + 156p.</ae_p>
<ae_bib>(BN)</ae_bib>
<ae_sep>-</ae_sep>
<ae_y>1767,</ae_y>
<ae_f>in - 8,</ae_f>
<ae_p>v (pour vii) + 208p.</ae_p>
<ae_bib>(BM)</ae_bib>
<ae_sep>-</ae_sep>
<ae_pl>Londres,</ae_pl>
<ae_y>1767,</ae_y>
<ae_f>in - 8,</ae_f>
<ae_p>iv + 89p.</ae_p>
<ae_bib>(BN)</ae_bib>
<ae_sep>—</ae_sep>
<ae_ex>Le Huron ou l’Ingénu, seconde édition,</ae_ex>
<ae_pl>Lausanne,</ae_pl>
<ae_y>1767,</ae_y>
<ae_f>2 part, in-8,</ae_f>
<ae_p>118, I20p.</ae_p>
<ae_bib>(BN)</ae_bib>
<ae_sep>—</ae_sep>
<ae_pl>Lausanne,</ae_pl>
<ae_y>1767</ae_y>
<ae_bib>(Second tirage de l’édition précédente; quelques ornements changés.) (BN)</ae_bib>
<ae_sep>—</ae_sep>
<ae_pl>Lausanne,</ae_pl>
<ae_y>1767,</ae_y>
<ae_f>2 part, in - 8,</ae_f>
<ae_p>102, 96p.</ae_p>
<ae_bib>(BN)</ae_bib>
<ae_sep>-</ae_sep>
<ae_pl>Genève,</ae_pl>
<ae_y>1767,</ae_y>
<ae_f>2 part, in - 8,</ae_f>
<ae_p>59, 59p.</ae_p>
<ae_sep>-</ae_sep>
<ae_ti>L’Ingénu ...,</ae_ti>
<ae_pl>Londres,</ae_pl>
<ae_y>1767,</ae_y>
<ae_f>2 part, in - 8,</ae_f>
<ae_p>56, 56p.</ae_p>
<ae_bib>(BN)</ae_bib>
<ae_sep>-</ae_sep>
<ae_ti>... par M. de Voltaire,</ae_ti>
<ae_pl>Genève,</ae_pl>
<ae_y>1767,</ae_y>
<ae_f>in - 8,</ae_f>
<ae_p>iv + 132p.</ae_p>
<ae_bib>(BM)</ae_bib>
<ae_sep>-</ae_sep>
<ae_ti>Le Huron ....</ae_ti>
<ae_pl>Lausanne,</ae_pl>
<ae_y>1767,</ae_y>
<ae_f>2</ae_f>
<ae_p>part.,iii + 76, 73p.</ae_p>
<ae_sep>-</ae_sep>
<ae_pl>Lausanne,</ae_pl>
<ae_y>1767,</ae_y>
<ae_f>in - 8,</ae_f>
<ae_p>100p.</ae_p>
<ae_sep>-</ae_sep>
<ae_ti>... par monsieur de V***,</ae_ti>
<ae_pl>Lausanne,</ae_pl>
<ae_y>1768,</ae_y>
<ae_f>2 part, in - 12,</ae_f>
<ae_p>99, 87p.</ae_p>
<ae_sep>-</ae_sep>
<ae_ti>Le Huron...,</ae_ti>
<ae_pl>Lausanne,</ae_pl>
<ae_y>1758 (sic),</ae_y>
<ae_f>2 part, in-12,</ae_f>
<ae_p>93, 94p.</ae_p>
<ae_sep>-</ae_sep>
<ae_ti>L’Ingénu ..., par Mr. de Voltaire, nouvelle édition,</ae_ti>
<ae_pl>Londres,</ae_pl>
<ae_y>1768,</ae_y>
<ae_f>in-8,iv+</ae_f>
<ae_p>124p.</ae_p>
<ae_sep>—</ae_sep>
<ae_ti>Le Huron ..., par l’auteur de Candide,</ae_ti>
<ae_pl>Lausanne,</ae_pl>
<ae_y>1768,</ae_y>
<ae_f>2 part, in - 8,</ae_f>
<ae_p>80, 74p.</ae_p>
<ae_sep>—</ae_sep>
<ae_ti>Le Huron ....</ae_ti>
<ae_pl>Lausanne,</ae_pl>
<ae_y>1768,</ae_y>
<ae_p>169 (pour 168)p.</ae_p>
<ae_sep>-</ae_sep>
<ae_ti>L’Ingénu...,</ae_ti>
<ae_pl>Utrecht,</ae_pl>
<ae_y>1768,</ae_y>
<ae_f>in-8,</ae_f>
<ae_p>136p.</ae_p>
<ae_bib>(BM)</ae_bib>
<ae_sep>—</ae_sep>
<ae_pl>Copenhague,</ae_pl>
<ae_y>1768,</ae_y>
<ae_f>in-8</ae_f>
<ae_sep>—</ae_sep>
<ae_pl>Breslau,</ae_pl>
<ae_y>1768,</ae_y>
<ae_f>in-8</ae_f>
<ae_sep>-</ae_sep>
<ae_ti>ds Nouveaux mélanges, t.VI,</ae_ti>
<ae_y>1768</ae_y>
<ae_sep>—</ae_sep>
<ae_ti>L’Ingénu...,</ae_ti>
<ae_pl>Ansbach,</ae_pl>
<ae_y>1785,</ae_y>
<ae_f>in-8</ae_f>
<ae_sep>—</ae_sep>
<ae_pl>Londres,</ae_pl>
<ae_y>1785,</ae_y>
<ae_p>iv + 124p.</ae_p>
<ae_ex>Pour les éditions des Œuvres et des Romans et Contes, v. 52.43.</ae_ex>
</ae_se>
</ae>
</entry>
</document>

<document>
<entry>
<id>67.53</id>
<au>
<a>WALPOLE, Horace</a>
<trd>trad. par Marc-Antoine EIDOUS</trd>
</au>
<s>t</s>
<ti>Le château d’Otrante, histoire gothique, par M. Horace Walpole, traduite sur la seconde édition angloise, par M.E.</ti>
<det>
<pl>Amsterdam &amp; Paris,</pl>
<y>1767,</y>
<f>2 part, in - 12,</f>
<p>xxiv + 103, 134p.</p>
</det>
<bib>A BM BNf AL 1774 III 82 - 89; CorrL fév. 1767; LV Q Rochedieu Streeter</bib>
<ex>B et Q donnent par erreur une première édition de 1761.</ex>
<tr>Trad. de The Castle of Otranto, 1764.</tr>
<ex>Isabelle et Théodore, 1797, cité par Pigoreau, Rochedieu et Streeter comme étant une autre édition de cette traduction, est en fait une version différente par un traducteur inconnu (v. 97.76).</ex>
<res>3e personne; Manfred (prince d’Otrante), Mathilde, Conrad; aventures romanesques, mystérieuses, tragiques; roman noir.</res>
<ae>
<ae_ae>Autres éditions:</ae_ae>
<ae_se>
<ae_sep>-</ae_sep>
<ae_ti>... nouvelle édition,</ae_ti>
<ae_pl>Londres,</ae_pl>
<ae_y>1774,</ae_y>
<ae_f>in-12,</ae_f>
<ae_p>xxiv + 134p.</ae_p>
<ae_bib>(Oront, B, 0, Rochedieu)</ae_bib>
<ae_sep>—</ae_sep>
<ae_pl>Paris,</ae_pl>
<ae_pb>Rochette,</ae_pb>
<ae_y>an VI-1798,</ae_y>
<ae_f>in-8</ae_f>
<ae_ex>(JP 2.iv.98, Mag. enc. III 1797 vi 287, Rochedieu)</ae_ex>
</ae_se>
</ae>
</entry>
</document>

</root>