<root>

<document>
<entry>
<id>79.1</id>
<ti>Agathon et Deidamie, conte libre par Mr. de</ti>
<det>
<pl>Paris,</pl>
<y>1779,</y>
<f>in-8,</f>
<p>68p.</p>
</det>
<bib>At Momet</bib>
<res>
<r_p>3e personne (narration entrecoupée par des commentaires facétieux);</r_p>
<r_pl>Grèce;</r_pl>
<r_n>Agathon, Déidamie;</r_n>
<r_c>aventures galantes et romanesques, voyages;</r_c>
<r_s>ton satirique.</r_s>
</res>
</entry>
</document>

<document>
<entry>
<id>79.2</id>
<ti>La femme comme il y en a peu ou l’amant rival de lui-même</ti>
<det>
<y>1779,</y>
<f>in-8,</f>
<p>63p.</p>
</det>
<bib>BNt Gay</bib>
<res>
<r_p>Lettres;</r_p>
<r_pl>France;</r_pl>
<r_n>Raymon, Zina, Clairfons, Delboishun;</r_n>
<r_c>épreuve d’amour (un amant laisse croire à sa bien-aimée qu’il est mort, pour l’observer grâce à une correspondance où il prend un faux nom ...);</r_c>
<r_s>sensibilité.</r_s>
</res>
</entry>
</document>

<document>
<entry>
<id>79.3</id>
<ti>L’odalisque, ouvrage traduit du turc Constantinople, chez Ibrahim Bectas, imprimeur du grand Vizir, avec privilège de sa Hautesse &amp; du Mufti,</ti>
<det>
<y>1779,</y>
<f>pet. in-8,</f>
<p>85p.</p>
</det>
<bib>BM+ BNt B Bengesco Monglond Q</bib>
<ex>Apollinaire, dans sa bibliographie de Nerciat, donne comme titre: L’odalisque ou histoire des amours de l’Eunuque Zulphicara, ouvrage traduit du turc par Voltaire. L’ouvrage a été attribué non seulement à Voltaire et à Nerciat, mais aussi à Mayeur de Saint-Paul et à Pigeon de Saint-Paterne.</ex>
<res>
<r_p>Cadre Ire personne, avec récit principal Ire personne;</r_p>
<r_pl>Constantinople (sérail);</r_pl>
<r_n>Zulphicara, Zeni, Zesbet, le Sultan;</r_n>
<r_c>aventures galantes et scabreuses.</r_c>
</res>
<ae>
<ae_ae>Autres éditions:</ae_ae>
<ae_se>
<ae_sep>-</ae_sep>
<ae_ti>L’odalisque, ouvrage érotique, lubrique et comique, traduit du turc, par un membre extraordinaire de la joyeuse faculté phallo-coïro-pygo-glottonomique,</ae_ti>
<ae_pl>Stamboul,</ae_pl>
<ae_y>1787,</ae_y>
<ae_f>in-12</ae_f>
<ae_bib>(Apollinaire, Monglond)</ae_bib>
<ae_sep>—</ae_sep>
<ae_pl>Constantinople,</ae_pl>
<ae_y>1796,</ae_y>
<ae_f>in-8,</ae_f>
<ae_p>75p.</ae_p>
<ae_bib>(BN, Bengesco, Dufrenoy, Monglond)</ae_bib>
<ae_sep>-</ae_sep>
<ae_pl>Constantinople,</ae_pl>
<ae_y>1796,</ae_y>
<ae_f>in-32,</ae_f>
<ae_p>75p.</ae_p>
<ae_bib>(Apollinaire)</ae_bib>
<ae_sep>—</ae_sep>
<ae_pl>Paris,</ae_pl>
<ae_y>1797,</ae_y>
<ae_f>in-18,</ae_f>
<ae_p>108p.</ae_p>
<ae_bib>(Apollinaire)</ae_bib>
<ae_sep>-</ae_sep>
<ae_pl>Constantinople,</ae_pl>
<ae_y>1797,</ae_y>
<ae_p>80p.</ae_p>
<ae_bib>(DLC).</ae_bib>
<ae_ex>C’est probablement l’édition citée par Apollinaire et Dufrenoy sous le titre de Zulphicara,</ae_ex>
<ae_pl>Paris,</ae_pl>
<ae_y>1797,</ae_y>
<ae_f>in-8.</ae_f>
</ae_se>
</ae>
</entry>
</document>

<document>
<entry>
<id>79.4</id>
<ti>Le pouvoir de la reconnaissance, conte</ti>
<det>
<pl>Amsterdam &amp; Paris,</pl>
<pb>Gauguery,</pb>
<y>1779,</y>
<f>in-12,</f>
<p>155p.</p>
</det>
<bib>A BN| CatH xiv 1779; JP 25.iii.79; LV Momet</bib>
<res>
<r_p>Ire personne;</r_p>
<r_pl>France;</r_pl>
<r_n>madame de Saint-Félix, Hélène, le comte de Miron;</r_n>
<r_c>malheurs, intrigue sentimentale (une femme noble et sa fille réduites à la misère et secourues par un généreux protecteur);</r_c>
<r_s>sensibilité.</r_s>
</res>
</entry>
</document>

<document>
<entry>
<id>79.5</id>
<ti>Relation véridique qui a l’air d’un songe</ti>
<det>
<pl>Genève,</pl>
<y>1779,</y>
<f>in-12,</f>
<p>55p.</p>
</det>
<bib>Gay</bib>
<ex>Voir aussi P. Cottin, ’ Une Antinéa au XVIIle siècle’, Bulletin du bibliophile, 1922, pp. 175-181.</ex>
<res>
<r_p>Ire personne;</r_p>
<r_pl>Asie mineure (Lampsaque);</r_pl>
<r_n>la reine Priapélotis, la nymphe Coninéta;</r_n>
<r_c>naufrage, éléments merveilleux, aventures galantes;</r_c>
<r_s>ton libre.</r_s>
</res>
<ae>
<ae_ae>Autres éditions:</ae_ae>
<ae_se>
<ae_sep>-</ae_sep>
<ae_ti>Seconde édition, revue et augmentée par l’auteur,</ae_ti>
<ae_pl>La Haye,</ae_pl>
<ae_y>1782,</ae_y>
<ae_f>in-12,</ae_f>
<ae_p>51p.</ae_p>
<ae_bib>(BMf, Cottin, Gay)</ae_bib>
<ae_sep>-</ae_sep>
<ae_y>1789,</ae_y>
<ae_f>in-8</ae_f>
<ae_bib>(Gay)</ae_bib>
</ae_se>
</ae>
</entry>
</document>

<document>
<entry>
<id>79.6</id>
<ti>Le vieillard abyssin rencontré par Amlac, empereur d’Ethiopie</ti>
<det>
<pl>Londres &amp; Paris,</pl>
<pb>Jean-François Bastien,</pb>
<y>1779,</y>
<f>in-12,</f>
<p>xvi + 326p</p>
</det>
<bib>At BN CatH xxxii 1779; JP 4.viii.79; LV Dufrenoy Momet</bib>
<res>
<r_p>3e personne;</r_p>
<r_pl>Amlac,</r_pl>
<r_n>le Vieillard;</r_n>
<r_c>préceptes moraux, intrigue très peu développée.</r_c>
</res>
</entry>
</document>

<document>
<entry>
<id>79.7</id>
<au>
<a>ARBLAY, Frances Burney, madame d’</a>
<trd>trad. par Henri t RENFNER</trd>
</au>
<ti>Evelina ou l’entrée d’une jeune personne dans le monde, ouvrage traduit de l’anglois</ti>
<det>
<pl>Paris &amp; Amsterdam,</pl>
<pb>D. J.Changuion,</pb>
<y>1779,</y>
<f>3t. pet. in-8,</f>
<p>vi + 224, 216, 254p.</p>
</det>
<bib>BNt AL 1779 VI 355; CorrL juillet 1780; CatH xiii 1779; JP 20.X.79; LV B Q Rochedieu Streeter</bib>
<tr>Trad. de Evelina or the History of a Young Lady’s Entrance into the World, 1778. Une autre traduction de ce roman a été publiée en 1784 par Griffet de La Baume, v. 84.8.</tr>
<res>
<r_p>Lettres;</r_p>
<r_pl>Angleterre;</r_pl>
<r_n>lady Howard, M. Villars, Mme Duval, Evelina, Mme Mirvan;</r_n>
<r_c>intrigue mondaine et sentimentale.</r_c>
</res>
<ae>
<ae_ae>Autres éditions:</ae_ae>
<ae_se>
<ae_sep>-</ae_sep>
<ae_ex>2e édition,</ae_ex>
<ae_pl>Paris &amp; Amsterdam,</ae_pl>
<ae_pb>D. J. Changuion,</ae_pb>
<ae_y>1780,</ae_y>
<ae_f>in-8</ae_f>
<ae_bib>(BN)</ae_bib>
<ae_sep>—</ae_sep>
<ae_pl>Genève,</ae_pl>
<ae_pb>Paul Barde,</ae_pb>
<ae_y>1784,</ae_y>
<ae_f>3t. in-18</ae_f>
<ae_bib>(At. BNt).</ae_bib>
<ae_ex>Le faux titre porte: Œuvres de miss Burney.</ae_ex>
<ae_sep>—</ae_sep>
<ae_ti>Œuvres de miss Burney,</ae_ti>
<ae_pl>Genève,</ae_pl>
<ae_pb>libraires associés,</ae_pb>
<ae_y>1784,</ae_y>
<ae_f>3t. in-18</ae_f>
<ae_bib>(BN, Rochedieu)</ae_bib>
<ae_sep>—</ae_sep>
<ae_ti>ds Œuvres de miss Burney, t. V-VI,</ae_ti>
<ae_pl>Londres &amp; Paris,</ae_pl>
<ae_pb>les libraires qui vendent les nouveautés,</ae_pb>
<ae_y>1785</ae_y>
<ae_f>(t. I-IV&gt; 1786 (t. V-VI), 6t. in-8,</ae_f>
<ae_p>391,392p.</ae_p>
<ae_bib>(Neuchâtelt)</ae_bib>
<ae_sep>—</ae_sep>
<ae_ti>Evelina .... 3e édition,</ae_ti>
<ae_pl>Maestricht,</ae_pl>
<ae_pb>J.P. Roux et compagnie,</ae_pb>
<ae_y>1789</ae_y>
<ae_bib>(MH)</ae_bib>
<ae_sep>—</ae_sep>
<ae_pl>Paris,</ae_pl>
<ae_pb>Maradan,</ae_pb>
<ae_y>an VI-1797,</ae_y>
<ae_f>2t. in-12</ae_f>
<ae_bib>(At)</ae_bib>
</ae_se>
</ae>
</entry>
</document>

<document>
<entry>
<id>79.8</id>
<au>
<a>ARNAUD, François-Thomas-Marie de Baculard d’</a>
</au>
<ti>Suite des Epreuves du sentiment par M. d’Arnaud, tome cinquième, deuxième anecdote, Henriette et Chariot</ti>
<det>
<pl>Paris,</pl>
<pb>Delalain,</pb>
<y>1779,</y>
<f>in-8,</f>
<p>pp. 155-312</p>
</det>
<bib>BNt AL 1778 VIII 329-343; CatH xlvii 1778; JP 28.xi.78, 9.i.79 Inklaar</bib>
<ex>Pour la série des Epreuves du sentiment, v. 70.21.</ex>
<res>
<r_p>3e personne;</r_p>
<r_pl>cour de France (XVIe siècle);</r_pl>
<r_n>le comte de Valencey, Aglaé de Valencey, le comte Dorsemon, madame d’Henneberg;</r_n>
<r_c>amours historiques, déguisements champêtres;</r_c>
<r_s>sensibilité.</r_s>
</res>
<ae>
<ae_ae>Autres éditions:</ae_ae>
<ae_se>
<ae_sep>-</ae_sep>
<ae_ex>V. 70.21</ae_ex>
</ae_se>
</ae>
</entry>
</document>

<document>
<entry>
<id>79.9</id>
<au>
<a>ARNAUD, François-Thomas-Marie de Baculard d’</a>
</au>
<ti>Suite des Epreuves du sentiment par M. d’Arnaud, tome cinquième, troisième anecdote, Valmiers</ti>
<det>
<pl>Paris,</pl>
<pb>Delalain,</pb>
<y>1779,</y>
<f>in-8.</f>
<p>pp. 315-448</p>
</det>
<bib>BN+ AL 1779 VIII 179-196; CatH xlv 1779; JP 19.xi.79 Delcro</bib>
<ex>Pour la série des Epreuves du sentiment, v. 70.21.</ex>
<res>
<r_p>3e personne;</r_p>
<r_pl>Orléans, Italie (règne de Louis XII);</r_pl>
<r_n>Valmiers, madame Lormessan, mademoiselle Ermanci;</r_n>
<r_c>intrigue sentimentale, aventures guerrières;</r_c>
<r_s>sensibilité effrénée.</r_s>
</res>
<ae>
<ae_ae>Autres éditions:</ae_ae>
<ae_se>
<ae_sep>-</ae_sep>
<ae_ex>V. 70.21</ae_ex>
</ae_se>
</ae>
</entry>
</document>

<document>
<entry>
<id>79.10</id>
<au>
<a>BARDOU, Jean</a>
</au>
<ti>Histoire de Laurent Marcel ou l’observateur sans préjugés</ti>
<det>
<pl>Lille,</pl>
<pb>LeHoucq,</pb>
<y>1779,</y>
<f>4t. in-16,</f>
<p>463, 457, 459, 472p.</p>
</det>
<bib>A BNt AL 1780 II 145-169; CatH vii 1780; LV B Mornet Q</bib>
<ex>Q, suivi par Delcro, donne aussi 1770, mais il s’agit sans doute d’une simple erreur pour 1779. BUR 1784 déc., pp. 127-203 offre des extraits.79.10</ex>
<res>
<r_p>Ire personne, avec récits intercalés Ire personne;</r_p>
<r_pl>Ardennes, Paris, province, Pays-Bas, Italie;</r_pl>
<r_n>Laurent Marcel (fils de bûcheron). Philippe Pierson, Dom Sulpice. le baron de Vesting, ...;</r_n>
<r_c>voyages, critique des mœurs et des institutions (surtout de l’Eglise):</r_c>
<r_s>ton satirique, tendances réalistes.</r_s>
</res>
<ae>
<ae_ae>Autre édition:</ae_ae>
<ae_se>
<ae_sep>-</ae_sep>
<ae_ex>Seconde édition,</ae_ex>
<ae_pl>Lille,</ae_pl>
<ae_pb>Le Houcq,</ae_pb>
<ae_y>1781,</ae_y>
<ae_f>4t. in-12</ae_f>
<ae_bib>(A, BN, B, Q)</ae_bib>
</ae_se>
</ae>
</entry>
</document>

<document>
<entry>
<id>79.11</id>
<au>
<a>BASTON, abbé Guillaume-André-René</a>
</au>
<ti>Voltairimeros ou première journée de M. de V*** dans l’autre monde</ti>
<det>
<pl>Bruxelles,</pl>
<y>1779,</y>
<f>2 part, in-12,</f>
<p>214,215p.</p>
</det>
<bib>BNt B Q</bib>
<res>
<r_p>Ire personne, avec dialogues;</r_p>
<r_pl>Enfer;</r_pl>
<r_n>Voltaire, Gripy, Jeanne d’Arc, Calas, Fréron, ...;</r_n>
<r_c>voyage aux enfers, discussions;</r_c>
<r_s>ton satirique.</r_s>
</res>
</entry>
</document>

<document>
<entry>
<id>79.12</id>
<au>
<a>BOCCACCIO, Giovanni</a>
<trd>trad. par l’abbé Antoine nt SABATIER, dit Sabatier de</trd>
</au>
<ti>Castres Contes de J. Boccace, traduction nouvelle</ti>
<det>
<pl>Londres,</pl>
<pb>et se trouve chez les principaux libraires de France</pb>
<pl>&amp; des</pl>
<pb>pays étrangers,</pb>
<y>1779,</y>
<f>lût. in-12,</f>
<p>xxxii+226, 338,312, 230, 144 (pour 244), 168, 194, 254, 199, 246p.</p>
</det>
<bib>At BN CatH xxv 1779 B Blanc Delcro Q</bib>
<tr>Trad. de Decamerone, 1350-55. La traduction de</tr>
<ex>Le Maçon, datant de 1545, a été rééditée en 1757 (v. 57.R11). Dix ‘journées’, avec dix nouvelles par journée. Le t. VI comporte en plus: L’anneau de Gigès, ‘nouvelle dont Bocace a fait le sujet d’un de ses Poèmes Toscans’.</ex>
<ae>
<ae_ae>Autres éditions:</ae_ae>
<ae_se>
<ae_sep>-</ae_sep>
<ae_pl>Londres,</ae_pl>
<ae_y>1783,</ae_y>
<ae_f>10t. in-16(MeB,</ae_f>
<ae_bib>Blanc)</ae_bib>
<ae_sep>-</ae_sep>
<ae_ti>... par A. Sabatier de Castres,</ae_ti>
<ae_pl>Paris,</ae_pl>
<ae_pb>Poncelin,</ae_pb>
<ae_y>an X— 1801,</ae_y>
<ae_f>11 t. in-18</ae_f>
<ae_bib>(BMt, Blanc)</ae_bib>
</ae_se>
</ae>
</entry>
</document>

<document>
<entry>
<id>79.12bis</id>
<au>
<a>CAMPE, Joachim</a>
<trd>trad. par ?</trd>
</au>
<s>t</s>
<ti>Le nouveau Robinson, pour servir à l’amusement &amp; à l’in struction des enfans, traduit de l’allemand de Mr. Campe Hambourg, chez l’auteur et en commission chez Charles Ernest</ti>
<det>
<pl>Bohn,</pl>
<y>1779,</y>
<p>t.I, 288p.</p>
</det>
<bib>Gôttingent Ullrich</bib>
<ex>Selon Ullrich, la seconde partie de cette traduction aurait paru en 1780. Nous n’avons pu en trouver un exemplaire; et il se peut que la première traduction de cette partie soit en réalité celle de 1782 (v. 79.12ter). Pour les autres traductions de l’ouvrage, voir l’autre version anonyme (79.12ter), celle d’Arnex (83.19), et celle de Huber (87.28). Campe a fait, à des fins pédagogiques, un remaniement radical du roman de Defoe.</ex>
<tr>Trad. de Robinson derJüngere, 1779-80. Pour la description de l’ouvrage, v. 83.19.</tr>
<ae>
<ae_ae>Autre édition:</ae_ae>
<ae_se>
<ae_sep>-</ae_sep>
<ae_pl>Hambourg,</ae_pl>
<ae_y>1781,2t.</ae_y>
<ae_bib>(Mann, Ullrich)</ae_bib>
</ae_se>
</ae>
</entry>
</document>

<document>
<entry>
<id>79.12ter</id>
<au>
<a>CAMPE, Joachim</a>
<trd>trad. par ?</trd>
</au>
<s>nt</s>
<ti>Le nouveau Robinson, pour servir à l’amusement &amp; à l’in struction des enfans, traduit de l’allemand de Mr. Campe</ti>
<det>
<pl>Hambourg,</pl>
<pb>J.G. Virchaux,</pb>
<y>1779 (t.I) - 1782 (t.II),</y>
<f>xvi+ 212,</f>
<p>304p.</p>
</det>
<bib>CLSUt CtY Gôttingen (t.II) Gumuchian Mann Ullrich</bib>
<ex>Ullrich cite cette édition comme une réédition de la première traduction (v. 79.12bis). Pourtant, selon l’Avertissement de ladeuxième édition de la traduction par d’Arnex, en 1785, il existait déjà ‘deux différentes Traductions Françoises’ de l’ouvrage de Campe. Gumuchian attribue cette deuxième traduction à Virchaux. Il est vrai que la dédicace du tome II est signée: ’J.G. Virchaux’; mais cette indication ne s’accorde pas avec la mention ‘par Mos. K. et B.’ qui se trouve dans l’édition de 1784 (v. ci-dessous, Autres éditions). Pour la première traduction, v. 79.12bis; pour les traductions par d’Arnex et par Huber, v. 83.19 et 87.28. Campe a fait, à des fins pédagogiques, un remaniement radical du roman de Defoe.</ex>
<tr>Trad. de Robinson der Jüngere, 1779-80. Pour la description de l’ouvrage, v. 83.19.</tr>
<ae>
<ae_ae>Autres éditions:</ae_ae>
<ae_se>
<ae_sep>-</ae_sep>
<ae_pl>Hambourg,</ae_pl>
<ae_pb>J.G. Virchaux,</ae_pb>
<ae_y>1783,</ae_y>
<ae_f>2t.,</ae_f>
<ae_p>xvi + 212, 304p.</ae_p>
<ae_bib>(Wolfenbiittel)</ae_bib>
<ae_sep>-</ae_sep>
<ae_ti>... seconde traduction, par Mos. K. et B,</ae_ti>
<ae_pl>Hambourg,</ae_pl>
<ae_pb>J.G. Virchaux,</ae_pb>
<ae_y>1784,</ae_y>
<ae_f>2t. in-8</ae_f>
<ae_bib>(Mann, Ullrich)</ae_bib>
<ae_sep>-</ae_sep>
<ae_ti>... quatrième édition, revue et corrigée,</ae_ti>
<ae_pl>Paris,</ae_pl>
<ae_pb>Cordier et Legras,</ae_pb>
<ae_y>an X.-1802,</ae_y>
<ae_f>2t.</ae_f>
<ae_bib>(CtYf)</ae_bib>
</ae_se>
</ae>
</entry>
</document>

<document>
<entry>
<id>79.13</id>
<au>
<a>CONTANT D’ORVI LLE, André-Guillaume</a>
</au>
<ti>Sophie ou mémoires intéressans pour servir à l’histoire des femmes du dix-huitième siècle, extraits des papiers de madame la baronne de Franquini</ti>
<det>
<pl>Amsterdam &amp; Paris,</pl>
<pb>Mérigot jeune.</pb>
<y>1779,</y>
<f>2 part, in-12,</f>
<p>xii+ 224, 274p.</p>
</det>
<bib>A BNt CatH xxi 1779; CorrL juin 1779; JL xx 1787; JP 7.V.79, 14.vi.87; LV B Delcro Gay Mornet Q</bib>
<res>
<r_p>Ire personne, avec récit intercalé Ire personne;</r_p>
<r_pl>Allemagne, Paris;</r_pl>
<r_n>le baron d’Eisenfeld, le baron de Franquini, Sophie, Mme de Prégels;</r_n>
<r_c>malheurs d’une orpheline, histoires d’argent, aventures romanesques.</r_c>
</res>
<ae>
<ae_ae>Autre édition:</ae_ae>
<ae_se>
<ae_sep>—</ae_sep>
<ae_ti>Sophie ou les amours et les malheurs d’une fille de qualité,</ae_ti>
<ae_pl>Amsterdam &amp; Paris,</ae_pl>
<ae_pb>Lefevre,</ae_pb>
<ae_y>1787,</ae_y>
<ae_f>2 part. in-12,</ae_f>
<ae_p>224, 274p.</ae_p>
<ae_bib>(A, BNf, Delcro, Gay)</ae_bib>
</ae_se>
</ae>
</entry>
</document>

<document>
<entry>
<id>79.14</id>
<au>
<a>DELAUNEY</a>
</au>
<ex>Histoire d’un pou françois ou l’espion d’une nouvelle espèce, tant en France qu’en Angleterre, contenant les portraits de personnages intéressans dans ces deux royaumes, &amp; donnant la clef des principaux évènements de l’an 1779 &amp; de ceux qui doivent arriver en 1780, quatrième édition revue et corrigée</ex>
<det>
<pl>Paris,</pl>
<pb>de l’imprimerie royale,</pb>
<y>1779,</y>
<f>in-8,</f>
<p>iv + 5-1 15p.</p>
</det>
<bib>BMt Gay</bib>
<ex>Malgré la mention: ‘quatrième édition ...’, il ne semble pas qu’il y ait eu d’éditions antérieures.</ex>
<res>
<r_p>Ire personne (mémoires);</r_p>
<r_st>Paris, Bruxelles, Londres; autobiographie facétieuse du pou, qui rencontre des personnages tels que Benjamin Franklin, Beaumarchais, etc. ; discussions politiques.</r_st>
</res>
<ae>
<ae_ae>Autres éditions:</ae_ae>
<ae_se>
<ae_sep>—</ae_sep>
<ae_pl>Paris,</ae_pl>
<ae_pb>imprimerie royale,</ae_pb>
<ae_y>1781,</ae_y>
<ae_f>in-8,</ae_f>
<ae_p>115p.</ae_p>
<ae_bib>(BN)</ae_bib>
<ae_sep>-</ae_sep>
<ae_pl>Paris,</ae_pl>
<ae_y>1781,</ae_y>
<ae_f>in-8,</ae_f>
<ae_p>112p.</ae_p>
<ae_bib>(BMt, BN, B, Q)</ae_bib>
<ae_sep>-</ae_sep>
<ae_pl>Paris,</ae_pl>
<ae_y>1781,</ae_y>
<ae_p>136p.</ae_p>
<ae_bib>(CU, MHt)</ae_bib>
</ae_se>
</ae>
</entry>
</document>

<document>
<entry>
<id>79.15</id>
<au>
<a>DENON, baron</a>
</au>
<ti>Dominique Vivant et d’autres L’abeille littéraire ou choix des morceaux les plus intéressants de philosophie, d’histoire, de littérature, de poésie, etc.</ti>
<det>
<pl>Londres,</pl>
<y>1779,</y>
<f>4t. in-8</f>
</det>
<ti>Le tome IV de cet ouvrage, que nous n’avons pu voir, contient le conte intitulé Point de lendemain par Vivant Denon. Nous tenons les détails du recueil de l’édition de Point de lendemain préparée par Marguerite du Cheyron pour les Romanciers du XVIIIe</ti>
<ex>siècle, Bibliothèque de la Pléiade, 1965, 11, p. 1957. Point de lendemain avait déjà paru dans un ouvrage périodique, Mélanges littéraires ou journal des dames, 1777, juin 11. Sur le problème de l’attribution, v. Du Cheyron, pp. 1949-50.</ex>
<res>
<r_p>Ire personne;</r_p>
<r_pl>Paris;</r_pl>
<r_n>madame de T..., le marquis de ...;</r_n>
<r_c>petite intrigue galante;</r_c>
<r_s>ton libre.</r_s>
</res>
<ae>
<ae_ae>Autres éditions:</ae_ae>
<ae_se>
<ae_sep>-</ae_sep>
<ae_ti>ds Dorât, Coup d’oeil sur la littérature...,</ae_ti>
<ae_pl>Amsterdam &amp; Paris,</ae_pl>
<ae_pb>P.F. Gueffier,</ae_pb>
<ae_y>1780</ae_y>
<ae_bib>(BN, B, Du Cheyron, Gay, O).</ae_bib>
<ae_ex>B, Du Cheyron et Q donnent aussi: ds Dorât, Œuvres, 1780. C’est probablement une erreur. Pour les détails sur cette soi-disant édition des Œuvres de 1780, v. 62.14, Autres éditions.</ae_ex>
<ae_sep>-</ae_sep>
<ae_ti>ds Dorât, Coup d’œil...,</ae_ti>
<ae_pl>Neuchâtel,</ae_pl>
<ae_pb>Société typographique,</ae_pb>
<ae_y>1780,</ae_y>
<ae_f>2t. in-8</ae_f>
<ae_bib>(Lausannet)</ae_bib>
<ae_sep>-</ae_sep>
<ae_ti>La nuit merveilleuse ou le nec plus ultra du plaisir,</ae_ti>
<ae_y>1794,</ae_y>
<ae_p>59p.</ae_p>
<ae_bib>(Gay).</ae_bib>
<ae_ex>Version augmentée de quelques passages plus explicitement pornographiques. Selon Gay, le conte avait été ‘d’abord réimprimé dans le tome 1er</ae_ex>
<ae_ti>des Mille et une nouvelles’, ouvrage que nous n’avons pu retrouver. La nuit merveilleuse.. , Par-tout et nulle-part,</ae_ti>
<ae_y>s.d. [1800?],</ae_y>
<ae_f>in-18,</ae_f>
<ae_p>122p.</ae_p>
<ae_bib>(BMt, Gay)</ae_bib>
<ae_sep>-</ae_sep>
<ae_ti>Les trois infidélités ou l’envieuse par amour, ds Dorât, Les cinq aventures ou contes nouveaux en prose,</ae_ti>
<ae_pl>Paris,</ae_pl>
<ae_pb>Delalain,</ae_pb>
<ae_y>an X- 1802</ae_y>
<ae_bib>(Du Cheyron)</ae_bib>
<ae_sep>-</ae_sep>
<ae_ti>Point de lendemain,</ae_ti>
<ae_pl>Paris,</ae_pl>
<ae_pb>Didot,</ae_pb>
<ae_y>1812,</ae_y>
<ae_f>in-18,</ae_f>
<ae_p>52p.</ae_p>
<ae_bib>(BN, B, Du Cheyron)</ae_bib>
<ae_sep>-</ae_sep>
<ae_ti>ds Balzac, Physiologie du mariage (Méditation XXIV),</ae_ti>
<ae_pl>Paris,</ae_pl>
<ae_y>1829</ae_y>
<ae_bib>(BN, Du Cheyron)</ae_bib>
</ae_se>
</ae>
</entry>
</document>

<document>
<entry>
<id>79.16</id>
<au>
<a>DUBOIS-FONTANELLE, Joseph-Gaspard</a>
</au>
<ti>Contes philosophiques et moraux</ti>
<det>
<y>1779,</y>
<f>2t. in-18</f>
</det>
<bib>Delcro Michaud Q</bib>
<ex>S’agit-il des mêmes contes que ceux qu’on trouve dans les Nouveaux mélanges du même auteur (v. 81.16)?</ex>
<ae>
<ae_ae>Autre édition:</ae_ae>
<ae_se>
<ae_sep>-</ae_sep>
<ae_pl>Lille,</ae_pl>
<ae_y>1792,</ae_y>
<ae_f>2t. in-18</ae_f>
<ae_bib>(Q)</ae_bib>
</ae_se>
</ae>
</entry>
</document>

<document>
<entry>
<id>79.17</id>
<au>
<a>GELLERT, Christian Furchegott</a>
<trd>trad. par Elisabeth Guénard, madame Brossin de MERE</trd>
</au>
<s>nt</s>
<ti>La comtesse de Suède, ouvrage traduit de l’allemand de Geller (ji’c), dédié à S.M.*le roi de Suède</ti>
<det>
<pl>Paris,</pl>
<pb>Valade, Laporte,</pb>
<y>1779,</y>
<f>2 part, in-12,</f>
<p>4+ 156, 197p.</p>
</det>
<bib>At BNt AL 1779 Vil 288; JP 8.xii.79</bib>
<tr>Trad. de Leben der schwedischen Gràfin von G***, 1747-1748.</tr>
<ex>Une autre traduction de cet ouvrage avait déjà paru en 1754 (v. 54.15 pour d’autres détails).</ex>
<ae>
<ae_ae>Autre édition:</ae_ae>
<ae_se>
<ae_sep>—</ae_sep>
<ae_ti>Les aventures malheureuses de la comtesse de Suède,</ae_ti>
<ae_pl>Paris,</ae_pl>
<ae_pb>Mérigot père, Mérigot jeune, Volland,</ae_pb>
<ae_f>2 part. in-12</ae_f>
<ae_ex>(JP 29.xii.83, 17.vii.84)</ae_ex>
</ae_se>
</ae>
</entry>
</document>

<document>
<entry>
<id>79.18</id>
<au>
<a>IMBERT, Barthélemy</a>
</au>
<ti>Les deux frères ou la famille comme il y en a tant, par M. Imbert</ti>
<det>
<pl>Amsterdam &amp; Paris,</pl>
<pb>Bastien,</pb>
<y>1779,</y>
<f>in-8,</f>
<p>150p.</p>
</det>
<bib>At BM CatH xvii 1779; JP 28.iv, 7.V.79, l.iii.80; LV Delcro Mornet</bib>
<res>
<r_p>3e personne;</r_p>
<r_pl>Paris;</r_pl>
<r_n>Vermon, Saint-Rieux, Clairville, Lucie, Cécile, M. Hermansec, Joséphine;</r_n>
<r_c>aventures galantes de deux jeunes gens qui font leurs premiers pas dans le monde.</r_c>
</res>
</entry>
</document>

<document>
<entry>
<id>79.19</id>
<au>
<a>JUVÉNAL</a>
<trd>trad. par MAUPETIT</trd>
</au>
<s>mnt</s>
<ti>Satires de Juvénal traduites en françois par M. M***, avec le texte, des notes et un index</ti>
<det>
<pl>Paris,</pl>
<pb>imprimerie de Monsieur,</pb>
<y>1779,</y>
<f>in-4,</f>
<p>xxxv + 390 + cviii p.</p>
</det>
<bib>BNt AL 1779 II 3-38; CatH vii 1779; JP 9.Ü.79 Blanc Q</bib>
<tr>Trad. de D. Junii Juvenalis Satirae. Pour d’autres traductions de cet ouvrage, v. 52.R28 70 54 et 96.37.</tr>
<ae>
<ae_ae>Autre édition:</ae_ae>
<ae_se>
<ae_sep>-</ae_sep>
<ae_y>1794,</ae_y>
<ae_f>in-4</ae_f>
<ae_bib>(Q)</ae_bib>
</ae_se>
</ae>
</entry>
</document>

<document>
<entry>
<id>79.20</id>
<au>
<a>LEGRAND D’AUSSY, le père Pierre-Jean-Baptiste</a>
</au>
<ti>Fabliaux ou contes du Xlle et du XIIle siècle traduits ou extraits d’après divers manuscrits du temps, avec des notes historiques &amp; critiques &amp; les imitations qui ont été faites de ces contes depuis leur origine jusqu’à nos jours</ti>
<det>
<pl>Paris,</pl>
<pb>Eugène Onfroy,</pb>
<y>1779,</y>
<f>3 t. in-8,</f>
<p>cix + 414, 430, 468p.</p>
</det>
<bib>BM BNt AL 1779 VIII 217-250, 1780 V 145-179; CatH xlvii 1779, iii 1781; CorrL avril 1780; JP 15.xi.79. 15, 20, 26, 29.i.80 B Delcro Gay Q</bib>
<ex>Un quatrième tome a été publié en 1781 (v. 81.22) Extraits et résumés en prose, de quelques pages en moyenne. Introduction historique sur la littérature du moyen âge. De nombreuses notes suivent chaque conte, et de temps en temps quelques vers sont cités en ancien français.</ex>
<ae>
<ae_ae>Autres éditions:</ae_ae>
<ae_se>
<ae_sep>-</ae_sep>
<ae_pl>Paris,</ae_pl>
<ae_pb>E. Onfroy,</ae_pb>
<ae_y>1781,</ae_y>
<ae_f>5 t. in-18</ae_f>
<ae_bib>(BM, BN, B. Gay, Q).</ae_bib>
<ae_ex>Les t.I-IV reproduisent les t.l-IIl de 1779; le t.V est le nouveau t.IV de l’édition in-8, publié en 1781.</ae_ex>
<ae_sep>-</ae_sep>
<ae_y>1782,</ae_y>
<ae_f>5 t. in-12</ae_f>
<ae_bib>(Q).</ae_bib>
<ae_ex>Il s’agit peut-être d’une référence à la réédition de 1781, mais des notices paraissent dans AL 1782, IV, dans JP 12 mars 1782, 18 juin 1782 et dans JL viii 1782.</ae_ex>
<ae_sep>-</ae_sep>
<ae_ex>3e édition,</ae_ex>
<ae_pl>Paris,</ae_pl>
<ae_pb>Jules Renouard,</ae_pb>
<ae_y>1829,</ae_y>
<ae_f>51. in-8</ae_f>
<ae_bib>(BMt)</ae_bib>
</ae_se>
</ae>
</entry>
</document>

<document>
<entry>
<id>79.21</id>
<au>
<a>LEROY DE LOZEMBRUNE, François-Claude</a>
</au>
<s>*</s>
<ti>Théagènes, histoire grecque</ti>
<det>
<pl>Vienne,</pl>
<y>1779,</y>
<f>in-8</f>
<p>0</p>
</det>
</entry>
</document>

<document>
<entry>
<id>79.22</id>
<au>
<a>LOAISEL DE TRÈOGATE, Joseph-Marie</a>
</au>
<ti>La comtesse d’Alibre ou le cri du sentiment, anecdote françoise par M. Loaisel de Trèogate</ti>
<det>
<pl>La Haye &amp; Paris,</pl>
<pb>Belin,</pb>
<y>1779,</y>
<f>in-8,</f>
<p>xii + 146p.</p>
</det>
<bib>A BNt CatH xxxviii 1779; JP I l.ix.79, 31.iii.80; LV Gay Loaisel de Saulnays Momet Q</bib>
<res>
<r_p>3e personne;</r_p>
<r_pl>Provence;</r_pl>
<r_n>le chevalier de Saint-Flour, Lucile, Mme de Courmiil, Milcourt, le comte d’Alibre;</r_n>
<r_c>amours contrariées, malheurs;</r_c>
<r_s>sensibilité, vertu.</r_s>
</res>
<ae>
<ae_ae>Autres éditions:</ae_ae>
<ae_se>
<ae_sep>—</ae_sep>
<ae_ex>Selon Mornet, il y a eu deux éditions en 1779.</ae_ex>
<ae_sep>-</ae_sep>
<ae_ti>Lucile et Milcourt ou le cri du sentiment,</ae_ti>
<ae_pl>Paris,</ae_pl>
<ae_pb>Leprieur, l’an second de la République,</ae_pb>
<ae_f>in-18,</ae_f>
<ae_p>xii+ 214p.</ae_p>
<ae_bib>(BNt, Monglond).</ae_bib>
<ae_ex>Loaisel de Saulnays et Q donnent la date de 1793.</ae_ex>
<ae_sep>-</ae_sep>
<ae_ti>Lucile et Milcourt ou ....</ae_ti>
<ae_pl>Paris,</ae_pl>
<ae_pb>Le Prieur,</ae_pb>
<ae_y>an X,</ae_y>
<ae_p>198p.</ae_p>
<ae_bib>(MiU)</ae_bib>
</ae_se>
</ae>
</entry>
</document>

<document>
<entry>
<id>79.23</id>
<au>
<a>MACKENZIE, Henry</a>
<trd>trad. par ?</trd>
</au>
<s>t</s>
<ti>Histoire de Julie de Roubigné par l’auteur de V Homme du monde, &amp;£., traduite de l’anglois d’après la seconde édition</ti>
<det>
<pl>Rotterdam,</pl>
<pb>J. Bronkhorst,</pb>
<y>1779,</y>
<f>in-8,</f>
<p>234p.</p>
</det>
<bib>BNt B Q Rochedieu</bib>
<tr>Trad. de Julia de Roubigné, 1777. Une autre traduction de cet ouvrage a été publiée en 1789 (v. 89.84).</tr>
<res>
<r_p>Lettres:</r_p>
<r_pl>province;</r_pl>
<r_n>Julie de Roubigné, Le Blanc, Montauban, Savillon;</r_n>
<r_c>intrigue sentimentale, malheurs, horreur;</r_c>
<r_s>sensibilité effrénée.</r_s>
</res>
</entry>
</document>

<document>
<entry>
<id>79.24</id>
<au>
<a>MAYDIEU, abbé Jean</a>
</au>
<ti>Histoire de la vertueuse Portugaise V. 72.24bis</ti>
</entry>
</document>

<document>
<entry>
<id>79.25</id>
<au>
<a>MAYER, Charles-Joseph de</a>
</au>
<ti>Les anecdotes françoises par M. Mayer</ti>
<det>
<pl>La Haye,</pl>
<pb>P.É. Gosse</pb>
<pl>&amp; Paris,</pl>
<pb>veuve Duchesne, Delalain, Bastien</pb>
<pl>&amp; Versailles.</pl>
<pb>Sévère Dacier,</pb>
<y>1779,</y>
<f>in-8,</f>
<p>xvi + 86p.</p>
</det>
<bib>BNt CatH xlvii 1778; JP 26.xi, 9.xii.78; LV Mornet</bib>
<ex>Delcro et Q donnent une édition pour 1778, suivant sans , doute une annonce parue à la fin de cette année.</ex>
<res>
<r_st>Pp. 1-56, Lucette, anecdote françoise; 59-86, Les époux comme il y en a.</r_st>
</res>
</entry>
</document>

<document>
<entry>
<id>79.26</id>
<au>
<a>MOLLET, Jean-Louis</a>
</au>
<ti>Sophie ou lettres de deux amies recueillies &amp; publiées par un citoyen de Genève</ti>
<det>
<pl>Genève,</pl>
<pb>Du Villard fils et Nouffer,</pb>
<y>1779,</y>
<f>2 part. in-8.</f>
<p>128, 132p.</p>
</det>
<bib>A BNt CatH xxviii 1779; LV B Delcro Mornet Q</bib>
<res>
<r_p>Lettres, avec récit intercalé Ire personne;</r_p>
<r_pl>Hollande;</r_pl>
<r_n>Sophie Colberg, Laure Zubic, Mr. Fréval, Mr. Dambrun:</r_n>
<r_c>amours malheureuses, jeune</r_c>
<r_p>fille persécutée;</r_p>
<r_s>sensibilité effrénée.79.27</r_s>
</res>
</entry>
</document>

<document>
<entry>
<id>79.27</id>
<au>
<a>MONNET, Marie, née Moreau</a>
</au>
<ti>Contes orientaux ou les récits du sage Caleb, voyageur persan, par mademoiselle M * * * Constantinople &amp;</ti>
<det>
<pl>Paris,</pl>
<pb>Mérigot le jeune,</pb>
<y>1779,</y>
<f>in-12.</f>
<p>189p.</p>
</det>
<bib>A BNt AL 1779 V 185-205, 255-275: Catll xxv 1779. xxxv 1779; CorrL juin 1779: JP 16, 2S.vi, 26.viii.79; LV B Delcro Dufrenoy Mornet Q</bib>
<ex>Selon B et Q, ces contes sont tirés en partie du Censeur universel anglais, et du Journal de Lausanne. Histoire d’Ab-dat-mazour, 1784, se présente comme une suite de cet ouvrage (v. 84.48). La deuxième partie des Lettres de Jenny Bleinntore (87.59), par madame Monnet, contient d’autres ‘récits du sage Caleb’.</ex>
<res>
<r_st>Pp.9-116, Les aventures de Dalimeck ou la bienfaisance; 119-189, La femme bien corrigée, conte oriental.</r_st>
</res>
<ae>
<ae_ae>Autres éditions:</ae_ae>
<ae_se>
<ae_sep>-</ae_sep>
<ae_ex>2de édition,</ae_ex>
<ae_pl>Constantinople &amp; Paris,</ae_pl>
<ae_pb>Mérigot le jeune,</ae_pb>
<ae_y>1779,</ae_y>
<ae_f>in-12,</ae_f>
<ae_p>174p.</ae_p>
<ae_bib>(A, BN. Dufrenoy, Q)</ae_bib>
<ae_sep>-</ae_sep>
<ae_pl>Paris,</ae_pl>
<ae_pb>P.-F. Gueffier,</ae_pb>
<ae_y>1784,</ae_y>
<ae_f>in-12,</ae_f>
<ae_p>I74p.</ae_p>
<ae_bib>(A, BN, Dufrenoy)</ae_bib>
</ae_se>
</ae>
</entry>
</document>

<document>
<entry>
<id>79.28</id>
<au>
<a>NOUGARET, Pierre-Jean-Baptiste</a>
</au>
<ti>Les foiblesses d’une jolie femme ou mémoires de madame de Vilfranc, écrits par elle-même</ti>
<det>
<pl>Amsterdam &amp; Paris,</pl>
<pb>Belin,</pb>
<y>1779,</y>
<f>2 part, in-12,</f>
<p>iv+ 144, 159p.</p>
</det>
<bib>A BNt CatH iii 1779; JP 13.i.79; LV Gay Mornet Q</bib>
<ex>B, Gay, Mornet et Q donnent une édition de 1776, Delcro une édition de 1778, que nous n’avons pu retrouver.</ex>
<res>
<r_p>ire personne (mémoires);</r_p>
<r_pl>Paris;</r_pl>
<r_n>Derville, Bléville, ma Mère, la soeur Marthe, M. de Vilfranc (milieux de négociants);</r_n>
<r_c>aventures, intrigue sentimentale.</r_c>
</res>
<ae>
<ae_ae>Autres éditions:</ae_ae>
<ae_se>
<ae_sep>-</ae_sep>
<ae_pl>Paris &amp; Bruxelles,</ae_pl>
<ae_pb>B. Le Francq,</ae_pb>
<ae_y>1782,</ae_y>
<ae_f>2 part, in-12,</ae_f>
<ae_p>82, 90p.</ae_p>
<ae_bib>(BMt)</ae_bib>
<ae_sep>-</ae_sep>
<ae_pl>Paris,</ae_pl>
<ae_y>1783,</ae_y>
<ae_f>in-8</ae_f>
<ae_bib>(Gay, Q)</ae_bib>
<ae_sep>-</ae_sep>
<ae_pl>Amsterdam &amp; Paris,</ae_pl>
<ae_pb>Belin.</ae_pb>
<ae_y>1785,</ae_y>
<ae_f>2 part, in-18,</ae_f>
<ae_p>viii+83, 91p.</ae_p>
<ae_bib>(BMt, Gay)</ae_bib>
<ae_sep>—</ae_sep>
<ae_pl>Amsterdam,</ae_pl>
<ae_y>1785,</ae_y>
<ae_f>3 part, in-12,</ae_f>
<ae_p>4 + 5 - 144, 118, 120p.</ae_p>
<ae_bib>(VGM)</ae_bib>
<ae_sep>—</ae_sep>
<ae_pl>Londres,</ae_pl>
<ae_y>1786</ae_y>
<ae_bib>(Gay).</ae_bib>
<ae_ex>Cf. un ouvrage anonyme, Vie, faiblesses et repentir d’une femme, s.L, 1786, 2 part, in-8 (Libr. Leconte, Cat. 42 (1963), no. 353). Serait-ce la réédition des Foiblesses citée par Gay?</ae_ex>
<ae_sep>-</ae_sep>
<ae_pl>Paris,</ae_pl>
<ae_pb>Mérigot,</ae_pb>
<ae_y>1789,</ae_y>
<ae_f>2 part, in-12,</ae_f>
<ae_p>82, 90p.</ae_p>
<ae_bib>(A+)</ae_bib>
<ae_sep>-</ae_sep>
<ae_pl>Paris,</ae_pl>
<ae_pb>Desenne,</ae_pb>
<ae_y>an VII,</ae_y>
<ae_f>2t. in-12(BN,</ae_f>
<ae_p>JG</ae_p>
<ae_bib>11(1799) 15, Monglond).</ae_bib>
<ae_ex>C’est probablement l’édition pour laquelle B et Q donnent la date de 1798.</ae_ex>
</ae_se>
</ae>
</entry>
</document>

<document>
<entry>
<id>79.29</id>
<au>
<a>PICARDET</a>
</au>
<ti>Les deux Abdolonyme, histoire phénicienne où les préceptes de la vie sociale sont mis en action pour l’usage de la jeunesse</ti>
<det>
<pl>Dijon,</pl>
<y>1779,</y>
<f>in-8,</f>
<p>396p.</p>
</det>
<bib>JL xxxv 1783 B Q</bib>
<ex>Nous n’avons pas vu d’exemplaire de cet ouvrage avant 1783.</ex>
<res>
<r_p>3e personne;</r_p>
<r_pl>Phénicie (antiquité), Rhodes, Milet, Italie, Germanie;</r_pl>
<r_n>Abdalony me, Narbal. Polycrite, le jeune Abdalonyme:</r_n>
<r_c>intrigues de cour, aventures guerrières, arrière-plan historique, voyages d’un jeune prince;</r_c>
<r_s>thèmes philosophiques.</r_s>
</res>
<ae>
<ae_ae>Autres éditions:</ae_ae>
<ae_se>
<ae_sep>-</ae_sep>
<ae_pl>Paris,</ae_pl>
<ae_pb>Barrois,</ae_pb>
<ae_y>1782,</ae_y>
<ae_f>in-12</ae_f>
<ae_bib>(B)</ae_bib>
<ae_sep>-</ae_sep>
<ae_ti>Les deux Abdalonyme...,</ae_ti>
<ae_pl>Dijon &amp; Paris,</ae_pl>
<ae_pb>Théophile Barrois,</ae_pb>
<ae_y>1783,</ae_y>
<ae_f>in-12,</ae_f>
<ae_p>396p.</ae_p>
<ae_bib>(At, BMt)</ae_bib>
</ae_se>
</ae>
</entry>
</document>

<document>
<entry>
<id>79.30</id>
<au>
<a>RABAUT DE SAINT-ÉTIENNE, Jean-Paul</a>
</au>
<ti>Triomphe de l’intolérance ou anecdotes de la vie d’Ambroise Borély, mort à Londres âgé de 103 ans, recueillies par W. Jesterman, ouvrage traduit de l’anglais &amp; trouvé parmi les papiers de M. de Voltaire, suivi de la Tolérance aux pieds du trône</ti>
<det>
<pl>Londres,</pl>
<y>1779,</y>
<f>in-8,</f>
<p>185p.</p>
</det>
<bib>BNt B Delcro Q</bib>
<ex>La tolérance aux pieds du trône (pp. 119-185 ) ne comporte pas d’éléments romanesques.</ex>
<res>
<r_p>3e personne;</r_p>
<r_pl>Cévennes, Londres;</r_pl>
<r_n>Ambroise Borély, sa mère. Benjamin, Jérôme Borély, Sophie;</r_n>
<r_c>les aventures et malheurs d’un protestant.</r_c>
</res>
<ae>
<ae_ae>Autres éditions:</ae_ae>
<ae_se>
<ae_sep>-</ae_sep>
<ae_ti>Le vieux Cévénol ou anecdotes de la vie d’Ambroise Borély, mort à Londres âgé de cent trois ans, sept mois et quatre jours, recueillies par W, Jesterman, ouvrage traduit de l’anglais, suivi de réflexions sur les loix relatives aux Protestons,</ae_ti>
<ae_pl>Londres,</ae_pl>
<ae_y>1784,</ae_y>
<ae_f>in-8,</ae_f>
<ae_p>xii+ 105p.</ae_p>
<ae_bib>(BMt, B, Delcro)</ae_bib>
<ae_sep>-</ae_sep>
<ae_ti>Le vieux Cévénol...,</ae_ti>
<ae_pl>s.l.n.d.,</ae_pl>
<ae_f>in-8,</ae_f>
<ae_p>115p.</ae_p>
<ae_bib>(BNt).</ae_bib>
<ae_ex>Les deux exemplaires de la BN n’ont pas de page de titre: nous indiquons le titre de départ. Un des exemplaires porte un faux titre: Anecdotes de la vie d’Ambroise Borély...</ae_ex>
<ae_sep>-</ae_sep>
<ae_ti>Le vieux Cévénol..., troisième édition, revue et corrigée,</ae_ti>
<ae_pl>Londres,</ae_pl>
<ae_y>1788,</ae_y>
<ae_f>in-8,</ae_f>
<ae_p>ii + 131 p.</ae_p>
<ae_bib>(BNt)</ae_bib>
<ae_sep>-</ae_sep>
<ae_ex>Justice et nécessité d’assurer en France un état légal aux Protestants, Augsbourg, l’an du rappel,</ae_ex>
<ae_f>in-8</ae_f>
<ae_bib>(MH, B, 0)</ae_bib>
<ae_sep>-</ae_sep>
<ae_ti>Le vieux Cévénol....</ae_ti>
<ae_pl>Paris,</ae_pl>
<ae_y>1820</ae_y>
<ae_bib>(BN)</ae_bib>
<ae_sep>-</ae_sep>
<ae_ti>Le vieux Cévénol....</ae_ti>
<ae_pl>Paris.</ae_pl>
<ae_y>1821</ae_y>
<ae_bib>(PU)</ae_bib>
</ae_se>
</ae>
</entry>
</document>

<document>
<entry>
<id>79.31</id>
<au>
<a>RÉTIF DE LA BRETONNE, Nicolas-Edme</a>
</au>
<ti>La vie de mon père, par l’auteur du Paysan perverti</ti>
<det>
<pl>Neufchâtel &amp; Paris,</pl>
<pb>veuve Duchesne,</pb>
<y>1779,</y>
<f>2 part, in-12,</f>
<p>152 139p.</p>
</det>
<bib>BM BNt AL 1779 III 353, VII 3-32; CorrL oct. 1778; JP 18.xi.78, 24. iii. 79 B Q Rives Childs Rouger</bib>
<ex>La date de 1778 donnée par B, Gay et Q est celle de la parution de l’ouvrage. Pour des détails supplémentaires, v. l’édition critique de Gilbert Rouger, Garnier, 1970. Rives Childs et Rouger rejettent l’édition de 1780 donnée par Lacroix et Monselet.</ex>
<res>
<r_p>3e personne;</r_p>
<r_pl>province, Paris;</r_pl>
<r_n>Edmond, Monsieur Molé, Marie-Dondaine, Barbe Ferlet (paysans, bourgeois);</r_n>
<r_c>les aventures d’un jeune homme à ta ville, suivies de sa vie de campagnard;</r_c>
<r_s>fortes tendances réalistes, sensibilité, prétentions moralisatrices.</r_s>
</res>
<ae>
<ae_ae>Autres éditions:</ae_ae>
<ae_se>
<ae_sep>—</ae_sep>
<ae_ti>Selon Rives Childs, qui cite Lacroix, une partie des exemplaires de la première édition portait différents noms de libraires: Le Jay (A),</ae_ti>
<ae_ex>Mérigot le jeune (MH), Bastien et Humblot.</ae_ex>
<ae_sep>—</ae_sep>
<ae_pl>Neufchâtel &amp; Paris,</ae_pl>
<ae_pb>Esprit,</ae_pb>
<ae_y>1779,</ae_y>
<ae_f>2 part, in-12</ae_f>
<ae_bib>(BN, Rives Childs, Rouger).</ae_bib>
<ae_ex>Certains exemplaires portent le nom de la veuve Duchesne.</ae_ex>
<ae_sep>—</ae_sep>
<ae_pl>Neufchâtel &amp; Paris,</ae_pl>
<ae_pb>veuve Duchesne,</ae_pb>
<ae_y>1788,</ae_y>
<ae_f>2t. in-12</ae_f>
<ae_bib>(A, BN, B, Q, Rives Childs, Rouger)</ae_bib>
</ae_se>
</ae>
</entry>
</document>

<document>
<entry>
<id>79.32</id>
<au>
<a>SEALLY, John</a>
<trd>trad. par Jean-Baptiste-René ROBINET</trd>
</au>
<s>t</s>
<ti>Le favori de la fortune</ti>
<det>
<pl>Amsterdam &amp; Paris,</pl>
<pb>veuve Duchesne,</pb>
<y>1779,</y>
<f>2 part, in-12,</f>
<p>174, 184p.</p>
</det>
<bib>A BNf AL 1779 IV 353, 1784 I 261-270; CatH xviii 1779; JL xliv 1783; JP 25.iv, 5.vii.79, 8.xi.84; LV B Q Rochedieu Streeter</bib>
<ex>C’est Rochedieu qui donne l’attribution à Seally.</ex>
<tr>Trad. de The Irishman or the Favorite of Fortune, 1772.</tr>
<ex>BUR 1785 janv. Il, pp. 107-132, offre une analyse.</ex>
<res>
<r_p>3e personne, avec récits intercalés Ire personne;</r_p>
<r_pl>Irlande;</r_pl>
<r_n>Patrick Ohara, lady Walter, Henriette, M. Burton, Cordélie;</r_n>
<r_c>voyages et aventures (souvent galantes) d’un jeune homme qui fait son chemin;</r_c>
<r_s>ton satirique.</r_s>
</res>
<ae>
<ae_ae>Autres éditions:</ae_ae>
<ae_se>
<ae_sep>-</ae_sep>
<ae_pl>Amsterdam,</ae_pl>
<ae_y>1780,</ae_y>
<ae_f>2 part.,</ae_f>
<ae_p>120, 128p.</ae_p>
<ae_bib>(Oronf, Rochedieu)</ae_bib>
<ae_sep>-</ae_sep>
<ae_ti>Le beau garçon ou te favori de la fortune,</ae_ti>
<ae_pl>Londres &amp; Paris,</ae_pl>
<ae_pb>veuve Duchesne,</ae_pb>
<ae_y>1784,</ae_y>
<ae_f>2 part, in-12</ae_f>
<ae_bib>(BNf, Gay).</ae_bib>
<ae_ex>Paraît être la même impression que l’édition de 1779, avec un frontispice nouveau.</ae_ex>
</ae_se>
</ae>
</entry>
</document>

<document>
<entry>
<id>79.33</id>
<au>
<a>TRESSAN, Louis-Elisabeth de Lavergne, comte de</a>
</au>
<ti>Traduction libre d’Amadis de Gaule, par M. le comte de Tress.***</ti>
<det>
<pl>Amsterdam &amp; Paris,</pl>
<pb>Pissot,</pb>
<y>1779,</y>
<f>2t. in-12,</f>
<p>xxiv + 467, 624p</p>
</det>
<bib>A BMt BNt AL 1779 VIII 106-136; CatH xii 1779; JP 15.iii 5 vi 79-LV Gay Jacoubet Q Wespy</bib>
<ex>Selon l’Avertissement, Tressan aurait développé ici un extrait préparé pour la Bibliothèque universelle des romans (v. BUR 1779 juin, pp. 3-132). ‘ Ceux des lecteurs qui connoissent l’Original de ce Roman, m’excuseront peut-être de ne m’être pas assujetti à le suivre dans tous ses détails, d’en avoir retranché quelques-uns &amp; même d’en avoir suppléé de nouveaux.’ Tressan fait allusion à l’extrait publié par mademoiselle Lubert en 1751 (51.34) et à la traduction française de Nicolas d’Herberay, datant de 1540.</ex>
<res>
<r_p>3e personne;</r_p>
<r_n>Bretagne, Grande-Bretagne, Bohême, Constantinople .. Elisene, Gataor, Amadis;</r_n>
<r_c>aventures chevaleresques et merveilleuses.</r_c>
</res>
<ae>
<ae_ae>Autres éditions:</ae_ae>
<ae_se>
<ae_sep>—</ae_sep>
<ae_pl>Amsterdam &amp; Paris,</ae_pl>
<ae_pb>Pissot,</ae_pb>
<ae_y>1780,</ae_y>
<ae_f>2t. in-12</ae_f>
<ae_bib>(BN)</ae_bib>
<ae_sep>—</ae_sep>
<ae_ti>ds CEuvres choisies, t.I-III,</ae_ti>
<ae_pl>Paris,</ae_pl>
<ae_pb>rue et hôtel Serpente,</ae_pb>
<ae_y>1787-1791,</ae_y>
<ae_f>12t. in-8</ae_f>
<ae_bib>(BM, BN, Wespy)</ae_bib>
<ae_sep>—</ae_sep>
<ae_ti>ds Bibliothèque universelle des dames, Romans t. XVI-XX,</ae_ti>
<ae_y>1785-88</ae_y>
<ae_ex>(v. 85.R2)</ae_ex>
<ae_sep>—</ae_sep>
<ae_ti>ds CEuvres choisies,</ae_ti>
<ae_y>1796,</ae_y>
<ae_f>6t.</ae_f>
<ae_bib>(CU, PU)</ae_bib>
<ae_sep>—</ae_sep>
<ae_ti>ds CEuvres complètes,</ae_ti>
<ae_pl>Paris,</ae_pl>
<ae_y>1822-23,</ae_y>
<ae_f>10t. in-8</ae_f>
<ae_bib>(BN, Q)</ae_bib>
</ae_se>
</ae>
</entry>
</document>

<document>
<entry>
<id>79.34</id>
<au>
<a>USSIEUX, Louis d’</a>
</au>
<ti>Marie de Bourgogne, nouvelle française</ti>
<det>
<pl>Paris,</pl>
<pb>Brunet,</pb>
<y>1779,</y>
<f>in-8,</f>
<p>43p.</p>
</det>
<bib>BMt LV Gay Q</bib>
<ex>C’est le huitième récit des Nouvelles françaises (v. 75.40).</ex>
<res>
<r_p>3e personne;</r_p>
<r_pl>France (XVe siècle);</r_pl>
<r_n>le duc de Berri, Adélaïde d’Epernon, Françoise de Beauville;</r_n>
<r_c>intrigues romanesques, amours malheureuses;</r_c>
<r_s>sensibilité.</r_s>
</res>
</entry>
</document>

<document>
<entry>
<id>79.35</id>
<au>
<a>USSIEUX, Louis d’</a>
</au>
<ti>Françoise de Beauville, nouvelle française</ti>
<det>
<pl>Paris,</pl>
<pb>Brunet,</pb>
<y>1779,</y>
<f>in-8.</f>
<p>51p.</p>
</det>
<bib>BM LV Gay Q</bib>
<ex>C’est le neuvième récit des Nouvelles françaises (v. 75.40).</ex>
<res>
<r_p>3e personne;</r_p>
<r_pl>France (XVe siècle);</r_pl>
<r_n>Françoise de Beauville, le comte de Dunois, le comte d’Angoulême;</r_n>
<r_c>amours malheureuses;</r_c>
<r_s>sensibilité. (Ce récit complète la nouvelle précédente.)</r_s>
</res>
</entry>
</document>

<document>
<entry>
<id>79.36</id>
<au>
<a>USSIEUX, Louis d’</a>
</au>
<ti>Alexis, nouvelle française</ti>
<det>
<pl>Paris,</pl>
<pb>Brunet,</pb>
<y>1779,</y>
<f>in-8,</f>
<p>54p.</p>
</det>
<bib>BMt LV Gay Q</bib>
<ex>C’est le dixième récit desNouvelles françaises (v. 75.40).</ex>
<res>
<r_p>Ire personne;</r_p>
<r_pl>province, Paris;</r_pl>
<r_n>Joseph,</r_n>
<r_c>un savant, un traitant, un ministre; aventures d’un jeune homme qui s’attire des malheurs en disant toujours la vérité;</r_c>
<r_s>ton satirique.</r_s>
</res>
</entry>
</document>

<document>
<entry>
<id>79.37</id>
<au>
<a>WIELAND, Christoph Martin</a>
<trd>trad. par ?</trd>
</au>
<s>mnt</s>
<ti>Musarion</ti>
<det>
<pl>Paris,</pl>
<y>1779</y>
</det>
<bib>Steinberger</bib>
<ex>Steinberger cite cette version en prose du poème de Wieland, attribuée à un traducteur anonyme, d’après le Literarische Almanach für 1828, p.91. Pour d’autres détails sur cet ouvrage, v. 80.34.</ex>
</entry>
</document>

</root>