<root>

<document>
<entry>
<id>65.1</id>
<ti>La belle au crayon d’or, conte</ti>
<det>
<pl>Amsterdam &amp; Paris,</pl>
<pb>Vente,</pb>
<y>1765,</y>
<f>in-12,</f>
<p>116p.</p>
</det>
<bib>At BMt BNt AL 1765 VIII 339- 345; CorrL nov. 1765; LV Mornet</bib>
<res>
<r_p>3e personne;</r_p>
<r_c>Arabie: une fée dote une jeune princesse d’un crayon d’or qui n’écrit que des conseils utiles.</r_c>
</res>
</entry>
</document>

<document>
<entry>
<id>65.2</id>
<ti>La belle Berruyère ou aventures de la marquise de Fierval Ou? chez le grand éditeur Jean Nourse, à</ti>
<det>
<pl>Londres,</pl>
<y>1765,</y>
<f>2 part, in - 8,</f>
<p>263, 314p.</p>
</det>
<bib>A BNt AL 1765 VI 188-208; CatH xxxviii 1765; CorrL sept. 1765; LV</bib>
<res>
<r_p>Ire personne (mémoires);</r_p>
<r_pl>province;</r_pl>
<r_n>M. et Mme de Longueil, Suzanne, le chevalier de St. Alban;</r_n>
<r_c>aventures romanesques et sentimentales d’une orpheline;</r_c>
<r_s>sensibilité.</r_s>
</res>
</entry>
</document>

<document>
<entry>
<id>65.3</id>
<ti>Délassements nocturnes après les grands soupers par m monsieur B***, dédiés à mesdames et mesdemoiselles les écosseuses de pois</ti>
<det>
<pl>Sparte &amp; Paris,</pl>
<pb>Cuissart,</pb>
<y>1765,</y>
<f>in - 12,</f>
<p>96p.</p>
</det>
<bib>At CatH li 1764 Mornet</bib>
<res>
<r_c>En marge: en vers, à part un dialogue f Le panier de maquereaux disputé) et des lettres en prose, le tout en "poissard".</r_c>
</res>
</entry>
</document>

<document>
<entry>
<id>65.4</id>
<ti>Les disciples de Laveme</ti>
<s>m</s>
<det>
<pl>Londres,</pl>
<y>1765,</y>
<f>in-12,</f>
<p>86p.</p>
</det>
<bib>At</bib>
<ex>Au verso de la page de titre on lit; ‘Exposition de l’affaire qui s’est passée à Dinant entre le sieur Joseph Coster, négociant &amp; bourgeois de cette ville et le chevalier Stapleton, soi-disant ministre plénipotentiaire des cercles du Haut &amp; Bas Rhin &amp; de la Cour de Wirtemberg, à celle de Londres’.</ex>
<res>
<r_c>En marge: lettre où il est question des exploits d’un chevalier d’industrie. L’ouvrage se présente comme la relation d’un fait divers: à quel point est-il romancé?</r_c>
</res>
</entry>
</document>

<document>
<entry>
<id>65.5</id>
<ti>L’éducation du jeune comte D. B***, ses amours avec Emilie de T*** et ses voyages, selon ses propres mémoires, où sont recueillies grand nombre d’histoires modernes &amp; des recherches &amp; découvertes d’antiquités très curieuses accompagnées de plus de cent estampes des plus beaux monuments de Rome. Nouvelle édition augmentée d’observations nouvelles sur les ouvrages de peinture, de sculpture et d’architecture, qui se voient dans cette capitale du monde, par Mr. de Raguenet</ti>
<det>
<pl>Londres,</pl>
<pb>Moyse Chastel,</pb>
<y>1765,</y>
<f>3 t. in - 4,</f>
<p>98, 99 - 190, 191 -355p.</p>
</det>
<bib>BNt Gay Q</bib>
<ex>Q; ‘Cet ouvrage est présenté comme étant de M. de Raguenet, dont on lit le nom sur le frontispice du volume, mais c’est ici une supercherie. Après le titre vient une lettre de M. le baron de T*** à M. le marquis de N***, en lui envoyant ses mémoires, signée le baron de T***. Le titre courant du volume est Mémoires du comte de B***, contenant ses aventures. Barbier n’a point connu cet ouvrage, et son auteur pseudonyme reste encore inconnu’. L’abbé François Raguenet est auteur des Monuments de Rome ou description des plus beaux ouvrages de peinture, 1700. Nous n’avons pu trouver la première édition de L’éducation du jeune comte D. B***, qui pourrait dater de la première moitié du XVIIle siècle. 11 est possible que la partie romanesque ait été publiée à part, sous un autre titre. Roman d’éducation mêlé d’observations sur les antiquités et les trésors artistiques de Rome.</ex>
</entry>
</document>

<document>
<entry>
<id>65.6</id>
<res>
<r_c>L’escarpolette CorrL mars 1765: ‘Il paraft un autre conte long et plat intitulé l’Escarpolette... L’auteur nous démontre qu’on peut être libertin sans amuser’.</r_c>
</res>
</entry>
</document>

<document>
<entry>
<id>65.7</id>
<ti>Féraddin et Rozéide, conte moral, politique et militaire</ti>
<det>
<pl>A Gaznah,</pl>
<pb>chez Fidèle, imprimeur ordinaire de la Cour,</pb>
<y>l’an 1167 de l’Hégire &amp; de l’ère chrétienne 1765,</y>
<f>3 part, in- 12,</f>
<p>xii + 191, 212, 270p.</p>
</det>
<bib>A BNt CatH xi 1765; CorrL mars 1765; LV Dufrenoy Gay Mornet</bib>
<res>
<r_p>3e personne, avec histoires intercalées;</r_p>
<r_pl>cadre oriental fantaisiste (empire de Miloloo);</r_pl>
<r_n>Arosmad, Zirza, Féraddin (cour);</r_n>
<r_c>voyages, aventures romanesques, fées;</r_c>
<r_s>ton satirique.</r_s>
</res>
</entry>
</document>

<document>
<entry>
<id>65.8</id>
<ti>L’inconnu, roman véritable ou lettres de M. l’abbé de *** et de mademoiselle B***</ti>
<det>
<pl>La Haye,</pl>
<y>1765,</y>
<f>in - 12,</f>
<p>xiv, 15-168p.</p>
</det>
<bib>A BNt CatH xx 1765; CorrL juin 1765 Gay</bib>
<ex>Selon CorrL, ‘ l’Héroïne est une certaine Mlle Renaud, ancienne maîtresse d’un comte de Brühl ’.</ex>
<res>
<r_p>Lettres;</r_p>
<r_pl>France;</r_pl>
<r_n>Mlle B*** (danseuse), l’abbé de ***, Mme S***;</r_n>
<r_c>une ancienne danseuse connaît l’amour pour la première fois, grâce aux lettres que lui écrit un abbé inconnu qu ’elle n ’a jamais rencontré;</r_c>
<r_s>sensibilité.</r_s>
</res>
<ae>Autre édition ; — 1766 (Mornet - erreur pour 1765?)</ae>
</entry>
</document>

<document>
<entry>
<id>65.9</id>
<ti>Les indiscrétions galantes, amusantes et intéressantes *</ti>
<det>
<pl>Paris,</pl>
<y>1765,</y>
<f>2 part, in - 12</f>
</det>
<bib>LV Gay</bib>
</entry>
</document>

<document>
<entry>
<id>65.10</id>
<ti>Lettres d’un jeune homme</ti>
<s>m</s>
<det>
<pl>La Haye,</pl>
<y>1765,</y>
<f>in - 12,</f>
<p>120p.</p>
</det>
<bib>BNt</bib>
<res>
<r_c>En marge: lettres où l’auteur discute de questions de morale. Il y a aussi des Lettres à Sophie où il exprime son amour pour celle-ci: on n’y trouve presque pas d’intrigue, mais certains incidents sont évoqués.</r_c>
</res>
</entry>
</document>

<document>
<entry>
<id>65.11</id>
<ti>Le papillotage, ouvrage comique et moral</ti>
<det>
<pl>Rotterdam,</pl>
<pb>E.V.D.W. et compagnie,</pb>
<y>1765,</y>
<f>in - 12,</f>
<p>136p.</p>
</det>
<bib>A BMt BNt CatH xliv 1765; CorrL août 1766; LV Gay Mornet</bib>
<res>
<r_p>3e personne;</r_p>
<r_pl>France, Italie, Autriche;</r_pl>
<r_n>le marquis</r_n>
<r_c>et la marquise de Florimène et leur famille suivent toutes les modes ridicules;</r_c>
<r_s>critique des moeurs, ton satirique.</r_s>
</res>
<ae>Autres éditions: — 1766 (Bordeaux, Reims, Gay) — Rotterdam, E.V.D. W. et Compagnie, 1767, in-8, 118p. (VGM, Gay) — Rotterdam, E.V.D.W., et Compagnie, 1769, in-12, 131p. (VGM, Gay). Gay donne: Vienne.</ae>
</entry>
</document>

<document>
<entry>
<id>65.12</id>
<res>
<r_c>Zurac à Zegry ou XIV lettres d’un Indien à un Maure, pré-* cédées de quelques pensées détachées sur différens sujets, morale,</r_c>
<r_s>politique, littérature... LV Dufrenoy</r_s>
</res>
</entry>
</document>

<document>
<entry>
<id>65.13</id>
<au>BEAURIEU, Gaspard Guillard de</au>
<ti>Le portefeuille français ou choix nouveau et intéressant de différentes pièces de prose et de poésie En France, se vend à</ti>
<det>
<pl>Paris,</pl>
<pb>chez Rozet,</pb>
<y>1765,</y>
<f>in - 12,</f>
<p>xviii + 384p.</p>
</det>
<bib>BNt CatH 1 1765 B 0</bib>
<ae>Extraits d’ouvrages périodiques selon l’Avertissement: poèmes, lettres, discours, avec: pp.161 - 173, lsmeine (conte pastoral grec); 184 - 203, Anecdote historique (nouvelle vénitienne); 232 - 253, Relation de l’isle de Pinés (soi-disant traduite de l’anglais). Autre édition : - En France, se vend à Paris, chez Durand et Rozet, 1766, xxi + 384p. (BNt). Les deux volumes donnés par le catalogue imprimé de la BN sont en fait ces deux éditions différentes de 1765 et de 1766.</ae>
</entry>
</document>

<document>
<entry>
<id>65.14</id>
<au>BÊLIARD, François</au>
<ti>Zélaskim, histoire américaine, ou les avantures de la marquise de P***, avec un discours pour la défense des romans par M.B***</ti>
<det>
<pl>Paris,</pl>
<pb>Mérigot père,</pb>
<y>1765,</y>
<f>4 part, in-12,</f>
<p>xlvii + 99, 140, 135, 142p.</p>
</det>
<bib>A BNt CatH li 1764, vii 1765; CorrL jan. 1765; LV B Delcro Dufrenoy Gay Mornet Q</bib>
<ex>Une version abrégée de l’ouvrage se trouve dans laBUR, juin 1780, pp. 77 - 150, suivie de l’Apologie des romans, pp. 151 — 173.</ex>
<res>
<r_p>Ire personne;</r_p>
<r_pl>Amérique, chez une tribu indienne;</r_pl>
<r_n>Zélaskim, Zedomire, Nankim;</r_n>
<r_c>aventures romanesques et sentimentales;</r_c>
<r_s>thèmes philosophiques.</r_s>
</res>
</entry>
</document>

<document>
<entry>
<id>65.15</id>
<au>BILLARDON DE SAUVIGNY, Louis-Edme Histoire amoureuse de Pierre</au>
<ti>Le Long et de sa très honnorée dame Blanche Bazu, écritte par iceluy</ti>
<det>
<pl>Londres,</pl>
<y>1765,</y>
<f>in - 12,</f>
<p>142p.</p>
</det>
<bib>A BM BNt AL 1765 VIII 168 - 186; CatH viii 1765; CorrL mars 1765; LV B Delcro Gay Mornet Q</bib>
<res>
<r_p>Ire personne, avec petites chansons en vers;</r_p>
<r_pl>cadre moyenâgeux;</r_pl>
<r_n>Pierre, Blanche, Geneviève;</r_n>
<r_c>intrigue sentimentale comique;</r_c>
<r_s>style ancien.</r_s>
</res>
<ae>Autres éditions: - ... La musique de Mr. Philidor, Londres, 1765, in - 12, 142p. (BNt). Cette édition paraît être identique à la première, mais le frontispice gravé a été changé pour incorporer la mention de Philidor. - ... Bazu, nouvelle édition précédée d’un Discours sur la langue française par monsieur de Sauvigny. La musique est de messieurs Philidor et Albanaise, Londres, 1768, in - 16, xxx + 124p. (BM, BN, Mornet) — L’innocence du premier âge en France ou histoire amoureuse de Pierre Le Long et de Blanche Bazu, suivie de la Rose ou la fête de Salency, nouvelle édition, Paris, Ruault, 1778, in - 8, 276p. (BM, BN, B, Delcro, Mornet, Q). La rose avait déjà été publiée (avec L’isle d’Ouessant) en 1768, avec le titre L’innocence du premier âge (V. 68.14) - Paris, Girouard, 1793, in - 24, 123p. (BN) — Les amours de Pierre Le Long et de Blanche Bazu, Paris, Ducauroy, an IV, in - 12, iv + 124p. (A, BM, BN, B) — L’innocence du premier âge, Paris, Chevet, 1798, in - 12, 168p. (B) — Amours .... Paris, Werdet et Lequien fils, 1819, in - 16, xviii + 142p. (BN)</ae>
</entry>
</document>

<document>
<entry>
<id>65.16</id>
<au>BRET, Antoine</au>
<ti>Essai de contes moraux et dramatiques par M. B***</ti>
<det>
<pl>Paris,</pl>
<pb>Prault,</pb>
<y>1765,</y>
<f>in - 12,</f>
<p>xii + 154p.</p>
</det>
<bib>A BMt BNt AL 1765 IV 73 - 110; CatH xiv 1765; CorrL mai 1765; LV B Keys Mornet Q</bib>
<ex>L’auteur propose dans son Avertissement un nouveau genre de conte. Suivant le conseil de Marmontel, il veut supprimer les ’formules parasites’telles que ‘dit-il’, ‘répondit-elle’, etc.</ex>
<ti>Si l’on adopte la forme dramatique, en faisant précéder chaque discours par le nom du personnage, on aura des contes</ti>
<ae>faits uniquement de conversations. Pp.l - 33, Le bonheur; 34 - ICI, Le préjugé bourgeois; 102 -154, L’exemple.</ae>
</entry>
</document>

<document>
<entry>
<id>65.17</id>
<au>BRICAIRE DE LA DIXMERIE, Nicolas</au>
<ti>Contes philosophiques et moraux par M. de La Dixmerie</ti>
<det>
<pl>Londres &amp; Paris,</pl>
<pb>Duchesne,</pb>
<y>1765,</y>
<f>2 t. in - 12,</f>
<p>360, 360p.</p>
</det>
<bib>A BNt AL 1765 I 177 - 198; CatH lii 1764; CorrL déc. 1764; LV Delcro Gay Mornet Q</bib>
<ex>P. ix: ‘ La plûpart des Contes qui forment ce Recueil, ont, à quelques exceptions près, paru dans les Mercures ’. AL ajoute que Bricaire de la Dixmerie les aurait ‘ revus, corrigés, augmentés ’ pour cette édition. Une suite a été publiée en 1769 (v.</ex>
<ae>Autres éditions, ci-dessous). I, 1 - 78, La corne d’Amalthée, conte traduit du grec; 79 - 156, L’anneau de Gygés, conte lydien; 157 - 193, Lindor et Délie, conte; 194 - 253, Les quiproquo ou tous furent contents, nouvelle; 254 - 295, Abbas et Sohry, nouvelle personne; 296 - 354, Les solitaires des Pyrénées, nouvelle espagnole et françoise. IL 3- 71, L’oracle journalier; 72- 105, Le Huron réformateur; 106- 138, L’étonnement réciproque, nouvelle orientale; 139-186, Cléomir et Dalia, nouvelle gauloise; 187 - 209, Azakia, anecdotes huronnes; 210 - 233, Giaffar et Abassah, trait d’histoire arabe; 234 - 260, Qu ’en doit-il arriver? anecdote orientale; 261 - 328, Les Péris et les Néris ou l’amant comme on le mène, conte; 329-360, Les deux prix, conte tiré d’un manuscrit grec. Autres éditions: - Londres &amp; Paris, Delalain, 1766, 3 t. in - 12 (BN) - Avignon, Louis Chambeau, 1766, 2 t. in - 12, 228, 264p. (Gay) - Londres &amp; Paris, Panckoucke, 1768 (A) - Londres &amp; Paris, Delalain, 1769, 3 t. in - 12 (BNt, Q). Edition augmentée d’un troisième volume (v. 69.19) — Londres &amp; Orléans, 1769, 3 t. in - 12 (A). Edition augmentée.</ae>
</entry>
</document>

<document>
<entry>
<id>65.18</id>
<au>COMPAN, abbé</au>
<ti>Le temple de la piété et recueil d’oeuvres diverses par l’auteur de l’Esprit de la religion chrétienne</ti>
<det>
<pl>Avignon &amp; Paris,</pl>
<pb>Claude Hérissant,</pb>
<y>1765,</y>
<f>in-12,</f>
<p>I97p.</p>
</det>
<bib>BNt Q</bib>
<res>
<r_st>Pp. 25-141, Temple de la piété: Ire personne; allégorie religieuse (description du temple); 161-177, Le soir: 3e personne; conte moral; 178- 197, Le provincial: 3e personne; conte moral.</r_st>
</res>
<ae>Autres éditions: - AL 1765 II 239 - 252 rend compte de cet ouvrage, mais avec le titre suivant: Voyage dans un pays peu connu ou le temple de la piété..., Paris, Claude Hérissant, in-12, 150p. S’agit-il d’une édition différente? — Voyage au temple de la piété et autres oeuvres diverses par monsieur Compan, 2e édition, Paris, Mérigot jeune, 1769, in - 16, 197p. (BN,Q)</ae>
</entry>
</document>

<document>
<entry>
<id>65.19</id>
<au>CONTANT D’ORVILLE, André-Guillaume</au>
<ti>L’humanité, histoire des infortunes du chevalier de Dampierre, contenant des anecdotes sêcrettes et particulières sur les dernières révolutions de Perse</ti>
<det>
<pl>Paris,</pl>
<pb>Cailleau,</pb>
<y>1765,</y>
<f>2 t. in - 12,</f>
<p>xv + 286, 318p.</p>
</det>
<bib>A BNt AL 1765 IV 250- 269; CatH xxiv 1765; LV B Delcro Dufrenoy Mornet Q</bib>
<res>
<r_c>Ire personne, avec récit intercalé (Le malheureux inné ou histoire d’Orchnai, histoire anglaise):</r_c>
<r_n>France, Espagne, Constantinople, sous Louis XIV; le marquis de Dampierre, Léonore;</r_n>
<r_c>voyages, aventures romanesques, sentimentales, éléments historiques;</r_c>
<r_s>mélancolie, sensibilité (à la manière de Prévost).</r_s>
</res>
</entry>
</document>

<document>
<entry>
<id>65.20</id>
<au>DESFONTAINES, François-Georges Fouques, dit</au>
<ti>Lettres de Sophie at du chevalier de •*, pour servir de supplément aux Lettres du marquis de Roselle, par monsieur de ***</ti>
<det>
<pl>Londres &amp; Paris,</pl>
<pb>L’Esclapart,</pb>
<y>1765,</y>
<f>2 part, in-12,</f>
<p>viii + 321, 276p.</p>
</det>
<bib>A BM BNt CatH i 1765; CorrL mars 1765; LV B Delcro Mornet Q</bib>
<res>
<r_c>D’après la préface, l’auteur veut révéler les pièges que tendent les ‘ filles de Spectacle ’, thème que les Lettres du marquis de Roselle, 1764, par madame Elie de Beaumont, avaient</r_c>
<r_p>abordé. Lettres;</r_p>
<r_pl>France;</r_pl>
<r_n>Sophie, Julie (actrices), le Chevalier;</r_n>
<r_c>intrigues galantes et sentimentales;</r_c>
<r_s>tendances réalistes, sensibilité.</r_s>
</res>
<ae>Autres éditions: — 1765, 2 part, in-12, vi + 222, 191p. (BNf) — Londres, 1766, 2t. in-12 (Slatkine) — Londres &amp; Paris, L’Esclapart, 1772, 2 part, in-8, vi + 222, 184p. (Moulins, Niort, VGM) — Liège, D. de Boubers, 1773, 2t. in-12 (A, BN) — Londres &amp; Paris, Le Jay, 1776, 2t. in-12 (BN, B) — s.l.n.d. (A)</ae>
</entry>
</document>

<document>
<entry>
<id>65.21</id>
<au>DU LAURENS. abbé Henri-Joseph</au>
<ti>Imirce ou la fille de la nature</ti>
<det>
<pl>Berlin,</pl>
<pb>chez l’imprimeur du philosophe de Sans-Souci,</pb>
<y>1765,</y>
<f>in-12,</f>
<p>378p.</p>
</det>
<bib>A BMt BNt B Gay Momet Q</bib>
<ex>Pp. 17-60, Mon éducation et celle de ma cousine Sophie.</ex>
<res>
<r_st>Pp. 61-187, Imirce ou la fille de la nature: Ire personne, avec récits intercalés: Imirce, Emilor, Ariste: deux enfants élevés par un philosophe dans un souterrain; commentaire ingénu sur la vie. critique des moeurs et des institutions, thèmes philosophiques, ton satirique. Pp. 187-246, Histoire de Babet; 247-259, Histoire de Lucrèce; 260-332, La momie de mon grand-père; 333-368, Histoire du merveilleux Dressant, bonté de la Mecque.</r_st>
</res>
<ae>Autres éditions: - Berlin, 1765, in-12 (Gay, selon qui cette édition serait différente de la première) — Londres, 1766, in-8 (Narbonne, B, Gay, Momet) - Londres, 1774, in - 12 (BMt, Gay) — La Haye, 1774, 2 t. in - 12 (Michaud) — Londres, 1775, in - 12, xxiv + 355p. (BN, Gay, Momet) - Londres &amp; Blois, Aucher Eloy, 1776, in-12 (BM, BN Delcro, Gay, Momet). Selon Gay il y aurait eu deux éditions in-12 et deux éditions in-8 cette année. — Londres, 1782, in-12 (Bodleian). Gay donne: in-18.</ae>
</entry>
</document>

<document>
<entry>
<id>65.22</id>
<au>GATREY</au>
<ti>La philosophe par amour ou lettres de deux amans passionnés et vertueux</ti>
<det>
<pl>Paris,</pl>
<pb>Cailleau.</pb>
<y>1765,</y>
<f>2 t. in - 12,</f>
<p>xii + 204, 280 (pour 180) p.</p>
</det>
<bib>At BMt AL 1765 IV 57-74; CatH xxü 1765; CorrL juillet 1765; LV B Delcro Gay Momet Q</bib>
<ex>Attribué par CorrL à ‘Mlle Mazarelli, aujourd’hui Mme la marquise de Saint-Chamond’ et par d’autres à Lombard.</ex>
<res>
<r_p>Lettres;</r_p>
<r_pl>Paris;</r_pl>
<r_n>Durval, Adélaïde de Saint-Fray, Mme de Saint-Fray;</r_n>
<r_c>intrigue sentimentale, amours contrariées par un père peu compréhensif;</r_c>
<r_s>sensibilité,</r_s>
<r_st>vertu. Selon AL, ’cet ouvrage. . . est entièrement calqué sur la Nouvelle Héloïse’.</r_st>
</res>
<ae>Autres éditions: — Paris, Cailleau &amp; Francfort, Eslinger, 1766, 2 part, in-8, xvi+ 176, 177-334p. (BMt) — .. . deux amans passionnés mais vertueux, Nouvelle édition, Paris &amp; Amsterdam, Cailleau, s.d. [1770?], 2 part, in-8, 1- 164, 165 - 310p. (BMt)</ae>
</entry>
</document>

<document>
<entry>
<id>65.23</id>
<au>GINGINS, V. de</au>
<ti>Le bacha de Bude</ti>
<det>
<pl>Yverdon,</pl>
<y>1765,</y>
<f>in - 8,</f>
<p>74p.</p>
</det>
<bib>A BNt CatH xxiii 1765; CorrL oct. 1765; LV Dufrenoy Gay Momet Perret CorrL:</bib>
<ti>‘Le Bacha de Bude est l’histoire vraie ou fausse du bacha qui défendit la capitale de Hongrie lorsqu’elle fut reprise pour la dernière fois par les Autrichiens. L’auteur avait gagé contre une femme de ses amies qu’il écrirait en moins d’un mois une histoire intéressante sans</ti>
<ex>amour, qui ne serait ni un roman, ni un conte ’.</ex>
<res>
<r_p>3e personne;</r_p>
<r_pl>cadre turc;</r_pl>
<r_c>un soldat suisse, après des campagnes en Europe, devient un grand général turc (Apti-Bacha); fond historique?</r_c>
</res>
<ae>Autres éditions: - s.l., 1765, in-8 (A, LV, Gay) - ... troisième édition revue et corrigée, Yverdon, 1765, 76p. (Oront)</ae>
</entry>
</document>

<document>
<entry>
<id>65.24</id>
<au>HILL, sir John trad. par Marc-Antoine EIDOUS</au>
<s>t</s>
<ti>Les aventures de M. Loville, entremêlées de plusieurs intrigues galantes &amp; véritables arrivées parmi des personnes du beau-monde, traduites sur la seconde édition angloise, par M. *** ’</ti>
<det>
<pl>Amsterdam &amp; Paris,</pl>
<pb>Robin,</pb>
<y>1765,</y>
<f>4 part, in - 12,</f>
<p>xii + 225, 228, 227, 204p.</p>
</det>
<bib>A BMt BNt AL 1765 VI 289 - 307; CatH xl 1765; LV B Delcro Gay Q Rochedieu Streeter</bib>
<tr>Trad. de The History of Mr. Lovell, 1746.</tr>
<res>
<r_p>3e personne, avec récits intercalés 3e personne;</r_p>
<r_pl>Angleterre (Bath, Londres);</r_pl>
<r_n>lady Juliet Schéma, lord Tawdry, milord Salomon-Single, miss Bussy, M. Loville;</r_n>
<r_c>aventures galantes et observations sur les mœurs;</r_c>
<r_s>ton satirique.</r_s>
</res>
</entry>
</document>

<document>
<entry>
<id>65.25</id>
<au>JONVAL</au>
<ti>Les erreurs instructives ou mémoires du comte de ***</ti>
<det>
<pl>Londres &amp; Paris,</pl>
<pb>Cuissart et Prault,</pb>
<y>1765,</y>
<f>3 part, in - 12,</f>
<p>vi + 200, 192, 216p.</p>
</det>
<bib>A BNt AL 1765 VIII 46-56; CatH xii 1765; CorrL nov. 1765; LV B Dufrenoy Gay Momet Q</bib>
<res>
<r_p>Ire personne (mémoires), avec récits intercalés des personnages;</r_p>
<r_pl>France:</r_pl>
<r_n>Julie, Lucie. Fanchette, Dorothée ( noblesse, bourgeoisie),</r_n>
<r_c>aventures galantes et romanesques;</r_c>
<r_s>intentions moralisatrices, sensibilité.</r_s>
</res>
<ae>Autre édition: - Paris, Cuissart, 1767, 3 t. in - 12 (Boulogne)</ae>
</entry>
</document>

<document>
<entry>
<id>65.26</id>
<au>JULLIEN, Jean-Auguste, dit</au>
<ti>Desboulmiers Rose ou les effets de la haine, de l’amour et de l’amitié</ti>
<det>
<pl>Londres &amp; Paris,</pl>
<pb>Robin,</pb>
<y>1765,</y>
<f>2 part, in - 12,</f>
<p>xvi + 122, 142p.</p>
</det>
<bib>A BNt AL 1764 VIII 335 - 350; CorrL jan. 1765; LV B Delcro Gay Momet Q</bib>
<res>
<r_p>3e personne;</r_p>
<r_n>le chevalier de Monfort, Clairfons, Rose:</r_n>
<r_c>aventures galantes et sentimentales d’une jeune fille de petite naissance recueillie par des bienfaiteurs;</r_c>
<r_s>sensibilité, vertu.</r_s>
</res>
<ae>Autres éditions: — L‘éducation de l’amour par l’auteur des Mémoires du marquis de Solanges, Amsterdam &amp; Paris, Le Jay, 1769, 2 part, in-12 (B, Delcro, Gay, Momet, Q). Même édition en fait que la suivante? - 1770, 2 part, in-12, 166, 200p. (At, BN, LV, Gay, Momet) — Agathe et Clairfons ou les effets de la haine,de l’amour et de l’amitié, Paris, Drost, an VI (t.I) - an VII (t.II), 2t. in-18, x + 139, 146p. (Oront, JG II 140, JP 19 prair. VII, Delcro)</ae>
</entry>
</document>

<document>
<entry>
<id>65.27</id>
<au>KIMBER, Edward trad. par ?</au>
<ti>Marianne ou la nouvelle Paméla, histoire véritable, traduite de l’anglois</ti>
<det>
<pl>Rotterdam,</pl>
<pb>Henri Beman,</pb>
<y>1765,</y>
<f>2t. in-8,</f>
<p>266, 266p.</p>
</det>
<bib>Leedst CorrL mars 1765; LV Gay Rochedieu Streeter</bib>
<tr>Trad. de Maria, the Genuine Memoirs of a Young Lady of Rank and Fortune, 1764. Une autre traduction a été publiée wn 1765. Pour d’autres détails, v. 65.28.</tr>
<ae>Autre édition: — Selon Rochedieu, il y a eu également une version in-12 de cette édition.</ae>
</entry>
</document>

<document>
<entry>
<id>65.28</id>
<au>KIMBER, Edward trad. par ?</au>
<s>nt</s>
<ti>Maria ou les véritables mémoires d’une dame illustre par son mérite, son rang et sa fortune, traduits de l’anglois</ti>
<det>
<pl>Londres &amp; Paris,</pl>
<pb>Bauche, L. Cellot,</pb>
<y>1765,2</y>
<f>part, in - 12,</f>
<p>viii + 347, 339p.</p>
</det>
<bib>At BNt AL 1765 III 217-245; CorrL mars 1765; LV B Gay Momet Rochedieu Streeter</bib>
<tr>Trad. de Maria, the Genuine Memoirs of a Young Lady of Rank and Fortune, 1764.</tr>
<ex>Une autre traduction a été publiée en 1765 avec le titre Marianne ou la nouvelle Paméla (v. 65.27). (Le traducteur de Maria écrit dans son Avertissement’. * Comme on achevoit l’impression de cet Ouvrage, on m’en apporte une traduction presque littérale, qui vient d’être faite à Rotterdam sous le titre de MARIANNE ou la NOUVELLE PAMELA’ .) L’attribution à Elizabeth Blower, qu’on trouve dans le catalogue imprimé de la BN, est erronée. Selon CorrL, le traducteur de l’ouvrage de Kimber serait l’auteur des Lettres de Mlle deJussy, 1762 (v. 62.4)</ex>
<res>
<r_p>3e personne;</r_p>
<r_pl>Londres;</r_pl>
<r_n>M. Worthy, Maria, Mme Cousens (bourgeoisie);</r_n>
<r_c>aventures sentimentales d’une jeune fille de naissance obscure;</r_c>
<r_s>sensibilité.</r_s>
</res>
<ae>Autres éditions: — La nouvelle Paméla ou les véritables mémoires de Maria, traduits de l’anglois, Londres, Carlsruhe, Macklot, 1766, pet. in-8 (Rochedieu) - Maria ou ..., Lausanne, Grasset, 1766, 2 t. in - 12, 256, 246p. (BNt) - La nouvelle Paméla ..., Londres &amp; Carlesrouhe, Michel Macklot, 1767, 2 part, in - 8, 234, 229p. (At, Gay, Streeter). -Paris, 1768, 2 t. in - 12 (A) Malgré les changements de titre, toutes ces rééditions semblent bien être des versions de la seconde des deux traductions.</ae>
</entry>
</document>

<document>
<entry>
<id>65.29</id>
<au>LANGHORNE, John trad. par de LA FLOTTE</au>
<s>t</s>
<ti>Solyman et Almena, traduit de l’anglois par M.D.L.F.</ti>
<det>
<pl>Amsterdam &amp; Paris,</pl>
<pb>Mérigot père,</pb>
<y>1765,</y>
<f>in - 12,</f>
<p>177p.</p>
</det>
<bib>At LV B Delcro Dufrenoy Q Rochedieu Streeter</bib>
<tr>Trad. de Solyman and A /mena, 1762.</tr>
<res>
<r_p>3e personne, avec récits intercalés Ire personne;</r_p>
<r_pl>Mésopotamie (Ispahan), Indes;</r_pl>
<r_n>Solyman, le Marchand anglois, l’Hermite, Alména;</r_n>
<r_c>voyages, aventures, intrigue sentimentale;</r_c>
<r_s>critique des moeurs, réflexions.</r_s>
</res>
</entry>
</document>

<document>
<entry>
<id>65.30</id>
<au>LEPRINCE DE BEAUMONT, madame Marie</au>
<ti>Lettres d’Emerance à Lucie par madame Le Prince de Beaumont</ti>
<det>
<pl>Lyon,</pl>
<pb>Pierre Bruyset Ponthus</pb>
<pl>&amp; Paris,</pl>
<pb>Charles Saillant,</pb>
<y>1765,</y>
<f>2 t. in - 12,</f>
<p>vi + 378, iv + 361p.</p>
</det>
<bib>At BNt CatH 1 1765; LV Delcro Mornet Q</bib>
<res>
<r_p>Lettres;</r_p>
<r_pl>France;</r_pl>
<r_n>Emerance, Lucie, madame de Villeneuve, Victoire;</r_n>
<r_c>intrigues sentimentales;</r_c>
<r_s>intentions moralisatrices.</r_s>
</res>
<ae>Autres éditions: - Lyon, Pierre Bruyset Ponthus, 1765, 2 part, in - 12, vi + vi + 378, 361p. (At). Même impression que la première édition, à part la page de titre et les pages liminaires. — Londres, J. Nourse, 1765, in - 12 (BM) - Leyde, 1766, 2 t. in - 12 (DLC, Momet, Q) - Lyon &amp; Liège, Bassompierre, 1766, 2t. in-12, xii + 358, 342p. (La Hayet, Neuchâtel) — Lyon, P. Bruyset Ponthus, 1767, 2t. in-12 (A, BN, Momet) — Lyon, 1774, 2t. in-12 (Neuchâtel) — Lyon &amp; Liège, J.F. Bassompierre, 1776, 2t. in-12 (BN) - Lyon, 1781, 2t. in-12 (Besançon)</ae>
</entry>
</document>

<document>
<entry>
<id>65.31</id>
<au>LONGCHAMPS, abbé Pierre Charpentier de</au>
<ti>Les aventures d’un jeune-homme pour servir de supplément à l’histoire de l’amour</ti>
<det>
<pl>Londres &amp; Paris,</pl>
<pb>Jacques-François Quillau,</pb>
<y>1765,</y>
<f>2 part, in - 12,</f>
<p>82, 110p.</p>
</det>
<bib>BMt CatH vi 1765; CorrL mars 1765 B Gay</bib>
<ex>0 Delcro donne 1768 - erreur pour 1765?</ex>
<res>
<r_p>Ire personne;</r_p>
<r_pl>campagne. Paris;</r_pl>
<r_n>Alexis, M. Bertrand, Philémon et Lyse (un berger et sa fille), Sophie;</r_n>
<r_c>aventures sentimentales, louange de la vie pastorale;</r_c>
<r_s>extrême sensibilité.</r_s>
</res>
</entry>
</document>

<document>
<entry>
<id>65.32</id>
<au>LUCAIN trad. par Pierre-Toussaint MASSON</au>
<s>mt</s>
<ti>La Pharsale de Lucain, traduite par M. Masson, Trésorier de France</ti>
<det>
<pl>Amsterdam &amp; Paris,</pl>
<pb>Dufour,</pb>
<y>1765,</y>
<f>2 part, in- 12,</f>
<p>228, 229 -491p.</p>
</det>
<bib>BNt CatH xxxii 1765 Blanc Q</bib>
<tr>Traduction en prose de M. A. Lucani Pharsalia. Une autre traduction a été publiée par Marmontel en 1766 (V. 66.32). Epopée sur la Guerre civile (César, Pompée, Brutus...).</tr>
<ae>Autre édition : - ... seconde édition, revue, corrigée &amp; augmentée de notes, Amsterdam &amp; Paris, D’Houry, 1766, 2 part, in - 12, xlvi+ 215, 282p. (BNt)</ae>
</entry>
</document>

<document>
<entry>
<id>65.33</id>
<au>MAILHOL, Gabriel</au>
<ti>Les bonnets ou Talemik et Zinéra, histoire moderne traduite de l’arabe</ti>
<det>
<pl>Londres &amp; Paris,</pl>
<pb>Jacques-François Quillau,</pb>
<y>1765,</y>
<f>in - 12,</f>
<p>viii + 174p.</p>
</det>
<bib>A BNt AL 1765 I 352 - 354; CatH viii 1765; CorrL mars 1765; LV B Delcro Dufrenoy Gay Momet Q</bib>
<res>
<r_p>3e personne, avec un conte de fées oriental intercalé (Le bien mal employé);</r_p>
<r_pl>cadre oriental fantaisiste;</r_pl>
<r_n>Bagdaël, Zinéra, Abarendal, Talemik;</r_n>
<r_c>intrigues de cour, voyages, aventures romanesques;</r_c>
<r_s>ton léger.</r_s>
</res>
</entry>
</document>

<document>
<entry>
<id>65.34</id>
<ti>MARIN, le père Michel-Ange La marquise de Los Valientes ou la dame chrétienne, histoire castillane, par le R.P. Michel-Ange Marin, de l’ordre des Minimes</ti>
<det>
<pl>Avignon,</pl>
<pb>J.J. Niel,</pb>
<y>1765,</y>
<f>2 t. in - 12,</f>
<p>xii + 433, 481p.</p>
</det>
<bib>A BNt CatH xlix 1765 Delcro Momet Q</bib>
<ex>Jones donne une édition de 1745, citant Laporte. Les permissions de l’ordre, cependant, datent d’août 1763, de mai 1764 et de juillet 1764.</ex>
<res>
<r_p>3e personne, avec récits intercalés Ire personne;</r_p>
<r_pl>Espagne;</r_pl>
<r_n>Los Valientes, la marquise de Los Valientes, Isabelle de las Undas, la marquise d’Apodar;</r_n>
<r_c>une dame cherche à mener une vie chrétienne sans renoncer au monde;</r_c>
<r_s>intentions édifiantes, discussions morales</r_s>
</res>
<ae>Autres éditions: - Paris, Despilly, 1765, 2 t. (B) - Avignon, J.J. Niel, 1767, 2 t. (MH, cité par Jones)</ae>
</entry>
</document>

<document>
<entry>
<id>65.35</id>
<au>MARMONTEL, Jean-François</au>
<ti>Nouveaux contes moraux par M. Marmontel de l’Académie française</ti>
<det>
<pl>Paris,</pl>
<pb>J. Merlin,</pb>
<y>1765,</y>
<f>in - 12,</f>
<p>256p.</p>
</det>
<bib>A BM BNt AL 1765 VIII 73 - 99; CatH i 1765; CorrL mai 1765 Lenel Q</bib>
<ae>Ce sont cinq nouveaux contes, incorporés à partir de 1765 dans les éditions des Contes moraux de 1761. Pour les détails des éditions ultérieures, v. 61.12. Pp.l -56, Lauret te; 57-98, La femme comme il y en a peu; 99- 160, L’amitié à l’épreuve; 161 - 114 (pour 214), Le misanthrope corrigé; 115 (pour 215) - 256, Le mari sylphe.</ae>
</entry>
</document>

<document>
<entry>
<id>65.36</id>
<au>MATON, Alexis</au>
<ti>Mikou et Mézi, conte moral avec plusieurs pièces fugitives en vers par M. M***</ti>
<det>
<pl>La Haye &amp; Paris,</pl>
<pb>Durand neveu</pb>
<pl>&amp; Lille,</pl>
<pb>Hubert Lemmens,</pb>
<y>1765</y>
<f>in-8,</f>
<p>vii + 96p.</p>
</det>
<bib>A BM BNt CatH x 1765; CorrL nov. 1765 B Delcro Dufrenoy Gay Mornet Q</bib>
<res>
<r_st>Pp. 1-68, Mikou et Mézi: 3e personne; Siarn: Acrimant, Mikou, Mézi; intrigue sentimentale, aventures romanesques; ton satirique, thèmes philosophiques; 69 - 96: poésies.65.37</r_st>
</res>
</entry>
</document>

<document>
<entry>
<id>65.37</id>
<au>MÉNARD, Léon n</au>
<ti>Callisthène ou le modèle de l’amour et de l’amitié, ouvrage mêlé de caractères &amp; de moralités qui apprennent à connoitre le coeur humain &amp; à se conduire dans la vie</ti>
<det>
<pl>Paris,</pl>
<y>1765,</y>
<f>2 part, in - 12,</f>
<p>228, 229 - 462p.</p>
</det>
<bib>At BNt CatH lü 1765 B Delcro Gay Momet Q</bib>
<ex>Version très augmentée des Amours de Callisthène, 1740 (v. 53.R28).</ex>
<res>
<r_p>3e personne;</r_p>
<r_pl>Grèce;</r_pl>
<r_n>Callisthène, liermocrate, Straton. Aristo-clie. Aristandre, Camille:</r_n>
<r_c>voyages, intrigues amoureuses, discours moraux;</r_c>
<r_s>intentions moralisatrices.</r_s>
</res>
</entry>
</document>

<document>
<entry>
<id>65.38</id>
<au>NOUGARET, Pierre-Jean-Baptiste</au>
<ti>La capucinade, histoire sans vraisemblance, par frère P.J. Discret N***</ti>
<det>
<pl>Par-tout,</pl>
<y>1765,6,</y>
<p>7, 8, 9, 10, 11, 12 &amp;c„</p>
<f>in-12,</f>
<p>105p.</p>
</det>
<bib>BM BNt CorrL jan. 1765 B Dufrenoy Gay Mornet Q</bib>
<res>
<r_p>Ire personne;</r_p>
<r_pl>France;</r_pl>
<r_n>Nanette, Suzon, Thérèse;</r_n>
<r_c>aventures libertines (le fils d’un chaudronnier devient moine);</r_c>
<r_s>ton satirique.</r_s>
</res>
<ae>Autre édition: - A ventures galantes de Jérôme, frère capucin, 1797, in - 18 (B, Monglond)</ae>
</entry>
</document>

<document>
<entry>
<id>65.39</id>
<au>NOUGARET, Pierre-Jean-Baptiste</au>
<ti>Lucette ou les progrès du libertinage, par M. N***</ti>
<det>
<pl>Londres,</pl>
<pb>Jean Nourse,</pb>
<y>1765 (t. 1 —11)— 1766 (t. 111),</y>
<f>3 part, in - 12,</f>
<p>vi + 156, 153, xvi + 188p.</p>
</det>
<bib>A BNt AL 1766 IV 257 - 261 ; CatH xvü 1766; LV Delcro Gay</bib>
<ex>Le 1.111 porte le titre: Suite de Lucette ou des progrès du libertinage par M. N***, Londres, 1766. Dans la préface on lit: ‘ L’accueil que le Public a voulu faire à cet ouvrage, dont la seconde Edition est presque épuisée, m’a encouragé à le continuer ’. BUR 1787 août, pp. 127-178, offre une version abrégée.</ex>
<res>
<r_p>3e personne;</r_p>
<r_pl>province. Paris;</r_pl>
<r_n>Lucette, Mathieu, Mondor, d’Ameuil, Haliffer (paysans, financiers, noblesse);</r_n>
<r_c>aventures galantes d’une fille libertine.</r_c>
</res>
<ae>Autres éditions: — Genève (Paris, Quillau), 1765, 2t. in-12 (B, Q) — Suzette et Perrin ou les dangers du libertinage, Londres &amp; Paris, 1777, 2t. in-12 (A, LV, B, Delcro, Q) - Suzette et Perrin .... Londres &amp; Paris, Bastien, 1778, 2t. in-16, viii + 256, 248p. (Bruxellest) — Suzette et Perrin..., Londres &amp; Paris, 1780, 2 part. in-8 (BMt) — Les progrès du libertinage, 1790 (BN, Monglond) — Les dangers de la séduction et les faux-pas de la beauté..., Paris, auteur, Desenne, Degour, an VII [1799], 2t. in-12, vü + 204, 202p. (BNt, B, Q). v. 99.132.</ae>
</entry>
</document>

<document>
<entry>
<id>65.40</id>
<au>RICCOBONI, Marie-Jeanne Laboras de Mézières, madame</au>
<ti>RecueU de pièces détachées, par madame Riccoboni</ti>
<det>
<pl>Paris,</pl>
<pb>Humblot,</pb>
<y>4765,</y>
<f>in - 12,</f>
<p>iv+ 302p.</p>
</det>
<bib>At BM BN CatH xxi 1765; CorrL mai 1765 Crosby Q</bib>
<ex>Ce sont des morceaux qui avaient déjà paru dans des périodiques, sauf Emestine qui, ’d’ailleurs, a été réimprimée à part (V. ci-dessous). BUR 1781 fév., pp. 153 - 184, donne un résumé de i’Histoire d’Emestine.</ex>
<ae>Pp. 1 - 111, Suite de Marianne; 112- 168, L’abeille, comprenant L’aveugle et Lettres de la princesse Zelmaïde au prince son époux 169 - 302, Histoire d’Ernestine. Autres éditions du Recueil: - 1772, in - 12, 278p. (At, Crosby) - Paris, Belin, 1793 (Crosby). Edition préparée pour les Œuvres complètes, 1792. - V. aussi les éditions des Œuvres données sous 57.12 Autres éditions d’Emestine : — Histoire d’Emestine, Paris, Humblot, 1765, in-12 (Niort) — Les vrais caractères du sentiment ou histoire d’Ernestine par madame Riccoboni, Liège, D. de Boubers, 1765, in - 12, 100p. (A, Crosby) — Histoire .... Paris, Humblot, 1766, in-12, 108p. (A) — ds Arnaud, Zénothemis, Maestricht, J.G. Dufour, 1773, in-18, pp. 87-156 (Bruxellest) — La fille comme il y en a peu, histoire comme i! n’y en a guère, par madame Riccoboni, Liège, de Boubers, 1779, in-8, 88p. (At) — Emestine, Paris, Mercier, in-8 (JP 8 fruct. IV) — Histoire..., Paris, Pigoreau, 1798, in-18 (Q) Pour les éditions des Œuvres de madame Riccoboni, v. 57.12.</ae>
</entry>
</document>

<document>
<entry>
<id>65.41</id>
<au>ROBERT, Marie-Anne de Roumier, madame</au>
<ti>Voyages de milord Céton dans les sept planettes ou le nouveau Mentor, traduits par madame de R.R.</ti>
<det>
<pl>La Haye &amp; Paris,</pl>
<pb>chez tous les libraires qui débitent les nouveautés,</pb>
<y>1765 (t. 1-1V)—1766 (t. V-VII),</y>
<f>7 part, in-12,</f>
<p>xxiv + 300, 275, 284, 268, 308, 294, 268p.</p>
</det>
<bib>A BNt CatH xlix 1764, xvü 1765, ü 1766; CorrL janv. 1765; LV B Delcro Dufrenoy Momet Q Streeter</bib>
<res>
<r_c>Les t. III et IV portent les noms de</r_c>
<r_n>Despilly, Duchesne, Cellot, Panckoucke; les t.V - VII ceux de Despilly, Duchesne, Delalain, Saillant, Cellot, Panckoucke. Ire</r_n>
<r_p>personne, avec histoires intercalées Ire personne;</r_p>
<r_pl>Angleterre, Lune, Soleil...;</r_pl>
<r_n>milord Céton, Monime, Jacques, le Génie Zachiel;</r_n>
<r_c>voyages fantastiques;</r_c>
<r_s>thèmes philosophiques.</r_s>
</res>
<ae>Autre édition : — ds Voyages imaginaires, t. XVII-XVIII, 1787-89 (v. 87.R16)</ae>
</entry>
</document>

<document>
<entry>
<id>65.42</id>
<au>ROSOI, Barnabe Farmian de, dit Durosoi</au>
<ti>Clairval philosophe ou la force des passions, mémoires d’une femme retirée du monde</ti>
<det>
<pl>La Haye,</pl>
<y>1765,</y>
<f>2 part, in- 12,</f>
<p>283, iv + 306p.</p>
</det>
<bib>At AL 1765 VI 27 - 44; CatH xxxiü 1765; CorrL sept. 1765; LV B Delcro Dufrenoy Estrée Gay Momet Q</bib>
<ex>NBR Ire année, XIII, pp. 54-119, offre un abrégé.</ex>
<res>
<r_p>Ire personne (mémoires);</r_p>
<r_pl>Paris;</r_pl>
<r_n>Clairval, Lurwel, le Prince, Saint-Germain, d’Herbigni, Germeuil, Sophie (cour, noblesse);</r_n>
<r_c>aventures et intrigues romanesques;</r_c>
<r_s>sensibilité, malheurs, intentions moralisatrices (à la manière de Prévost).</r_s>
</res>
</entry>
</document>

<document>
<entry>
<id>65.43</id>
<au>SACY, Claude-Louis-Michel de</au>
<ti>Les amours de Laïs, histoire grecque, par M. de S***</ti>
<det>
<pl>Corinthe &amp; Paris,</pl>
<pb>Cuissart,</pb>
<y>1765,</y>
<f>in - 12,</f>
<p>iv + 160p.</p>
</det>
<bib>A BMt BNt AL 1765 II 279-286; CatH ix, xvii 1765; CorrL mars 1765; LV Clayton Dufrenoy Gay</bib>
<ex>C’est nous qui attribuons l’ouvrage à M. de Sacy. Gay et ses successeurs l’avaient laissé dans l’anonymat. Notre attribution est basée sur des ressemblances avec les trois autres ouvrages attribués à de Sacy: 68.52 porte également ‘ par M. de S*** ’; 69.57 est un conte grec; et ces deux ouvrages, comme 67.47, sont à peu près de la meme longueur que les Amours de Laïs.</ex>
<res>
<r_p>3e personne;</r_p>
<r_pl>Grèce antique:</r_pl>
<r_n>Laïs, Sostene, le prince d’Ionie, Bastile, Cléontine;</r_n>
<r_c>aventures galantes, éléments pseudohistoriques.</r_c>
</res>
</entry>
</document>

<document>
<entry>
<id>65.44</id>
<au>SAINT-AUBIN, madame</au>
<ti>Mézières du Crest, baronne d’Andlau, marquise de Mémoires en forme de lettres de deux jeunes personnes de qualité, par l’auteur du Danger des liaisons</ti>
<det>
<pl>La Haye &amp; Paris,</pl>
<pb>Robin.</pb>
<y>1765,</y>
<f>4 part, in - 12,</f>
<p>151, 142, 154, 256p.</p>
</det>
<bib>A BNt AL 1765 I 73-99; CatH xlviü 1764; CorrL janv. 1765; LV B Delcro Dufrenoy Momet Saint-Fargeau</bib>
<ex>Selon AL, le nom de l’auteur serait la marquise de Champsery. Q donne le titre ainsi: Cécile ou mémoires....</ex>
<res>
<r_p>Lettres;</r_p>
<r_pl>Londres, Paris;</r_pl>
<r_n>Sophie, Henriette, milord d’Ossémond, milady d’Heldefeld;</r_n>
<r_c>histoire de famille, voyages, avec quelques épisodes romanesques;</r_c>
<r_s>sensibilité.</r_s>
</res>
<ae>Autre édition: - La Haye, aux dépens de la Compagnie, 1765, 4 part. in-8, 75, 70, 77, 128p. (La Hayet, Neuchâtel)</ae>
</entry>
</document>

<document>
<entry>
<id>65.45</id>
<au>SAINT-CHAMOND, Claire-Marie Mazarelli, marquise de</au>
<ti>La Vieuville de Camédris, conte, par Mlle Mazarelli</ti>
<det>
<pl>Paris,</pl>
<pb>Duchesne,</pb>
<y>1765,</y>
<f>in - 12,</f>
<p>217p.</p>
</det>
<bib>A BNt AL 1765 II 145 - 164; CatH xiv 1765; CorrL mars 1765; LV B Delcro Momet Q</bib>
<res>
<r_p>3e personne;</r_p>
<r_pl>Astérie, Sinaclée, Camédris;</r_pl>
<r_c>histoire de sylphes;</r_c>
<r_s>intentions moralisatrices.</r_s>
</res>
</entry>
</document>

<document>
<entry>
<id>65.46</id>
<au>SAINT-GILLES, mademoiselle de •</au>
<ti>Histoire de madame d’Orvigny ou ses loisirs, conte moral</ti>
<det>
<y>1765,</y>
<f>in - 16</f>
</det>
<bib>Q</bib>
</entry>
</document>

<document>
<entry>
<id>65.47</id>
<au>SAINT-LAMBERT, Jean-François, marquis de</au>
<ti>Aventure d’un jeune officier anglais</ti>
<det>
<pl>chez</pl>
<pb>les</pb>
</det>
<bib>sauvages Abénakis CatH vii 1765 Streeter</bib>
<ex>Streeter cite la Gazette littéraire de février 1765, mais la mention dans le CatH semble indiquer l’existence d’un tiré à part, analogue à celui qui a été publié pour Sarah Th..., du même auteur, dans le cours de la même année (v. 65.48).</ex>
<res>
<r_c>Conte américain; un soldat anglais se retrouve prisonnier chez les Abénakis.</r_c>
</res>
<ae>Autres éditions: Pour d’autres éditions de ce conte, v. 69.58.</ae>
</entry>
</document>

<document>
<entry>
<id>65.48</id>
<au>SAINT-LAMBERT, Jean-François, marquis de</au>
<ti>Sarah Th....., nouvelle traduite de l’anglais</ti>
<det>
<f>In - 8,</f>
<p>34p.</p>
</det>
<bib>A BNt CorrL sept. 1765 B Drujon Streeter Q</bib>
<ex>Il n’y a pas de frontispice; nous reproduisons le titre de départ. C’est un extrait de la Gazette littéraire de l’Europe du 15 août 1765. CorrL: ‘ On en a imprimé quelques exemplaires à part, en faveur de ceux qui n’ont pas la Gazette littéraire ’.</ex>
<res>
<r_c>Conte anglais louant les joies de la vie simple.</r_c>
</res>
<ae>Autres éditions: — Lausanne, F. Grasset, 1766, 64p. (DLC) - ds Le goût de bien des gens, 1766 (v. 66.3) — ds Nouvelle bibliothèque de société, 1782 (v. 82.R19) Pour d’autres rééditions de ce conte, v. 69.58.</ae>
</entry>
</document>

<document>
<entry>
<id>65.49</id>
<au>THOREL DE CAMPIGNEULLES, Charles-Claude-Florent de</au>
<ti>Nouveaux essais en différents genres de littérature</ti>
<det>
<pl>Genève,</pl>
<y>1765,</y>
<f>in-8,</f>
<p>viii + 165p.</p>
</det>
<bib>BM BNt CatH xvi 1765 B Q</bib>
<ex>Q cite une édition de 1750 qui est introuvable, et il situe son édition de 1765 à Lyon.</ex>
<res>
<r_st>Pp.24 - 48, Ismael Couloski, anecdote turque.</r_st>
</res>
</entry>
</document>

<document>
<entry>
<id>65.50</id>
<au>TIPHAIGNE DE LA ROCHE, Charles-François</au>
<ti>Histoire des Galligènes ou mémoires de Duncan</ti>
<det>
<pl>Amsterdam,</pl>
<pb>Arkstée et Merkus&amp; Paris, veuve Durand,</pb>
<y>1765,</y>
<f>2 part, in - 12,</f>
<p>165, 136p.</p>
</det>
<bib>At BMt (sous ‘Duncan’) BN AL 1765 IV 31 - 38; CatH xxiii 1765; CorrL juillet 1765; LV Drujon Dufrcnoy Gove Momet Q</bib>
<res>
<r_p>3e personne, avec récit intercalé (Histoire d’Almont);</r_p>
<r_c>ile des Galligènes;</r_c>
<r_s>Duncan; naufrage, description d’un pays imaginaire, histoire de la conjuration de Montmor; utopie.</r_s>
</res>
<ae>Autre édition : - Histoire naturelle, civile et politique des Galligènes, antipodes de la nation française dont ils tirent leur origine, Genève, Cramer &amp; Paris, Humaire, 1770, 2 part in - 12 (A, BMt, BN, Gove)</ae>
</entry>
</document>

<document>
<entry>
<id>65.51</id>
<au>TIPHAIGNE DE LA ROCHE, Charles-François</au>
<ti>Sanfrein ou mon dernier séjour à la campagne</ti>
<det>
<pl>Amsterdam,</pl>
<y>1765,</y>
<f>in - 12,</f>
<p>iv + 189p.</p>
</det>
<bib>A BNt AL 1765 IV 145- 175; CatH xviii 1765; LV B Delcro Momet Q</bib>
<res>
<r_p>Ire personne, avec beaucoup de narration à la 3e personne;</r_p>
<r_pl>Sanfrein,</r_pl>
<r_n>M. de la Prime-heure, Cécile, Dinville;</r_n>
<r_c>aventures comiques.</r_c>
</res>
<ae>Autre édition : - La girouette ou Sanfrein, histoire dont le héros fut l’inconséquence même, Paris, Humaire, 1770, in-12 (A, LV, B, Delcro, Dnijon, Gay, Mornet, Q)</ae>
</entry>
</document>

<document>
<entry>
<id>65.52</id>
<au>VINCENT (de Rouen)</au>
<ti>Lettres de miss Élisabeth Auréli, petite-niece du célébré docteur Swift, traduites de l’anglois</ti>
<det>
<pl>Amsterdam,</pl>
<pb>aux dépens de la Compagnie,</pb>
<y>1765,</y>
<f>in-8,</f>
<p>xv + 78p.</p>
</det>
<bib>BNt Q</bib>
<ex>Selon Q, l’ouvrage est composé de dix-huit lettres. En réalité, à cause d’une erreur de numérotation C Lettre XII’ et ‘Lettre XIII’ paraissent deux fois) il y en a vingt.</ex>
<res>
<r_p>Lettres;</r_p>
<r_pl>Londres, La Haye, Bruxelles, Paris;</r_pl>
<r_n>milord Waller, miss Charlotte Tilnei, milady Grafton, le docteur Towon (ou Towin);</r_n>
<r_c>intrigues amoureuses, voyages;</r_c>
<r_s>discussions littéraires</r_s>
</res>
<ae>Autre édition: — Lettres écossaises.... Amsterdam &amp; Paris, veuve Duchesne, 1777, 2 part, in-12 (A, BNt, Q). C’est une version augmentée; v.77.61.</ae>
</entry>
</document>

</root>