<root>

<document>
<entry>
<id>71.1</id>
<ti>Les amours d’Astarté *</ti>
<det>
<pl>Amsterdam,</pl>
<y>1771,</y>
<f>in-8</f>
</det>
<bib>Gay</bib>
</entry>
</document>

<document>
<entry>
<id>71.2</id>
<ae>Les aventures de Pyrrhus, fils d’Achille V. 56.R16</ae>
</entry>
</document>

<document>
<entry>
<id>71.3</id>
<ti>De Langreset Juliette d’Est .... anecdote française, ornée de figures en taille-douce</ti>
<det>
<pl>Londres &amp; Paris,</pl>
<pb>F.-G. Deschamps,</pb>
<y>1771,</y>
<f>in - 12,</f>
<p>viii + 227p.</p>
</det>
<bib>At BMt CatH xxüi 1771; LV Gay Momet</bib>
<res>
<r_p>3e personne;</r_p>
<r_pl>province, Paris (XVIe siècle);</r_pl>
<r_st>De Langres, Juliette d’Est. . . , M. d’Est.... Henry (paysans, nobles); intrigue sentimentale (amour d’un fils de paysan pour la fille d’un seigneur), aventures romanesques; sensibilité, vertu, bienfaisance.</r_st>
</res>
</entry>
</document>

<document>
<entry>
<id>71.4</id>
<ti>La douce proposition, anecdote par madame *** »</ti>
<det>
<pl>Paris,</pl>
<y>1771,</y>
<f>in-8</f>
</det>
<bib>Gay</bib>
</entry>
</document>

<document>
<entry>
<id>71.5</id>
<ti>L’erreur reconnue, nouvelle françoise</ti>
<det>
<pl>Londres,</pl>
<y>1771,</y>
<f>in- 12,</f>
<p>174p.</p>
</det>
<bib>At Momet</bib>
<res>
<r_p>Ire personne:</r_p>
<r_pl>France, Italie;</r_pl>
<r_n>le comte D***, la marquise H..„ Sophie, Adélaïde;</r_n>
<r_c>aventures romanesques.</r_c>
</res>
<ae>Autre édition: - 1793 (Dufrenoy) V. aussi 99.34, Sophie ou l’erreur reconnue.</ae>
</entry>
</document>

<document>
<entry>
<id>71.6</id>
<ti>Etrennes aux célibataires ou essai d’anecdotes curieuses *</ti>
<det>
<pl>Londres,</pl>
<y>1771,</y>
<f>pet. in-16</f>
</det>
<bib>Gay</bib>
</entry>
</document>

<document>
<entry>
<id>71.7</id>
<au>? trad. par DUMANOIR</au>
<s>t</s>
<ti>La femme malheureuse ou histoire d’Elise Windham, racontée par elle-même dans un voyage de Salisbury à Londres.</ti>
<det>
<pl>Amsterdam,</pl>
<y>1771,2</y>
<f>part, in - 12,</f>
<p>2 + 2 + 136, 160p.</p>
</det>
<bib>At BMt CatH xlix 1770; LV B Gay Q Rochedieu Streeter</bib>
<tr>Trad. de The Distressed Wife or the History of Eliza Wyndham, 1768.</tr>
<res>
<r_p>Cadre 3e personne, avec récit principal Ire personne;</r_p>
<r_pl>A ngle-terre;</r_pl>
<r_n>Elise Windham, M. Windham, Mme Fletcher, sir George;</r_n>
<r_c>intrigue sentimentale, malheurs;</r_c>
<r_s>sensibilité larmoyante.</r_s>
</res>
</entry>
</document>

<document>
<entry>
<id>71.8</id>
<ti>L’hirondelle de Carême ou le pouvoir de l’amour</ti>
<det>
<pl>Londres &amp; Paris,</pl>
<pb>Pillot,</pb>
<y>1771,</y>
<f>in-12,</f>
<p>216p.</p>
</det>
<bib>A BNt CatH xi 1771; LV Gay Momet</bib>
<res>
<r_p>3e personne;</r_p>
<r_pl>France;</r_pl>
<r_n>Bénigne, Philan, le marquis de Sans-souci, Mlle Apotheca, d’Amanti;</r_n>
<r_c>intrigue sentimentale, critique des moeurs;</r_c>
<r_s>ton satirique.</r_s>
</res>
</entry>
</document>

<document>
<entry>
<id>71.9</id>
<ae>Histoire de la petite Rose et de la grosse Thomassc * 1771, pet. in-8 Gay 160 70.R68 SAPT, abbé de L’ami du prince et de la patrie 69.59 70.R69 SAV1N Adélaïde 69.60 7O.R7O SCARRON, Paul Le roman comique 52.R46 70.R71</ae>
<au>STERNE, Laurence trad. par Joseph-Pierre FRENAIS</au>
<s>t</s>
<au>Voyage sentimental 69.64 70.R72 STEVENS, John trad. par ?</au>
<s>t</s>
<ex>La nouvelle femme 69.64bis 70.R73 7TENAIN, madame de Histoire du comte de Clare 64.R76 La religieuse intéressée et</ex>
<au>amoureuse 70.R74 TESSON DE LA GUÉRIE, Jean</au>
<ti>Les amours de Lucile et</ti>
<au>de Doligny 69.65 70.R75 TEUBERN, Hans Ernest von trad. par madame de ROME, t née Marné de Morville La jarretière 69.66 70.R76 THIROUX D’ARCONVILLE, Marie-Geneviève-Charlotte Darius, madame Dona Gratia d’Ataîde 70.75 70.R77 THOREL DE CAMPIGNEULLES, Charies-Gaude Florent de Candide..., seconde partie 61.31 70.R78 THOREL DE CAMPIGNEULLES, Charies-Gaude Florent de</au>
<ti>Géon rhéteur cyrénéen 57.R47 Clêon ou le petit-maître esprit</ti>
<au>fort 70.R79 TIPHAIGNE DE LA ROCHE, Charles-François</au>
<ti>Histoire naturelle, civile et politique des Galligènes 65.50 Histoire des Galligènes 70.R80</ti>
<au>TIPHAIGNE DE LA ROCHE, Charles-François</au>
<ae>La girouette 65.51 Sanfrein 70.R81 VARENNES, Jacques-Philippe de Amusemens de l’amitié rendus utiles et intéressans (Jones) - 1729(2), 1741 - 1770 70.R82 VIRGILE trad. par l’abbé Pierre-François Guyot mnt DESFONTAINES Les œuvres de Virgile (2 éditions) 51.R50 70.R83 VOLTAIRE, François-Marie Arouet de Candide ou l’Optimisme ds Seconde suite des Mélanges 59.25 70.R84 VOLTAIRE, François-Marie Arouet de Lettres d’Amabed 69.69</ae>
</entry>
</document>

<document>
<entry>
<id>71.10</id>
<ti>Lectures amusantes ou choix varié de romans, contes moraux c et anecdotes historiques par une société de jolies femmes</ti>
<det>
<pl>Amsterdam &amp; Paris,</pl>
<pb>Cabinet littéraire,</pb>
<y>1771,4</y>
<f>part, en 2 t. in - 12,</f>
<p>xvi + 291, 260, 276, 257p.</p>
</det>
<bib>At (t.I) BMt CatH xxiii 1771 et xlvii 1772; CorrL sept. 1772; LV Gay Mornet</bib>
<ex>Avis du libraire: ‘Cette collection, à dater du premier Juin de la présente année 1771, qu’elle sera mise au jour, se distribuera régulièrement toutes les quinzaines, &amp; composera par année vingt-quatre parties de douze feuilles d’impression, ou douze volumes de vingt-quatre feuilles.’ Il ne semble pas que la collection ait dépassé les deux volumes que nous décrivons. /,</ex>
<res>
<r_st>Ire part., 1-226, Les faveurs du sommeil, histoire traduite d’un fragment grec d’Austenete (pour Aristénètel; 227-248, Les hommes de Prométhée; 2^9-291, A deux le jeu; 2e part., 1-30, Anecdote tirée de l’histoire d’Angleterre; 31-170, Du vrai et parfait amour, contenant les amours honnêtes de Théagène &amp; de Charide, de Phérécide &amp; de Mélangénie, traduite du grec d’Athénagoras; 171-260, La corbeille, histoire orientale. II, Ire part., 1-34, Histoire de Gulzoum et du roi des génies; 35-68, Le songe utile; 69-186, Prémislas, histoire secrette de la cour de Pologne; 187-250, Charles Martel, anecdote françoise; 251-276, Belle et laide, conte; 2e part., 1-186, Mémoires de la marquise de B***; 187-257, Histoire de Nourgehan et de Damaké ou les quatre Talismans.</r_st>
</res>
<ae>Autre édition: — Amsterdam &amp; Paris, 1778, 4 part.in- 12 (At, BN: manque t.I)</ae>
</entry>
</document>

<document>
<entry>
<id>71.11</id>
<ti>Le Nagzag ou les mémoires de Christophe Rustaut, dit l’Africain</ti>
<det>
<pl>Amsterdam &amp; Paris,</pl>
<pb>J.P. Costard,</pb>
<y>1771,</y>
<f>in-8,</f>
<p>118p.</p>
</det>
<bib>At BM (sous ‘Rustaut’) AL 1771 VII 92-95; CatH xiv 1771 Dufrenoy Gove Mornet</bib>
<res>
<r_p>Ire personne, avec récits intercalés Ire personne;</r_p>
<r_pl>Normandie, Martinique, Afrique;</r_pl>
<r_n>Mlle Zênobie, Christophe Rustaut, Belli-kaka, Fortikaka (marins, acteurs);</r_n>
<r_c>voyages, naufrage, aventures romanesques;</r_c>
<r_s>couleur locale africaine.</r_s>
</res>
<ae>Autre édition: - Paris, Costard, 1776 (LV, Dufrenoy)</ae>
</entry>
</document>

<document>
<entry>
<id>71.14</id>
<ti>Suite et conclusion du Roman comique de Scarron, par M.D.L.</ti>
<det>
<pl>Amsterdam &amp; Rouen,</pl>
<pb>Le Boucher fils</pb>
<pl>&amp; Paris,</pl>
<pb>Pillot,</pb>
<y>1771,</y>
<f>2 part, in-12,</f>
<p>v+ 146, 147-343p.</p>
</det>
<bib>A BMt BNt CatH v 1771; LV Magne Momet</bib>
<ex>Dans l’avertissement (p.iv) on peut lire: Tl a paru deux suites du Roman comique dont le Public n’a fait aucun cas; cette troisième aura peut-être le même sort, quoiqu’on ait tâché de la faire dans un goût différent, &amp; qu’on n’ait point imité le style inimitable de Scarron’. Selon Magne, la suite dite d’Offray avait paru en 1662; celle de Preschac en 1679.</ex>
<res>
<r_p>3e personne, avec récits intercalés 3e personne (nouvelles ’espagnoles );</r_p>
<r_c>cadre, personnages, aventures à la manière du Roman comique.</r_c>
</res>
</entry>
</document>

<document>
<entry>
<id>71.15</id>
<ti>Zama, histoire véritable</ti>
<det>
<pl>Londres,</pl>
<y>1771,</y>
<f>in-12,</f>
<p>104p.</p>
</det>
<bib>At Dufrenoy Momet</bib>
<res>
<r_p>Cadre Ire personne, avec récit principal 3e personne;</r_p>
<r_pl>Orient;</r_pl>
<r_n>Zama, Phélis, Aimais;</r_n>
<r_c>amours contrariées, aventures romanesques;</r_c>
<r_s>thèmes anticléricaux.</r_s>
</res>
</entry>
</document>

<document>
<entry>
<id>71.16</id>
<au>BARCLAY, John trad. par SAVIN</au>
<s>nt</s>
<ti>Argénis, traduction libre et abrégée de J. Bardai, par M. Savin, ancien professeur d’humanités au Collège de la Magdeleine de Bordeaux</ti>
<det>
<pl>Paris,</pl>
<pb>Delalain,</pb>
<y>1771.2</y>
<f>t. in- 12,</f>
<p>335, 354p.</p>
</det>
<bib>At BN (t.II) AL 1776 VI 191-213 Q Streeter Rochedieu</bib>
<tr>Trad. de Ioannis Barclaii Argenis, 1621. Une traduction de cet ouvrage a été publiée par Pierre de</tr>
<ex>Marcassus en 1623 et rééditée plusieurs fois au XVIIe siècle. La version de Pierre de Longue a paru en 1728; celle de l’abbé Josse en 1732 (v. 54.RIO).</ex>
<res>
<r_p>3e personne;</r_p>
<r_c>aventures héroïques, intrigues sentimentales.</r_c>
</res>
<ae>Autre édition: - Paris, 1776, 2t. in-12 (Niort, Q, Rochedieu)</ae>
</entry>
</document>

<document>
<entry>
<id>71.12</id>
<ti>La rhétorique des putains ou la fameuse maquerelle, ouvrage imité de l’italien</ti>
<det>
<pl>Rome,</pl>
<y>1771,</y>
<f>in - 18,</f>
<p>320p.</p>
</det>
<bib>Apollinaire B Gay</bib>
<ex>L’auteur inconnu a imité un ouvrage de Ferrante Pallavicino, La retorica delle puttane, 1642; mais il a emprunté seulement la situation—une maquerelle qui donne des leçons à une jeune femme indigente—sans suivre de plus près le texte de Pallavicino. La retorica n’a été traduite en français qu’au XIXe siècle. Apollinaire a publié une édition de la Rhétorique sous le titre: La Philosophie des Courtisanes, 1913.</ex>
<res>
<r_p>3e personne et dialogues;</r_p>
<r_pl>France;</r_pl>
<r_n>Marthe, Angélique, Marguerite;</r_n>
<r_c>leçons de tactique entremêlées d’anecdotes scabreuses.</r_c>
</res>
<ae>Autres éditions: - Rome, 1790, in-12, 319p. (BMf) — Rome, 1791, in-12, 319p. (Bérard, Tricotel) - ... Sur la copie imprimée à Rome, aux dépens du Saint-Père, 1794, 2t. in-12, 134, 116p. (Apollinaire, B) - s.d., in-12, 369p. (Apollinaire)</ae>
</entry>
</document>

<document>
<entry>
<id>71.13</id>
<ti>Les soirées d’hiver ou recueil de moralités mises en action c</ti>
<det>
<pl>Liège,</pl>
<y>1771,</y>
<f>in-12,</f>
<p>315p.</p>
</det>
<bib>At CatH xlii 1771; CorrL août 1771 Mornet</bib>
<res>
<r_st>Pp. 1-77, L’autre Candide oit l’ami de la vérité, conte; 78-85, Dialogue entre un homme riche &amp; un indigent; 86-93, Le colin-maillard, idille; 93 (pour 94), L’fchneumon, apologue; 95-96, Le tonnerre et le nuage, fable asiatique; 97-165, Les trois fils d’Aïoub, essai moral; 166, L’eau et le miroir, apologue; 167-168, La rose et l’immortelle, apologue grec; 169-177, Le bonheur, conte tiré d’un vieux manuscrit éphé-sien; 178-179, L’âge d’or; 180, Le peintre, apologue; 181-190, Dialogue entre un capitaine d’une jonque japonoise &amp; une femme indienne; 191-229, Les trois souhaits, conte moral; 230-234, Le matin, idille; 235-254. Soi et les autres, conte; 255, Le chameau et le bossu, apologue; 256-315, L’assemblée de Cithère /Algarottil.</r_st>
</res>
</entry>
</document>

<document>
<entry>
<id>71.17</id>
<au>BASTIDE, Jean-François de</au>
<ti>Le dépit et le voyage, poème, avec des notes, suivi des Lettres vénitiennes</ti>
<det>
<pl>Londres &amp; Paris,</pl>
<pb>J.P. Costard,</pb>
<y>1771,</y>
<f>in-8,</f>
<p>179p.</p>
</det>
<bib>A BNt B Delcro Q</bib>
<ex>Le Dépit et le voyage est en vers. BUR 1780 mai, pp. 135-182, offre un abrégé des Lettres vénitiennes.</ex>
<res>
<r_p>Lettres vénitiennes: lettres;</r_p>
<r_pl>Venise;</r_pl>
<r_n>Flora, Pompéia, Augustine,</r_n>
<r_c>amours tragiques;</r_c>
<r_s>sensibilité effrénée.</r_s>
</res>
</entry>
</document>

<document>
<entry>
<id>71.18</id>
<au>BAUDRAND, le père Barthélemi</au>
<s>m</s>
<ti>Histoires édifiantes et curieuses tirées des meilleurs auteurs, avec des réflexions morales sur les différents sujets, par l’auteur de Mme élevée à Dieu</ti>
<det>
<pl>Lyon,</pl>
<pb>Benoît-Michel Mauteville,</pb>
<y>1771,</y>
<f>in -12,</f>
<p>323p.</p>
</det>
<bib>BNt</bib>
<res>
<r_c>En marge: anecdotes édifiantes. ‘Ce sont des faits réels, puisés dans les sources les plus assurées, telles que sont les Actes des Martyres, l’Histoire Ecclésiastique, les Saints-Pères, &amp;c. ’</r_c>
</res>
<ae>Autres éditions: - 2de édition, Lyon, Périsse, 1779, in-12 (Q) - 5e édition, Lyon, frères Périsse, 1779, in-12 (BN) - 7e édition, Lyon, frères Périsse, 1787, in-12 (BN) - 1811 (BN) - Nouvelle édition. Lyon, Brunet, 1815, in- 12, 358p. (BMt) — Lyon, Périsse frères &amp; Paris, Méquignon fils aîné. 1819, in-12, 351p. (BMt.Q) - Le catalogue de la BN donne plus de 80 éditions au XIXe siècle.71.19</ae>
</entry>
</document>

<document>
<entry>
<id>71.19</id>
<au>BEAURIEU, Gaspard</au>
<ti>Guillard de n L’élève de la nature, nouvelle édition augmentée d’un volume &amp; ornée de figures en taille-douce</ti>
<det>
<pl>Amsterdam &amp; Lille,</pl>
<pb>J.B. Henry,</pb>
<y>1771,3</y>
<f>part, in-12,</f>
<p>xii + 263, 262, 226p.</p>
</det>
<bib>BNt CatH xxxviii 1771 B Gove Q</bib>
<ex>Version augmentée d’un ouvrage publié en 1763. Pour d’autres détails, v. 63.18.</ex>
</entry>
</document>

<document>
<entry>
<id>71.20</id>
<au>BENOIST, Françoise-Albine Puzin de La Martinière, madame</au>
<ti>Folie de la prudence humaine, par madame Benoist</ti>
<det>
<pl>Amsterdam &amp; Paris,</pl>
<pb>La V. Regnard et Demonville,</pb>
<y>1771,</y>
<f>in-12,</f>
<p>263p.</p>
</det>
<bib>At AL 1771 V 347-349; CatH xiii 1771 ; CorrL mars 1771 ; LV Delcro Momet Q</bib>
<res>
<r_p>3e personne:</r_p>
<r_pl>Paris;</r_pl>
<r_n>le marquis d’Ornay, Valianne, le comte d’Omay;</r_n>
<r_c>intrigue sentimentale (un père demande à une veuve de ses amies d’attacher le cœur de son fils, tout en calmant ses désirs. . .);</r_c>
<r_s>intentions moralisatrices.</r_s>
</res>
</entry>
</document>

<document>
<entry>
<id>71.21</id>
<au>BUTINI, Jean-François</au>
<ti>Lettres africaines ou histoire de Phédima et d’Abcnsar, par M. Butini</ti>
<det>
<pl>Londres &amp; Paris,</pl>
<pb>Delalain,</pb>
<y>1771,</y>
<f>in-12,</f>
<p>245p.</p>
</det>
<bib>At AL 1771 VI 251-259; CatH xxxiü 1771; LV Delcro Dufrenoy Momet Q</bib>
<res>
<r_p>Lettres;</r_p>
<r_pl>Juida (Etat africain);</r_pl>
<r_n>A/zai’de, Haroun, sir Darnley:</r_n>
<r_c>amours contrariées, aventures militaires, incidents romanesques;</r_c>
<r_s>sensibilité, thème de l’esclavage.</r_s>
</res>
<ae>Autre édition: — Londres &amp; Paris, Fétil, 1771, in -12, 245p. (BNt)</ae>
</entry>
</document>

<document>
<entry>
<id>71.22</id>
<ti>CERFVOL.de L’aveugle qui refuse de voir</ti>
<det>
<pl>Londres,</pl>
<pb>Jean Nourse,</pb>
<f>in- 12,</f>
<p>viii + 84p.</p>
</det>
<bib>BNt AL 1771 VIII 276-284 B Q</bib>
<res>
<r_p>3e personne, avec dialogues;</r_p>
<r_c>l’Aveugle et l’Oculiste discutent des avantages et des inconvénients de ceux qui voient;</r_c>
<r_s>considérations philosophiques.</r_s>
</res>
</entry>
</document>

<document>
<entry>
<id>71.22bis</id>
<au>CHAMPIGNY, colonel chevalier Jean de</au>
<ti>Lettres angloises ou les époux à la mode, par le **</ti>
<det>
<pl>Londres,</pl>
<pb>aux dpens de l’auteur,</pb>
<y>1771 (part. I-II) - 1772 (part. III-IV),</y>
<f>4 part, in-8,</f>
<p>164, 197, 203, 324p.</p>
</det>
<bib>RPJCB Q</bib>
<ex>cite les éditions de 1774-75 et de 1775 sous ‘Richardson’.</ex>
<ae>Autres éditions: — Saint-Petersbourg &amp; Francfort, 1774-75, 2t. in-8 (B, Q) — 1775, 6t. in-8 (Q). Selon Q, cette édition comprend deux tomes de supplément.</ae>
</entry>
</document>

<document>
<entry>
<id>71.23</id>
<au>CRÉBILLON, Claude-Prosper Jolyot de</au>
<ti>Lettres athéniennes extraites du porte-feuille d’Alcibiade</ti>
<det>
<pl>Londres,</pl>
<pb>Pierre Elsmy,</pb>
<y>1771,4</y>
<f>t. in-8,</f>
<p>285, 302, 304, 301p.</p>
</det>
<bib>BN+ CorrL mai 1771 B Delcro Dufrenoy Momet Q</bib>
<res>
<r_p>Lettres;</r_p>
<r_pl>Athènes;</r_pl>
<r_n>Alicibiade, Glycérie, Aspasie, Périclès;</r_n>
<r_c>aventures galantes, réflexions morales.</r_c>
</res>
<ae>Autres éditions: . . . par M. de Crébillon, Londres &amp; Paris, Delalain, 1771, 4 t. in-8, xv + 285, 302, 304, 301p. (At. BN, LV.Gay) Maestricht, J.E. Dufour et P. Roux, 1779, 2 t. in- 12 (BN.Gay) Pour les éditions des Œuvres, v. 54.13.</ae>
</entry>
</document>

<document>
<entry>
<id>71.24</id>
<au>DELACROIX, Jacques-Vincent</au>
<ti>Mémoires d’un Américain, avec une description de la Prusse et de l’isle de Saint Domingue, par l’auteur des Lettres d’Affi à Zurac &amp; de celles d’un Philosophe sensible</ti>
<det>
<pl>Lausanne &amp; Paris,</pl>
<pb>veuve Rcgnard et Demonville,</pb>
<y>1771,2</y>
<f>part. in-12,</f>
<p>xxiv+ 240, 191p.</p>
</det>
<bib>Af BNt AL 1771 VI 307-316; CatH xii 1771; CorrL mars 1771 LV B Momet</bib>
<ex>0 BUR 1780 fév., pp. 23-72, offre un abrégé. Une nouvelle version, avec des changements importants, a été publiée en 1795 sous le titre de Valdeuil (v. 95.27).</ex>
<res>
<r_p>Ire personne, avec récits Ire personne;</r_p>
<r_pl>France, Allemagne, Saint-Domingue;</r_pl>
<r_n>Julie, M. Scliaap. madame de Marsile;</r_n>
<r_c>aventures romanesques, voyages, dissertation sur Vile de Saint-Domingue;</r_c>
<r_s>malheurs, sensibilité.</r_s>
</res>
<ae>Autres éditions: - Selon Mornet il y a eu une seconde édition en 1771. L’exemplaire donné dans le catalogue de A manque. - Amsterdam, aux dépens de la Compagnie, 1772, in-8, xii + 207p. (CSmH, CtY, MH, NN) - Lausanne, 1777, 2t. (RBJCB)</ae>
</entry>
</document>

<document>
<entry>
<id>71.25</id>
<au>DORAT, Claude-Joseph</au>
<ti>Les sacrifices de l’amour ou lettres de la vicomtesse de Senanges et du chevalier de Versenay</ti>
<det>
<pl>Amsterdam &amp; Paris,</pl>
<pb>Delalain,</pb>
<y>1771,2</y>
<f>part, in-8,</f>
<p>19 + 303, 220p.</p>
</det>
<bib>A BNt AL 1771 VIII 314-329; CatH I 1771; CorrL fév. 1772; LV B Delcro Drujon Gay Mornet Q</bib>
<ex>Discours préliminaire: Idées sur les romans. Le texte de la réédition de 1772 a été considérablement modifié dans ses détails: ‘On n’y trouvera presque point de Lettres où je n’aye fait des changements’.</ex>
<res>
<r_p>Lettres;</r_p>
<r_pl>Paris;</r_pl>
<r_n>Mme de Senanges, le chevalier de Versenai, la marquise d’Ercy;</r_n>
<r_c>intrigue sentimentale, amours contrariées;</r_c>
<r_s>sensibilité effrénée.</r_s>
</res>
<ae>Autres éditions: - Amsterdam &amp; Paris, Delalain, 1772, 2 part, in-12, 219, 158p. (Aspin, Liste No. 28). Gay donne: Amsterdam, 1772, 2 t. pet. in-8, sans autres précisions. Dans la ‘nouvelle édition’ de 1772, Dorât se plaint des ‘éditions furtives’ qui se sont répandues. - . . . Versenai, suivies de Sylvie et Moléshoff, nouvelle édition. Amsterdam &amp; Paris, Delalain, 1772, 2 part, in-8 xiii + 300, 276p. (A, BMf, BNf, Gay, Mornet) - Amsterdam, 1774, 2 t. in- 12 (A) - ds Collection complète des œuvres.... t. IV, Neuchâtel, Société typographique, 1776, 6 t. in-8 (BN) - Les sacrifices. . ., Amsterdam &amp; Paris, 1777, 2 t. in-8 (BN. Mornet) — Rouen, P. Machuel et J. Racine, 1782, 2t. in-16 (BN) — Paris, Le Prieur, 1783, 2t. in-24 (Neuchâtel, Gay) - ds Œuvres choisies, Paris, Delalain aîné, 1786, 6t. (DLC, B, Gay, Q) - Paris, Le Prieur, 1792, 2t. in-8 (Cohen) - Paris, 1793, 2t. in-12 (Drujon, Q) — Avignon, F. Domergue, 1793, 3 part, in-24 (MH) Pour la soi-disant édition des Œuvres de 1780, v. 62.14, Autres éditions.</ae>
</entry>
</document>

<document>
<entry>
<id>71.26</id>
<au>GARNIER, Charles-Georgcs-Thomas</au>
<s>*</s>
<ti>Adélaïde ou la force du sang, anecdote</ti>
<det>
<pl>Paris,</pl>
<y>1771,</y>
<f>in-8</f>
</det>
<bib>B Q</bib>
<ae>Autre édition: - Il se peut que le conte qui paraît sous ce titre dans les Récréations de la toilette, 1775, soit l’ouvrage de Garnier. V. 75.9.</ae>
</entry>
</document>

<document>
<entry>
<id>71.27</id>
<au>JULLIEN, Jean-Auguste, dit</au>
<ti>Desboulmiers Trapue, reine des Topinainboux ou la maîtresse femme, conte pour servir de suite aux contes du même auteur</ti>
<det>
<pl>Amsterdam &amp; Paris.</pl>
<pb>Lejay,</pb>
<y>1771,</y>
<f>in-12,</f>
<p>307p.</p>
</det>
<bib>A BN+ Catll xxxii 1771; LV B Delcro Mornet Q</bib>
<res>
<r_p>3e personne, avec un long récit intercalé;</r_p>
<r_c>le royaume des Topinamboux (près du fleuve des Amazones), l’ile des Féli-ciens; le prince des Margajats, la reine Trapue, Candor, Blandine; voyages, critique des mœurs et des institutions;</r_c>
<r_s>ton satirique.</r_s>
</res>
<ae>Autre édition: - Genève, 1772, in-12 (BM, Gay)</ae>
</entry>
</document>

<document>
<entry>
<id>71.28</id>
<au>L AM BERT, abbé Claude-François</au>
<s>m</s>
<ti>Relation singulière ou le courrier des Champs Elisées</ti>
<det>
<pl>Cologne &amp; Paris,</pl>
<pb>Ch. Guillaume,</pb>
<y>1771,</y>
<f>in-8,</f>
<p>126p.</p>
</det>
<bib>BNt AL 1771 VI 260-264; CatH xxxiv 1771 B Gay Q</bib>
<res>
<r_c>En marge: voyage allégorique aux Champs-Elysées, suivi par des dialogues des morts sur des sujets littéraires.</r_c>
</res>
<ae>Autre édition: - Cologne &amp; Paris, Fétil, 1772, in-8, 126p. (BN)</ae>
</entry>
</document>

<document>
<entry>
<id>71.29</id>
<au>LAUS DE BOISSY, Louis de et</au>
<ti>Mes délassements ou recueil choisi de contes moraux et historiques traduits de différentes langues par mademoiselle M. de Morville</ti>
<det>
<pl>Paris,</pl>
<pb>Pillot</pb>
<pl>&amp; Rouen,</pl>
<pb>Leboucher,</pb>
<y>1771 (part. I-II) — 1772 (part. III),</y>
<f>3 part, in-12,</f>
<p>318, 328, 280p.</p>
</det>
<bib>At BNt (t.I seulement) CatH xvii 1771, xxxviii 1772; CorrL sept. 1772; LV Delcro Dufrenoy Gay Mornet O</bib>
<ex>Q attribue l’ouvrage â madame de Rome. Selon l’Avertissement, ‘cette collection renfermera très-peu de contes originaux’; elle ‘aura six volumes, qui paroîtront de trois mois en trois mois’.</ex>
<res>
<r_st>/, 1-47, Freyveli ou le bienfait n’est jamais perdu (trad. de l’allemand); 48-74, Lindane ou la religieuse par dépit (trad. de l’anglais): 75-110, Almanzor ou le sort des métromanes (trad. de l’allemand); 111-142, Céphise ou l’amante comme il y en a peu, historiette italienne; 143-183, Le congrès de Cythère (trad.del’italien Id’Algarotril); 184-223, L’égoisme dévoilé et justifié ou l’effet merveilleux du tabac de Mazulipatan, conte indien; 224-261, Les amans volages (trad. de l’allemand): 262-305, Les dangers d’une éducation négligée (trad. de l’allemand). II, 1-86, L’école des amants; 87-212, Le Turc généreux ou l’homme comme il y en a peu; 213-248, Où est le bonheur?; 249-280, Le digne citoyen; 281-320, Léodamas, histoire ancienne; 321-328, Le déluge. III, 1-74, Les hommes (trad. de l’anglais); 75-170. Aruns et Lucumon. anecdote gauloise (trad. de l’allemand): 171-214, Mohamed et Zaphie, conte arabe (trad. de l’anglais); 215-255, Mahmed ou les époux malheureux, anecdote traduite de l’italien; 256-280, Le souhait, idylle de M. Gessner (trad. de l’allemand).</r_st>
</res>
</entry>
</document>

<document>
<entry>
<id>71.30</id>
<au>LECOMTE</au>
<ti>Lettres du chevalier d’Origny à son ami Mercourt</ti>
<det>
<pl>Amsterdam &amp; Paris,</pl>
<pb>veuve David,</pb>
<y>1771,</y>
<f>2 part, in- 12,</f>
<p>viii + 207, 224p.</p>
</det>
<bib>At BNt CatH xlvi 1770, xlvii 1771; LV Gay Mornet</bib>
<res>
<r_p>Lettres;</r_p>
<r_pl>Paris;</r_pl>
<r_n>Dorigny, Mercourt, Eerville;</r_n>
<r_c>les aventures galantes et les malheurs d’un jeune homme qui mène une vie trop libre;</r_c>
<r_s>observations morales.</r_s>
</res>
</entry>
</document>

<document>
<entry>
<id>71.31</id>
<au>LÉONARD, Nicolas-Germain</au>
<ti>Poésies pastorales par monsieur Léonard</ti>
<det>
<pl>Genève &amp; Paris,</pl>
<pb>Lejay,</pb>
<f>in-8,</f>
<p>x + 222p.</p>
</det>
<bib>BM BNt AL 1771 V 73-98; CatH xxviii 1771 Kcrby. Mornet</bib>
<res>
<r_st>Pp. 133-222, Pièces détachées en vers et en prose: 147-154, Rosette, conte pastoral; 163-222, Lettres de Sainville et de Sophie (lettres d’amour sensibles et mélancoliques).</r_st>
</res>
<ae>Autres éditions: - ds Œuvres diverses, Liège, Desoër, 1777, in-8,332p. (Bruxellest, La Haye, Lausanne, CtY, MB) - ds Œuvres. 4e édition, Paris, Prault, 1787, 2t. in-12 (BMt, BN, Kerby, 0) - ds Œuvres, quatrième édition, Paris, Prault, 1788 3 t. in-12 (Slatkine) - ds Œuvres, 5e édition, Avignon, an III 1795, 3t. in-12 (DLC) - dsŒuvres. LI, Paris, Didot jeune, an VI-1798 3t in-8 (BMt, BN, Q)</ae>
</entry>
</document>

<document>
<entry>
<id>71.32</id>
<au>LOEN, Johann Michael von trad. par madame de ROME t née Marné de</au>
<ti>Morville L’homme juste à la cour ou les mémoires du C.D.R.</ti>
<det>
<pl>Berlin &amp; Paris,</pl>
<pb>Pillot,</pb>
<y>1771,2</y>
<f>part, in- 12,</f>
<p>244, 264p.</p>
</det>
<bib>A BNt AL 1771 IV 313-321; CatH xxii 1771; LV B Delcro Q</bib>
<ex>Le titre de départ porte: L’homme juste à la cour ou le comte de Rivera.</ex>
<tr>Trad. de Der redtiche Mann am Hofe, oder die Begebenheiten des Grafen von Rivera. 1740.</tr>
<res>
<r_p>3e personne, avec récits intercalés Ire personne;</r_p>
<r_pl>cour d’Aquitaine;</r_pl>
<r_n>Ménandre de Rivera. M. Be/lamont, le duc de Sandille, la comtesse de Monteras;</r_n>
<r_c>intrigues de cour, histoires d’amour, éléments pseudo-historiques;</r_c>
<r_s>sensibilité.</r_s>
</res>
</entry>
</document>

<document>
<entry>
<id>71.33</id>
<au>MACPHERSON, James et des AUTEURS INCONNUS et trad. par Pierre-Prime-Félicien LE TOURNEUR</au>
<ti>Choix de contes et de poésies erses, traduits de l’anglois par M. Le Tourneur</ti>
<det>
<pl>Amsterdam &amp; Paris,</pl>
<pb>Le Jay,</pb>
<y>1771 (t.I) — 1772 (t.II),</y>
<f>2 part. in-12,</f>
<p>246, 197p.</p>
</det>
<bib>BNt AL 1772 III 28-37; CatH xv 1772 Clayton Cushing Rochedieu VanTieghem. Ossian</bib>
<ti>Le frontispice du t.II ne porte pas le nom du traducteur. Van Tieghem doute que les traductions d’Ossian au moins soient de Le Tourneur lui-même, croyant y voir plutôt la main d’un collaborateur de celui-ci. Les contes du premier tome paraissent être des extraits de périodiques anglais.</ti>
<res>
<r_st>I. 5-17, Eudoxie ou le beau projet de solitude; 18-31, Le chercheur de fortune; 32-62, Ne jugez point sur l’apparence; 63-79, L’heureuse rencontre ou la vertu récompensée; 80-88, Le ministre philosophe; 89-102, Où trouver des amis?; 103-113, Le ministre berger; 114-122, L’amant avare; 123-146, L’amitié fraternelle; 147-153, Le cadet généreux; 154-165, Lysandre ou le mariage par hasard; 166-175, Les bains de mer ou le remède contre la rage; 176-199, Anningait et Ajul ou les amours du Groenland; 200-246, Flavilla ou l’imprudence punie comme le vice. II, 5-14, Description d’une nuit du mois d’octobre dans le Nord de l’Ecosse; 15-23, Oithona; 24-29, Ossian; 30-37. Les malheurs d’Armin; 38-41, Dédicace d’ttn monument de paix posé par deux frères; 41-46, Lamor et Hidallan; 47-49, Minvane; 49-60, Calton et Colmar; 60-63, L’amour et l’amitié; 63-64, Apparition d’un fantôme: 65-71. Oina; 72-76, Minona; 77-79, Lathmon; 93-197, Lettres angloises /dissertations sur des questions de morale et sur les mœurs!.</r_st>
</res>
<ae>Autre édition: - Choix de contes et de poésies erses [sans nom de traducteur! , Amsterdam &amp; Paris, Lejay, 1772, 2 part, in-12, 246, 197p. (BMt, BNt (t. I), B, Q)</ae>
</entry>
</document>

<document>
<entry>
<id>71.34</id>
<au>MARÉCHAL, Pierre-Sylvain</au>
<ti>Le temple de l’hymen dédié à l’amour, suivi d’une anecdote véritable</ti>
<det>
<pl>Genève &amp; Paris.</pl>
<pb>Roset.</pb>
<y>1771,</y>
<f>in - 12,</f>
<p>v + 129p.</p>
</det>
<bib>A BNt CatH viii 1771 B Gay Karmin Q</bib>
<ex>Description allégorique du temple de l’hymen, suivie de Que la vertu est puissante (pp. 105-129), anecdote racontant les amours de Sophie et d’Emile.</ex>
</entry>
</document>

<document>
<entry>
<id>71.34bis</id>
<au>MASSON DE PEZAY. Alexandre-Frédéric-Jacques</au>
<ti>Les soirées helvétiennes, alsaciennes et francomtoises</ti>
<det>
<pl>Amsterdam &amp; Paris,</pl>
<pb>Delalain,</pb>
<y>1771,</y>
<f>in-8,</f>
<p>419p.</p>
</det>
<bib>A BM BN CatH xlix 1771; LV B Delcro Q</bib>
<res>
<r_c>Récils de voyage sans éléments romanesques, avec, pp.284-308, Anecdote singulière et morale ... (Histoire de Zipéa): conte moral (3e personne) à l’appui de la proposition selon laquelle l’homme est naturellement sociable.</r_c>
</res>
<ae>Autre édition: - Londres, 1772, 2t. in-12 (B, Q) Autres éditions de l’Histoire de Zipéa: - ds Œuvres agréables et morales ou variétés littéraires du marquis de Pezai, Liège, Lemarié, 1792, 2t. in-8, xxxii + 292, 284p. (Bruxelles!, JP 9.L92) - ds Œuvres agréables et morales..., Liège, Lemarié, 1797, 2t. in-12 (Monglond) - ds Œuvres érotiques et morales, cinquième édition, Paris &amp; Liège, Lemarié, an 7-1799, 2t. in-18, xxxii + 102 (pour 202), 248p. (BNt)</ae>
</entry>
</document>

<document>
<entry>
<id>71.35</id>
<au>MASSON DE PEZAY, Alexandre-Frédéric-Jacques</au>
<ti>Les tableaux, suivis de l’histoire de mademoiselle de Syane et du comte de Marcy</ti>
<det>
<pl>Amsterdam &amp; Paris.</pl>
<pb>Delalain.</pb>
<y>1771,</y>
<f>in-8,</f>
<p>126p.</p>
</det>
<bib>A BM BNt CatH xii 1771; LV B Delcro Gay Momet Q</bib>
<ex>Descriptions de sujets de tableaux qui frisent le conte moral.</ex>
<res>
<r_st>Pp. 64-68, Les époux heureux; 89-126, Histoire de mademoiselle de Syane: 3e personne; province (Bordeaux); noblesse; amours contrariées; sensibilité, simplicité des moeurs, vertu.</r_st>
</res>
<ae>Autres éditions: - s.d., in-12 (Gay) Les époux heureux (sous le titre: Les époux comme il y en a) et l’Histoire de mademoiselle de Syane (sous le titre: L’intrigue odieuse manquée) ont été réédités dans les différentes éditions des Œuvres de Masson de Pezay (v.71.34bis).</ae>
</entry>
</document>

<document>
<entry>
<id>71.36</id>
<au>MERCIER, Louis-Sébastien</au>
<ti>L’an deux mille quatre cent quarante, rêve s’il en fut jamais</ti>
<det>
<pl>Amsterdam,</pl>
<pb>E. Van Harrevelt,</pb>
<y>1771,</y>
<f>in-8,</f>
<p>viii + 416p.</p>
</det>
<bib>Genève MH CorrL déc. 1771 B Béclard Benn Delcro Q</bib>
<ex>Dans l’Avis de l’auteur de l’édition de 1786, Mercier écrit: ‘J’ai publié la première édition de cet ouvrage en 1770; je le fis imprimer à Amsterdam chez feu Van-Harrevelt, et je n’y ai pas retouché depuis. Je le réimprime, cette présente année 1786, en trois volumes, avec de nouveaux chapitres &amp; notes. Je désavoue pleinement &amp; entièrement les éditions, ou plutôt les contrefaçons qui ont paru depuis 1770 jusqu’à ce jour.’ Nous n’avons pu retrouver un exemplaire portant la date de 1770; et Bachaumont, Mémoires secrets, 16 août 1771, dit: ‘11 paroît un nouveau Livre sous le titre baroque de L’An Deux Mille Quatre Cent Quarante . . . Nous croyons donc que l’ouvrage a pu être publié en 1770, probablement vers la fin de l’année, mais qu’il portait déjà la date de 1771. Dans l’édition de 1786, l’auteur s’élève en même temps contre un ‘brigandage nouveau’ commis par ‘Les contrefacteurs de Neuchâtel en Suisse’: une réédition augmentée de ‘plusieurs chapitres de mes autres ouvrages’. 11 s’agit certainement de l’édition de 1785 citée dessous. Pour la liste des rééditions nous sommes largement redevables au Dr. Benn.</ex>
<res>
<r_p>Ire personne;</r_p>
<r_c>rêve de l’avenir, critique des mœurs et des institutions;</r_c>
<r_s>ton satirique.</r_s>
</res>
<ae>Autres éditions: - Londres, 1771, in-8, viii + 416p. (A, BM, BNt, Benn, Q) - Londres, 1772, in-8, viii + 416p. (Châlons-sur-Marne, Univ. de Liège, Benn) - Londres, 1772, in-8, vii + 416p. (Bruxelles, Leeds, Nantes, Benn) — Londres, 1772, in-8, xii -t- 402p. (Amiens, Univ. de Besançon, Chalon-sur Saône, Benn). NN possède un exemplaire: Londres, 1772, xii + 402p., mais le catalogue indiquc‘in-12*. Seraut-ce une erreur pour cette édition, ou pour l’édition suivante? — Londres, 1772, in-8, xii + 402p. (BN, Benn) — Londres, 1772, in-8, 458p. (BMt, Benn) — Londres, 1772, in-12, 458p. (Halle, Benn) — Neuchâtel, 1772, in-8, viii + 319p. (Leeds, Benn) — Leipzig, Schwickert, 1772, in-8 (Benn, Heinsius) — Dresden, Walther, 1772, in-8 (Benn, Kayser, Heinsius) — Londres, 1773, in-8 (Cat. du libraire Van Harrevelt à la fin de Mercier, Du théâtre, 1773; Benn) — Londres, 1773, in-12, xiii + 479p. (BN, Benn). Le catalogue de la BN donne, par erreur, ‘in-8’. — ... nouvelle édition, revue et corrigée par l’auteur..., Londres, 1774, in-8, xii + 410p. (BM, Benn). Contient des pages apocryphes qui renversent le jugement de Mercier sur Rousseau et Voltaire. — Londres, 1775, in-8, viii + 472 + iiip. (Clermont-Ferrand, Dusseldorf, Lausanne, Orléans, Dublin Trinity, Benn) — Londres, 1775, in-12, viii + 404p. (BN, Benn, Q) — Leipzig, Vogel, 1775, in-12 (Benn, Heinsius, Kayser) — Londres, 1776, in-8, viii + 382p. (A, Benn) — ... nouvelle édition, exactement corrigée et augmenté d’un volume, Londres, 1785, 2t. in-8 (A, BN, Benn). Edition augmenté d’extraits d’autres ouvrages de Mercier (v. ci-dessus). — Londres, 1785, 2t. in-12 (Reims, Benn) — Londres, 1786, 3t. in-8, xvi +380, 381,312p. (At, BNt, B, Béclard, Benn). Edition augmentée (v. 86.50) — s.l., 1786, 3t. in-8, xvi + 380, 381, 312p. (CSmHt, Leeds, Benn) — s.l., 1786, 3t. in-12, xvi + 380, 381,312p. (Beaune IUt, MH, PUt, Benn) — s.l., 1787, 3t. in-8 (BM, BN: t.II, III, Benn, Q) — Londres, 1787, 3t. in-8 (Amiens, Benn) — s.l., 1791,3t. in-12 (Berne, Dublin, Manchester, OCH, Benn) — s.l., 1793, 3t. in-12 (BN, Benn) — s.l., 1794, 3t. in-8 (Louvain, Benn) — s.l., 1795, 3t. in-12 (Benn, Ersch) — Amsterdam, 1795 (exemplaire personnel de Werner Krauss, Benn) — Paris, Brosson et Carteret, Dugour et Durand, an VII, 3t. in-8, xl + 356 (pour 348), 346, 349p. (BN, CSmH, B, Béclard, Benn) — Paris, Lepetit jeune et Gérard, an X, 3t. in-8 (Lausanne, Leeds, Benn)</ae>
</entry>
</document>

<document>
<entry>
<id>71.37</id>
<au>NOUGARET, Pierre-Jean-Baptiste</au>
<ti>Les mille et une folies, contes français par M. N***</ti>
<det>
<pl>Amsterdam &amp; Paris,</pl>
<pb>veuve Duchesne,</pb>
<y>1771,4</y>
<f>t. in- 12,</f>
<p>xvi + 480, 431,432,460p.</p>
</det>
<bib>A BM BNt AL 1771 V 326-333; CatH v 1771; LV B Delcro Dufrenoy Gay Mornet Q</bib>
<res>
<r_p>3e personne, avec récits intercalés Ire et 3e personne (découpés en petites divisions appelées folies’);</r_p>
<r_pl>France;</r_pl>
<r_n>le baron d’Urbin, Mlle d’Urbin, l’abbé Tartuffe, le marquis d’Illois, etc.;</r_n>
<r_c>peinture des moeurs dans une multitude d’anecdotes;</r_c>
<r_s>intentions moralisatrices.</r_s>
</res>
<ae>Autres éditions: Amsterdam &amp; Paris, veuve Duchesne, 1776, 4 t. in-12 (BN) — Paris, veuve Duchesne, 1784, 4 t. in-12 (Gay) - Londres, 1785, 8 t. pet. in- 12 (MB, NjP, Gay) Paris, veuve Duchesne, 1786, 4 t. in-12 (Gay)</ae>
</entry>
</document>

<document>
<entry>
<id>71.38</id>
<au>PFEIL, Johann Gottlob Benjamin trad. par madame de t ROME, née Marné de</au>
<ti>Morville L’homme tel qu’il est ou mémoires du comte de P***, écrits par lui-même, traduits de l’allemand sur la 4c édition par Mlle de Morville</ti>
<det>
<pl>Amsterdam &amp; Paris,</pl>
<pb>Valade,</pb>
<y>1771,2</y>
<f>part, in- 12,</f>
<p>viii + 236, 226p.</p>
</det>
<bib>A BNt CatH xviii 177I;CorrL mai 1771; LV B Dufrenoy Mornet Q</bib>
<ex>Le faux titre porte: Les mémoires du comte de P***.</ex>
<tr>Trad. de Die Geschichte des Grafen von P., I 755</tr>
<res>
<r_p>Ire personne, avec courts récits intercalés Ire personne;</r_p>
<r_pl>Allemagne, France;</r_pl>
<r_s>le comte</r_s>
</res>
<au>de P...... Mlle de R...., M. F...... Julie, Fanchon, M.</au>
<res>
<r_p>Je personne;</r_p>
<r_pl>province, Paris;</r_pl>
<r_n>le marquis de T***, Hélène, Juliette d’E***, Teveneht. . .;</r_n>
<r_c>aventures et égarements d’un jeune seigneur, histoires de famille, incidents romanesques;</r_c>
<r_s>roman d’éducation, thèmes philosophiques.</r_s>
</res>
</entry>
</document>

<document>
<entry>
<id>71.39</id>
<au>RÉTIF DE LA BRETONNE, Nicolas-Edme</au>
<ti>Le marquis de T*** ou l’école de la jeunesse, tirée des mémoires recueillis par N.-E.-A. Desforets, homme-d’affaires de la maison de T***</ti>
<det>
<pl>Londres &amp; Paris,</pl>
<pb>Humblot,</pb>
<y>1771,4</y>
<f>part, in-12,</f>
<p>192, 164, 200, 182p.</p>
</det>
<bib>A BMt AL 1773 II 69-70; CatH xiii 1771 ; CorrL mars 1771 ; LV B Gay Mornet Q Rives Childs</bib>
<ex>Gay donne le titre: École de la jeunesse, mais Rives Childs n’en a pas vu d’exemplaire qui le porte.</ex>
<res>
<r_st>L’avertissement promet des extraits de vieux auteurs, avec quelques récits de l’cditeur. I, 1-9, L’abus du pouvoir; 9-38, L’amant de Paris et l’amoureux d’Espagne; 39-48, L’anneau; 48-52, L’armoire; 52-69, Les deux bagues; 71-85, La boete et le songe; 86-87, Les coups de canne payés; 87-92, Le cèdre; 93-98, Les trois chapeaux; 99-105, Le clou; 106-J16, La confidante; 117-118, L’adieu à la Conti; 119-129, Les courtisans et le roi; 129-135, La déesse; 136-138, Les diamans; 138-153, L’Ecossais; 153-156, L’épée luisante; 157-162, L’époux de Minerve; 162-163, L’esturgeon; 164-182, La femme de deux maris; 182-185, La plainte des femmes; 186-191, Le fer rouge; 191-198, L’embarras d’être fille; 199-201, La fille sage; 202-207, La plus grande des folies; 208-212, Le génie et la loi; 212-215, L’haleine. II, 1-12, L’homme et les femmes; 13-17, Le juge; 18-21, Les deux jumeaux; 21-25, Le coffre au linge; 25-33, La Lucrèce moderne; 33-47, Le marché; 48-63, Le mari de deux femmes; 64-68, De quoi se mêlait-elle?; 69-74, Le mépris; 74-89, La bonne mère; 89-94, La mère et le fils; 95-102, La mère qui ne l’est pas; 102-106, La naissance; 107-112, L’offrande; 112-115, Le philosophe; 116-119, Le poète; 121-123, Le poète gascon; 124-128, Le poignard; 128-133, Le présent double; 133-139, La petite prétention d’une grande reine; 139-142, La preuve équivoque; 143-159, Le jeune prince; 159-163, Les princes et le talent; 164-167, Le prisonnier sauvé; 168-170, Le procès; 171-176, Les cinq maris et la pucelle; 176-182, La querelle de ménage; 183-185, Le sang froid; 186-192, Le secret; 193-197, Les trois sœurs; 197-204, Le soufflet; 205-211, La souris; 212-214, La superstition; 214-221, Le faux témoin; 222-227, Il était tems; 222-233, L’habile Turc; 234-240, La vanité punie; 240-242, Les vases brisés; 242-249, Le veuf marié; 250-252, L’excès du vin.</r_st>
</res>
<ae>Autre édition: — Londres &amp; Paris, Le Jay, 1771,4 part, in-12 (MH, Gay, 0, Rives Childs)</ae>
</entry>
</document>

<document>
<entry>
<id>71.40</id>
<au>SAVIN</au>
<s>c</s>
<ti>Le manuel amusant par l’auteur de VElu et son président, de Robinson dans son isle, etc., 2e édition</ti>
<det>
<pl>Londres &amp; Paris,</pl>
<y>1771,</y>
<f>2 t.in- 12</f>
</det>
<bib>B</bib>
<ex>Nous n’avons vu que l’édition de 1775.</ex>
<res>
<r_p>3e personne;</r_p>
<r_c>Zéphirine, Alcidor, Dorival: une femme trompée par son mari reste vertueuse;</r_c>
<r_s>ton léger, mais intentions moralisatrices.</r_s>
</res>
<ae>Autres éditions: — Mes soirées ou le manuel amusant, Neuchâtel, Société typographique &amp; Paris, rue Saint-Jean de Beauvais, 1775, 2 t. in-12, 215, 252p. (At, BM, B. Mornet, Q) - Facéties agréables ou recueil de contes historiques et comiques par W.G.M., s.1., Chambon, 1794, 2t., 200, 196p. (At, B, Monglond). Les sources que nous citons n’indiquent pas qu’il s’agit d’une réédition de l’ouvrage de Savin.</ae>
</entry>
</document>

<document>
<entry>
<id>71.41</id>
<ti>SAVIN Zéphirine ou l’époux libertin, anecdote volée par l’auteur d’Adélaïde</ti>
<det>
<pl>Amsterdam,</pl>
<y>1771,</y>
<f>in-8,</f>
<p>iv + 128 (pour 118) p.</p>
</det>
<bib>A BM BNt CatH xxxviii 1771 B Delcro Gay Momet Q</bib>
<ex>L’ouvrage est généralement attribué à Charles-Georges-Thomas Garnier, sans doute à cause du nom ‘Adélaïde’ dans le titre de deux ouvrages de cet auteur: Adélaide ou la force du sang (v. 71.26), et Adélaide ou le combat de l’amour et du préjugé, drame de société, 1771. Cependant nous croyons, avec Delcro, que l’ouvrage en question serait plutôt celui de Savin, Adélaïde ou l’amour et le repentir, anecdote volée (v. 69.60).</ex>
<res>
<r_p>Lettres contenant une narration Ire personne;</r_p>
<r_pl>Amsterdam, Londres:</r_pl>
<r_n>M. D’Olban, Roman. Hébert</r_n>
<r_c>(bourgeois, négociants), un libre penseur explique à son maître à penser comment il est revenu au christianisme;</r_c>
<r_s>intentions édifiantes et pieuses.</r_s>
</res>
</entry>
</document>

<document>
<entry>
<id>71.42</id>
<au>VERNES, Jacques</au>
<ti>Confidence philosophique</ti>
<det>
<pl>Londres,</pl>
<y>1771,</y>
<f>in-8,</f>
<p>viii + 381p.</p>
</det>
<bib>BMt AL 1771 IV 194-209, 1776 VIII 73-100; CorrL juillet 1771; LV B</bib>
<ex>Les éditions soi-disant ‘augmentées’ ne contiennent presque pas de nouveaux éléments, mais les lettres sont arrangées d’une façon différente.</ex>
<res>
<r_st>Pp. 5-32, Endymion; 33-70, Le jugement de Paris; 71-104, Junon et Ganymède; 105-152, Aurore et Céphale.</r_st>
</res>
<ae>Autres éditions: - 1772, in-8 (Q) - ... seconde édition revue et augmentée, Genève, 1776, 2 t. in-8, ii + 216, 208p. (A, BNt, B) - ... troisième édition revue et augmentée, Genève, Du Villard fils et Nouffer, 1779, 2 t. in-8, 212, 230p. (BMt BNt, JP l.iii.80) - ... quatrième édition revue et fort augmentée, Londres, 1788, 2t. in-8, vüi + 220, 237p. (BNt, JL xii 1788) — Paris, Lagrange, 1788 (Weller)</ae>
</entry>
</document>

<document>
<entry>
<id>71.43</id>
<au>WIELAND, Christoph Martin trad. parGeorg Adam JUNKER</au>
<s>mt</s>
<ti>Contes comiques, traduites de l’allemand par M. M***</ti>
<det>
<pl>Francfort,</pl>
<pb>Varentrapp</pb>
<pl>&amp; Paris,</pl>
<pb>Fétil</pb>
<pl>&amp; Chalons</pl>
<pb>sur Saône, Delivani,</pb>
<y>1771,</y>
<f>in-8,</f>
<p>152p.</p>
</det>
<bib>At BNt CatH xxxi 1771; LV B Gay Q Steinberger</bib>
<ex>Le premier de ces contes, Endymion, a été publié à part cette même année (v. l’article suivant, 71.44), et la traduction est attribuée à d’Ussieux. Pourtant Junker est censé être le traducteur du volume entier, ce qui est évidemment contradictoire. Aucun des deux noms ne semble être suggéré par l’indication: ’par M. M***’, dans le titre des Contes. Traduction en prose d’un original en vers: Comische Erzâhlun-gen, 1765.</ex>
<res>
<r_p>3e personne;</r_p>
<r_pl>cadre pastoral (âge d’or);</r_pl>
<r_n>Endymion, Damilis, Nymphes:</r_n>
<r_c>aventures galantes;</r_c>
<r_s>ton leste.</r_s>
</res>
<ae>Autres éditions: - 1772, in-8 (Steinberger) — Steinberger</ae>
<ex>donne une version du Jugement de Paris pour 1793, mais sans détails. Nous ne savons pas si c’est la même traduction que celle-ci, ni même s’il s’agit d’une traduction en prose. V. aussi 71.44, Autre édition.</ex>
</entry>
</document>

<document>
<entry>
<id>71.44</id>
<au>WIELAND, Christoph Martin trad. par</au>
<ti>Louis d’USSIEUX mt Endymion, conte comique</ti>
<det>
<pl>Copenhague &amp; Paris,</pl>
<pb>Fétil,</pb>
<y>1771,</y>
<f>in-8,</f>
<p>32p.</p>
</det>
<bib>BNt CatH xxiii 1771; CorrL mai 1771 Steinberger</bib>
<ex>Cet ouvrage, avec sa page de titre, fait partie aussi des Contes comiques de Wieland. Pour les détails de ce recueil, et le problème des traducteurs, v. 71.43.</ex>
<tr>Trad. d’Endymion, extrait des Comische Erzàhlungen, 1765.</tr>
<res>
<r_p>3e personne;</r_p>
<r_pl>Grèce antique, cadre pastoral;</r_pl>
<r_n>les Grâces, Amour, Baccltus;</r_n>
<r_c>bergerie.</r_c>
</res>
<ae>Autre édition: - ... suivi du Jugement de Paris, s.l.n.d.. in-8, 52p. (B. Q)71.45</ae>
</entry>
</document>

<document>
<entry>
<id>71.45</id>
<au>WIELAND. Christoph Martin trad. par Georg Adam JUNKER</au>
<s>nt</s>
<ti>Les Grâces et Psyché entre les Grâces, traduites de l’allemand de M. Wieland par M. Junker de l’Académie des belles-lettres de Goettingen</ti>
<det>
<pl>Francfort,</pl>
<pb>François Varentrapp</pb>
<pl>&amp; Paris,</pl>
<pb>De Hansy le jeune, Bastien</pb>
<pl>&amp; Chalons</pl>
<pb>sur Saône, Delivani.</pb>
<y>1771,</y>
<f>in-8,</f>
<p>145p.</p>
</det>
<bib>A BNt AL 1771 VII 89-91; LV Q Steinberger</bib>
<tr>Trad. de Die Grazien. ein Gedicht in sechs Bücltern, 1770. L’original est en prose, avec des vers. Une autre traduction de cet ouvrage a été publiée en 1771 par Louis d’Ussieux (v. 71.46).</tr>
<res>
<r_p>3e personne;</r_p>
<r_pl>France;</r_pl>
<r_n>madame de Moncrif le comte de C.. . Louise. Dormond;</r_n>
<r_c>intrigue sentimentale;</r_c>
<r_s>sensibilité, vertu.</r_s>
</res>
</entry>
</document>

<document>
<entry>
<id>71.46</id>
<au>WIELAND, Christoph Martin trad. par Louis d’USSIEUX</au>
<s>t</s>
<ti>Les Grâces, imitation de l’allemand par M. d’Ussieux</ti>
<det>
<pl>Londres &amp; Paris,</pl>
<pb>Fétil,</pb>
<y>1771,</y>
<f>in-8,</f>
<p>iv + 74p.</p>
</det>
<bib>BNt CorrL mai 1771 Steinberger</bib>
<tr>Trad. de Die Grazien, ein Gedicht in sechs Büchern, 1770.’ Pour d’autres détails, v. la version publiée par Junker (71.45).</tr>
</entry>
</document>

<document>
<entry>
<id>71.47</id>
<au>ZACHARIAE, Friedrich Wilhelm trad. par Georg Adam t JUNKER</au>
<ti>Louise ou le pouvoir de la vertu du sexe, conte moral, traduit de l’allemand par M. Junker de l’Académie des belles-lettres de Goettingen</ti>
<det>
<pl>Francfort,</pl>
<pb>François Varentrapp</pb>
<pl>&amp; Paris,</pl>
<pb>De Hansy, Bastien</pb>
<pl>&amp; Chalons-sur-Saône.</pl>
<pb>De Liviani,</pb>
<y>1771,</y>
<f>in-8,</f>
<p>v + 99p.</p>
</det>
<bib>A BNt AL 1771 Vil 66-72; CatH xl 1771 B Q</bib>
<ex>Holzmann-Bohatta attribuent l’ouvrage allemand plutôt à Hans Ernest Teubem.</ex>
<tr>Trad. de Louise oder die Macht weiblicher Tugend, 1768.</tr>
<res>
<r_p>3e personne, avec récits intercalés 3e personne;</r_p>
<r_pl>Indes;</r_pl>
<r_n>Balacin, Banise, Kalémon, Akimir;</r_n>
<r_c>aventures romanesques, héroïques.</r_c>
</res>
<ae>Autre édition: - A a un exemplaire de ce qui parait être la même impression, mais avec une page de titre différente: ... Varentrapp &amp; Paris, Prévost &amp; Chalons-sur-Saône,...</ae>
</entry>
</document>

<document>
<entry>
<id>71.48</id>
<au>ZIEGLER UND KLIPHAUSEN, Heinrich Anselm von trad. par t CARPENTIER</au>
<ti>(ancien professeur de l’Université de Paris) Banise et Balacin ou la constance récompensée, histoire indienne</ti>
<det>
<pl>Londres,</pl>
<y>1771,</y>
<f>4 part, in- 12,</f>
<p>170, 247, 244, 207p.</p>
</det>
<bib>A BNt CorrL nov. 1773; LV Dufrenoy Gay</bib>
<ex>Aucun bibliographe ne s’étant rendu compte, jusqu’à présent, que l’ouvrage est une traduction, Carpentier est nommé partout comme l’auteur.</ex>
<tr>Trad. de Die asiatische Banise, 1689.</tr>
<res>3e personne, avec récits intercalés 3e personne; Indes; Balacin, Banise, Kalémon, Akimir; aventures romanesques, héroïques.</res>
<ae>Autres éditions: - Londres &amp; Paris, Costard et Cie, 1773, 4 t. in-12 (B, Q) - Londres, 1774, 4 t. in-12 (BN)</ae>
</entry>
</document>

</root>