<root>

<document>
<entry>
<id>73.1</id>
<au>L’aventurier chinois</au>
<det>
<pl>Pékin &amp; Paris,</pl>
<pb>Mérigot le jeune,</pb>
<y>1773,</y>
<f>in-12,</f>
<p>ii + 202p.</p>
</det>
<bib>At BM CatH vi 1773; LV B Dufrenoy Gay Momet</bib>
<res>
<r_p>3e personne, avec récils intercalés 3e personne;</r_p>
<r_pl>Kanton. Pékin:</r_pl>
<r_n>Schouwia-Kan, Dolwerte, le Soupdar, Myredorb;</r_n>
<r_c>aventures romanesques et galantes.</r_c>
</res>
</entry>
</document>

<document>
<entry>
<id>73.2</id>
<ti>Histoire de la dernière révolution arrivée en Danemark, écrite m de la propre main de Sa Majesté la Reine Caroline Mathilde pendant sa détention au château de Kroonenbourg, envoyée depuis peu au comte de ***, copiée sur l’original, traduite de l’anglois</ti>
<det>
<pl>Rotterdam,</pl>
<pb>J.-F. Ebert</pb>
<pl>&amp; Genève,</pl>
<pb>Bardin,</pb>
<y>1773,</y>
<f>pet. in-8,</f>
<p>46p.</p>
</det>
<bib>BNt</bib>
<ex>L’attribution à la reine Caroline-Mathilde, donnée dans le catalogue de la BN, semble être des plus douteuses. Rochedieu assimile cet ouvrage aux Memoirs ofan Unfortunate Queen, 1776, de Charles Francis Sheridan (v. 76.10). Pour l’édition princeps de l’Histoire, Rochedieu donne les détails suivants: Amsterdam, J.-F. Ebert &amp; Genève, Bardin, 1783, in-8, ce qui suggère une confusion avec l’édition de 1773.</ex>
<res>
<r_c>En marge: récit à la première personne où la reine défend ses actions.</r_c>
</res>
<ae>Autre édition: - Paris, Belin, 1794, in-8 (Rochedieu)</ae>
</entry>
</document>

<document>
<entry>
<id>73.3</id>
<ti>Les orphelins de Perse, histoire orientale, tirée d’un manuscrit persan &amp; enrichie de notes curieuses &amp; instructives</ti>
<det>
<pl>Bruxelles &amp; Paris,</pl>
<pb>Valade,</pb>
<y>1773,</y>
<f>in-12,</f>
<p>228p.</p>
</det>
<bib>At CatH x 1773; LV Dufrenoy Momet</bib>
<res>
<r_p>3e personne;</r_p>
<r_pl>Perse (XVle-XVIIe siècle);</r_pl>
<r_n>Asara. Eulalis, Hisble, Muley, Mina;</r_n>
<r_c>intrigue sentimentale, aventures guerrières et romanesques;</r_c>
<r_s>éléments historiques.</r_s>
</res>
<au>175 72.R65 RICCOBONI, Marie-Jeanne Laboras de Mézières, madame Histoire de M. le marquis de Cressy 58.17 72.R66 RICCOBONI, Marie-Jeanne Laboras de Mézières, madame</au>
<ae>Lettres d’Adélaïde de Dammartin 67.44 72.R67 RICCOBONI, Marie-Jeanne Laboras de Mézières, madame Lettres d’Elisabeth Sophie de Vallière (2 rééditions) 72.32 72.R68 RICCOBONI, Marie-Jeanne Laboras de Mézières, madame Lettres de milady Juliette Catesby 59.22 72.R69 RICCOBONI, Marie-Jeanne Laboras de Mézières, madame Lettres de mistriss Fanni Butlerd 57.12 72.R7O RICCOBONI, Marie-Jeanne Laboras de Mézières, madame Recueil de pièces détachées 65.40 72.R71 RICHARDSON, Samuel trad. par l’abbé Antoine-t François PRÉVOST Nouvelles lettres angloises ou histoire du chevalier Grandisson 55.40 72.R72 ROUSSEAU, Jean-Jacques Julie et Lettres de deux amans 61.18 72.R73 ROUSSEAU, Jean-Jacques Œuvres 61.18 72.R74 ROUSSEAU, Jean-Jacques La reine Fantasque 58.18 Cette édition porte la date erronée de 1762. 72.R75 SAINT-LAMBERT, Jean-François, marquis de Fables orientales 69.58 ds Les saisons 72.R76 SWIFT, Jonathan trad. par l’abbé Pierre-François Guyot t DESFONTAINES Voyages du capitaine Lemuel Gulliver 62.R45 72.R77 USSIEUX, Louis d’ Le Décaméron françois 72.33 72.R78 USSIEUX, Louis d’ Henriette et Lucie 72.34 72.R79 VERNES, Jacques Confidence philosophique 71.42 72.R80 VOLTAIRE, François-Marie Arouet de Candide ou l’Optimisme (3 éditions) 59.25 72.R81 VOLTAIRE, François-Marie Arouet de Collection complette des œuvres et Œuvres (1772-73) 52.4373.4</ae>
</entry>
</document>

<document>
<entry>
<id>73.4</id>
<ti>Roman philosophique ou traité de morale moderne</ti>
<det>
<pl>Londres,</pl>
<y>1773,</y>
<f>in-12,</f>
<p>286p.</p>
</det>
<bib>At Momet</bib>
<res>
<r_p>3e personne, avec récits intercales Ire personne;</r_p>
<r_pl>Angleterre, France, Jamaïque;</r_pl>
<r_n>milord Dawers, miss Bawn, milady Bring, John, Fanny;</r_n>
<r_c>voyages, aventures, peinture des moeurs, thèmes philosophiques;</r_c>
<r_s>ton satirique.</r_s>
</res>
</entry>
</document>

<document>
<entry>
<id>73.5</id>
<ti>Rosalie ou la vocation forcée, mémoires de la comtesse d’Hes***</ti>
<det>
<pl>Amsterdam &amp; Paris,</pl>
<pb>J.F. Bastien,</pb>
<y>1773,</y>
<f>2 part, in-12,</f>
<p>239, 224p.</p>
</det>
<bib>A BNt CatH xxxii 1773; CorrL août 1773; LV Momet</bib>
<ex>CorrL donne comme titre: La vocation forcée, et ajoute: ‘Le public l’attribue à Mme Elic de Beaumont’. Aucune indication ne semble confirmer cette attribution.</ex>
<res>
<r_p>Lettres;</r_p>
<r_pl>Paris;</r_pl>
<r_n>Rosalie de Saint-Clat***, madame de Monte-ville, Dorbigni;</r_n>
<r_c>amours contrariées (une marâtre tâche de forcer sa fille à entrer en religion);</r_c>
<r_s>sensibilité, malheurs.</r_s>
</res>
</entry>
</document>

<document>
<entry>
<id>73.6</id>
<ti>Les soirées de Paphos</ti>
<det>
<pl>Paphos &amp; Paris,</pl>
<pb>Jacques-François Quillau,</pb>
<y>1773,</y>
<f>2 part, in-12,</f>
<p>168, 183p.</p>
</det>
<bib>A BM BNt CatH iv 1774; LV Dufrenoy Gay Momet</bib>
<res>
<r_c>Récits racontés à Vénus pendant son séjour à Paphos; Paris et Hélène; Pirame et Thisbé; Ariane et Thésée; Sapho et Phaon (cadre grec, scènes voluptueuses, style poétique).</r_c>
</res>
</entry>
</document>

<document>
<entry>
<id>73.7</id>
<ti>Vie et aventures de Pierre Pinson, dit le chevalier</ti>
<det>
<pl>Bero,</pl>
<pb>cordelier manqué Francfort</pb>
<pl>&amp; Paris,</pl>
<pb>Edme,</pb>
<y>1773,</y>
<f>2 t. in-12,</f>
<p>324, 318p.</p>
</det>
<bib>At AL 1773 I 94-109 Dufrenoy Momet</bib>
<res>
<r_p>Ire personne (mémoires);</r_p>
<r_pl>Versailles, Paris, province, différents pays européens;</r_pl>
<r_n>Pierre Pinson (fils d’un officier des plaisirs du Roi);</r_n>
<r_c>aventures pseudo-historiques d’un militaire qui fréquente les cours d’Europe et les grands princes. A la manière de Courtilz de Sandras.</r_c>
</res>
</entry>
</document>

<document>
<entry>
<id>73.8</id>
<ti>La voix de la nature ou mémoires de Rose et de Sainval *</ti>
<det>
<pl>Paris,</pl>
<pb>Dupuis,</pb>
<y>1773,</y>
<f>in-8</f>
</det>
<bib>CatH xi 1773 Gay</bib>
</entry>
</document>

<document>
<entry>
<id>73.9</id>
<au>ARNAUD, François-Thomas-Marie de Baculard d’</au>
<ti>Zénothémis, anecdote marseilloise par M. d’Arnaud</ti>
<det>
<pl>Paris,</pl>
<pb>Le Jay,</pb>
<y>1773,</y>
<f>in-8,</f>
<p>104p.</p>
</det>
<bib>A BNt AL 1773 IV 250, 1774 III 272-284; CatH xix 1773; CorrL août 1773 Dufrenoy Inklaar</bib>
<ex>C’est la première nouvelle du t.III des Épreuves du sentiment (v. 70.21).</ex>
<res>
<r_p>3e personne;</r_p>
<r_pl>Marseille (antiquité);</r_pl>
<r_n>Ménécrate, Zénothémis, Agathée, Cydipe;</r_n>
<r_c>amitié, amours, malheurs;</r_c>
<r_s>sensibilité effrénée.</r_s>
</res>
<ae>Autres éditions: - V. 70.21 — Maestricht, J.G. Dufour, 1773, in-18, 86p. (Bruxelles) Paris, Le Jay, 1774, in-12, 72p. (BNt). L’exemplaire de la BN fait partie du t.IV d’une édition des Œuvres complètes de M. d’Arnaud, 1775, mais la page de titre originale a été gardée. Delcro, Gay et</ae>
<ex>Q donnent une édition de 1763, mais l’approbation et le privilège sont datés du 31 août 1772. D’ailleurs Beaurieu fait allusion (p.72)à son Cours d’histoire naturelle, ouvrage qui a paru en 1770. L’exemplaire d’Arras ne se trouve plus dans la bibliothèque. Nous n’indiquons, dans notre description, que les morceaux romanesques du recueil.</ex>
<res>
<r_p>Ire personne (mais le narrateur n ’est pas le personnage principal), avec récits intercalés Ire personne;</r_p>
<r_pl>province, Madrid, Paris;</r_pl>
<r_n>le chevalier de Zermourt, le baron de Wolver, Adélaïde, le comte de Sternille, M. de Flerval;</r_n>
<r_c>intrigues sentimentales, malheurs, aventures romanesques;</r_c>
<r_s>passion, sensibilité.</r_s>
</res>
</entry>
</document>

<document>
<entry>
<id>73.11</id>
<au>BERNARD, Pierre-Joseph, dit Gentil-Bernard</au>
<ti>Les heureux malheurs ou Adélaïde de Wolver, par M. B***</ti>
<det>
<pl>Cologne &amp; Paris,</pl>
<pb>Valade,</pb>
<y>1773,</y>
<f>in-12,</f>
<p>xxv + 259p.</p>
</det>
<bib>A BNt CatH xiii 1773; LV Gay Momet</bib>
<ex>B, Mornet et Q donnent une édition de 1772 que nous n’avons pu retrouver.</ex>
<res>
<r_p>Ire personne, avec récits intercalés Ire personne;</r_p>
<r_pl>cadre oriental;</r_pl>
<r_s>voyages extraordinaires.</r_s>
</res>
<ae>Autre édition: — Les heureux malheureux ou Adélaïde..., Liège, de Boubers, 1774, 2 part, in-12 (BN, Momet)</ae>
</entry>
</document>

<document>
<entry>
<id>73.12</id>
<au>BIGNON, abbé Jean-Paul et Louis-Daniel COLSON n</au>
<ti>Les aventures d’Abdalla ou son voyage à l’isle de Borico, traduction de l’arabe, nouvelle édition, ornée de figures en taille-douce</ti>
<det>
<pl>La Haye &amp; Paris,</pl>
<pb>J.B.G. Musier, fils,</pb>
<y>1773,</y>
<f>2 t. in-12,</f>
<p>xxxix + 375, 503p.</p>
</det>
<bib>At BN CatH xxv 1773; LV B Gay Jones Q</bib>
<ex>L’ouvrage de Bignon a été publié en 1712 et réédité en 1713, 1723 et 1745 (v. Jones). Pour l’édition de 1773, Colson a ajouté une nouvelle conclusion (II, 328-499). BUR 1778 janv. I, pp. 100-193, donne un abrégé du roman de Bignon mais écarte la conclusion de Colson pour en donner une autre ‘plus conforme à l’histoire connue de l’Empire Mogol’ (p. 166).</ex>
<res>
<r_p>3e personne;</r_p>
<r_c>sujet historique (^guerres, amours, discours);</r_c>
<r_s>style épique, poème en prose.</r_s>
</res>
<ae>Autre édition: — ds Cabinet des fées, t. XII—XI11, Amsterdam &amp; Paris, 1785-89 (v. 85.R4)</ae>
</entry>
</document>

<document>
<entry>
<id>73.13</id>
<au>BITAUBÉ, Paul-Jérémie</au>
<ti>Guillaume, en dix chants, par M. Bitaubé de l’Académie royale des sciences et belles-lettres de Berlin</ti>
<det>
<pl>Amsterdam,</pl>
<pb>M. Magérus,</pb>
<y>1773,</y>
<f>in-8,</f>
<p>Ivi + 342p.</p>
</det>
<bib>At BN Delcro Q</bib>
<res>
<r_p>Ire personne (mémoires);</r_p>
<r_pl>Angleterre;</r_pl>
<r_n>M. Frankly, Trueman, la veuve, l’amoureux, la courtisane, etc.; M. Frankly</r_n>
<r_c>part à ta recherche du bonheur (petites scènes décrivant les gens qu’il rencontre en se promenant);</r_c>
<r_s>observations morales.</r_s>
</res>
<ae>Autres éditions: Guillaume de Nassau ou la fondation des Provinces-Unies par M. Bitaubé de l’Académie royale des sciences &amp; belles-lettres de Berlin, nouvelle édition, considérablement augmentée &amp; corrigée, Paris, Prault, 1775, in-8, liv + 486p. (BM, BNt, Clayton, Q). Le texte a été considérablement remanié. — Les Bataves, Paris, Gamery, 1797, 389p. (CtY, JP 16 pluv. V, Clayton) — ds Œuvres complètes, t.VIII, Paris, Dentu, 1804, 9t. in-8 (BM, BN, Q)</ae>
</entry>
</document>

<document>
<entry>
<id>73.10</id>
<au>BEAURIEU, Gaspard Guillard de</au>
<ti>Le porte-feuille amusant ou nouvelles variétés littéraires par l’auteur de l’Élève de la nature</ti>
<det>
<pl>Paris,</pl>
<pb>Costard,</pb>
<y>1773,</y>
<f>in-12,</f>
<p>vi + 342p.</p>
</det>
<bib>VGM (Arras) MiUt B</bib>
</entry>
</document>

<document>
<entry>
<id>73.14</id>
<au>BONHOTE, Mrs Elizabeth trad par ?</au>
<s>t</s>
<ti>Les promenades de M. Frankly, publiées par sa sœur, traduction de l’anglois</ti>
<det>
<pl>Paris,</pl>
<pb>Le Jay,</pb>
<y>1773,</y>
<f>2 part, in-8,</f>
<p>138p.</p>
</det>
<bib>A BNt AL 1774 IV 337-343; CatH xix 1774; LV Momet Rochedieu Streeter</bib>
<tr>Trad. de Rambles of Mr Frankly by bis Sisler, 1773.</tr>
<res>
<r_p>3e personne;</r_p>
<r_pl>Chine;</r_pl>
<r_n>Aradmé, le Lettré, l’Astronome...;</r_n>
<r_c>suite de petites scènes décrivant différentes réactions devant la nouvelle qu’une comète va détruire la terre;</r_c>
<r_s>critique des moeurs et observations morales.</r_s>
</res>
</entry>
</document>

<document>
<entry>
<id>73.15</id>
<au>BRICAIRE DE LA DIXMERIE, Nicolas</au>
<ti>La comète, conte en l’air</ti>
<det>
<f>In-8,</f>
<p>42p.</p>
</det>
<bib>BNt B Delcro Q</bib>
<ex>Il n’y a pas de page de titre: nous reproduisons le faux-titre.</ex>
<res>
<r_p>3e personne;</r_p>
<r_pl>Angleterre, Espagne, Italie, Allemagne...;</r_pl>
<r_n>Toni, Clairette, le bon Hubert, Dartevel;</r_n>
<r_c>éducation de deux orphelins par un philosophe, suivie d’intrigues romanesques et sentimentales, et de voyages;</r_c>
<r_s>sensibilité, intentions moralisatrices.</r_s>
</res>
</entry>
</document>

<document>
<entry>
<id>73.16</id>
<au>BR1CAIRE DE LA DIXMERIE, Nicolas</au>
<ti>Toni et Clairette, par M. de La Dixmerie</ti>
<det>
<pl>Paris,</pl>
<pb>Didot l’aîné,</pb>
<y>1773,</y>
<f>4 part, in-12,</f>
<p>lxxvi+ 136, 182, 138, 165p.</p>
</det>
<bib>A BNt AL 1773 III 3-16; CatH xiv 1773; CorrL fév. 1773; LV Delcro Gay Mornet Q</bib>
<ex>Couret de Villeneuve, Recueil amusant de voyages, 1783, V, 199-236, offre un extrait. V. aussi 87.R16.</ex>
<res>
<r_p>Ire personne (mémoires), avec récits intercalés Ire personne (t.</r_p>
<r_pl>I-II), et lettres ( t. III); Paris, province;</r_pl>
<r_n>Sennemours, Rosalie, Mme d’Orcy, d’Ablimont;</r_n>
<r_c>aventures romanesques, intrigue sentimentale;</r_c>
<r_s>sensibilité.</r_s>
</res>
<ae>Autres éditions: — Paris, Didot l’aîné, 1775, in-12 (BN. t. II) — Nouvelle édition, 1797, 4t. in-18 (Q) — ... par la Dixmerie, précédé d’un Discours sur l’origine, les progrès et le genre des romans, Paris, Dentu, [ 1799), 4t. in-18 (JG I 26, JT 30 pluv. VII)</ae>
</entry>
</document>

<document>
<entry>
<id>73.17</id>
<au>BRUIX.de (de Bayonne)</au>
<ti>Sennemours et Rosalie de Civraye, histoire françoise</ti>
<det>
<pl>Amsterdam &amp; Paris,</pl>
<pb>Delalain,</pb>
<y>1773,</y>
<f>3 part, in-12,</f>
<p>114, 220, 179p.</p>
</det>
<bib>BNt AL 1773 VI 117-123; CatH xxxiü 1773; LV B Delcro Q</bib>
<res>
<r_p>Lettres;</r_p>
<r_pl>Paris,</r_pl>
<r_n>le marquis de Murcin, la comtesse de Rouvigny, la marquise de Ronceval;</r_n>
<r_c>intrigue mondaine, critique des moeurs;</r_c>
<r_s>intentions moralisatrices.</r_s>
</res>
</entry>
</document>

<document>
<entry>
<id>73.18</id>
<au>CARMONTELLE, Louis Carrogis, dit</au>
<ti>Le triomphe de l’amour sur les mœurs de ce siècle ou lettres du marquis de Murcin au commandeur de Saint-Brice</ti>
<det>
<pl>Amsterdam &amp; Paris,</pl>
<pb>Musier,</pb>
<y>1773,</y>
<f>2 part, in-8,</f>
<p>249, 226p.</p>
</det>
<bib>A BNt AL 1773 III 121-134; CatH xvi 1773; CorrL avril 1773; LV B Momet Q</bib>
<res>
<r_p>3e personne, avec récits intercalés Ire personne;</r_p>
<r_pl>cadre allégorique;</r_pl>
<r_n>la Frivolité, Alamon, Evandre;</r_n>
<r_c>critique des institutions et des moeurs;</r_c>
<r_s>ton satirique.</r_s>
</res>
<ae>Autre édition: Amsterdam, 1773, 2 part, in-12 (Gay)</ae>
</entry>
</document>

<document>
<entry>
<id>73.19</id>
<au>COMPAN, Charles</au>
<ti>Le palais de la frivolité par M. Compan</ti>
<det>
<pl>Amsterdam &amp; Paris,</pl>
<pb>Mérigot le jeune,</pb>
<y>1773,</y>
<f>in-12,</f>
<p>336p.</p>
</det>
<bib>A BNt CatH xlix 1772; LV Gay Momet Q</bib>
<res>
<r_st>Pp. 1-23, Les deux amis de Bourbonne; 24-58, Entretien d’un père avec ses enfans ou du danger de se mettre au dessus des loix; 61-66, Daphnis et Chloé; 67-68, La navigation; 69, L’œillet; 70- 73, Climène et Damon; 74- 78, La matinée d’automne; 79, Le voeu; 80-82, Les zéphirs; 83-90, Amyntas; 91-93, Thyrsis; 94-97, Daphnis; 98-99, Corydon et Ménalque; 100-104, Glicère; 105-113, Le bouquet; 114-121, Iris, Eglè; 122-129, Ménalque et Alexis; 130-134, La tempête; 135-138, Mirtilet Chloé; 139-146, La jalousie; 147-151, Erythe; 152-158, La jambe de bois, conte helvétique.</r_st>
</res>
</entry>
</document>

<document>
<entry>
<id>73.20</id>
<au>DIDEROT, Denis et Salomon GESSNER éd. par Jean-Henri et MEISTER</au>
<ti>Contes moraux et nouvelles idylles de D ... et Salomon Gessner</ti>
<det>
<pl>A Zuric,</pl>
<pb>chez l’auteur,</pb>
<y>1773,</y>
<f>in-4,</f>
<p>184p.</p>
</det>
<bib>BMt BNt CatH xx i 1773; CorrL fév. 1773 B Clayton Delcro Q</bib>
<ex>Les Nouvelles Idylles de Gessner sont traduites de Moralische Erzâhlungen und Idyllen von Diderot und S. Gessner, 1772. Pour ce recueil, les deux contes de Diderot ont été traduits en allemand par Gessner.</ex>
<res>
<r_p>3e personne;</r_p>
<r_c>rêve allégorique où les auteurs à la mode sont critiqués;</r_c>
<r_s>ton satirique.</r_s>
</res>
<ae>Autres éditions: - Zuric, Orell, Gesner, Fuessli et Compagnie, 1773, in-8, 262p. (Frankfurtt) - Londres, 1773, in-12, 230p. (BM) — Zuric, chez l’auteur, 1777, 2t. (MH) Editions des CEuvres de Diderot: - Paris, Desray, 1798 (BM, BN) — Paris, Deterville, an VIII [ 18001 (DLC) - Paris, 1818-1819, 6t. in-8 (BM, BN) Pour les éditions des Œuvres de Gessner, v. 60.16.</ae>
</entry>
</document>

<document>
<entry>
<id>73.21</id>
<au>GILBERT, Nicolas-Joseph-Laurent</au>
<ti>Le carnaval des auteurs ou les masques reconnus et punis par M. Gilbert</ti>
<det>
<pl>Venise,</pl>
<pb>les nouvellistes du Parnasse,</pb>
<y>1773,</y>
<f>in-8,</f>
<p>22p.</p>
</det>
<bib>BNt Drujon Q</bib>
<res>
<r_p>3e personne;</r_p>
<r_c>Paris part en France et fonde la capitale française (mythologie grecque, voyages, aventures guerrières); style élevé, épopée en prose.</r_c>
</res>
<ae>Autres éditions: — ds Œuvres complètes, Paris, Gay, an IX-1801, in-8, xii + 214p. (BNt) — ds Œuvres complètes, Paris, Pillot, an X [ 1802], t.II (BMt) — ds Œuvres complètes, Paris, 1805, 2t. in-24 (MH, NN)</ae>
</entry>
</document>

<document>
<entry>
<id>73.22</id>
<au>GODARD D’AUCOUR, Claude</au>
<det>
<pl>La Pariseïde</pl>
<pb>ou Paris dans les Gaules Paris, Pissot,</pb>
<y>1773,</y>
<f>2 part, in-8,</f>
<p>xx + 231, viii + 270p.</p>
</det>
<bib>A BM BNt AL 1772 II 73-96; CatH vii 1773; CorrL janv. 1773, août 1773 B Clayton Delcro Gay Momet Q</bib>
<res>
<r_p>Lettres;</r_p>
<r_pl>Angleterre;</r_pl>
<r_n>sir Robert Harold, ladi Louise Mildmay, lady Hawersham:</r_n>
<r_c>intrigue galante et sentimentale;</r_c>
<r_s>intentions moralisatrices, analyse des sentiments.</r_s>
</res>
</entry>
</document>

<document>
<entry>
<id>73.23</id>
<au>KELLY, Hugli trad. par madame de ROME, née Marné de t Morville</au>
<ti>Les égaremens réparés ou histoire de miss Louise Mildmay, traduction libre de l’anglois par mademoiselle Matné (sic) de Morville</ti>
<det>
<pl>Londres &amp; Paris.</pl>
<pb>J.B.G. Musier fils,</pb>
<y>1773,</y>
<f>in-12,</f>
<p>320p.</p>
</det>
<bib>A BNt AL 1773 I 305-315; CatH iv 1773; CorrL fév. 1773 B Q Rochedieu Streeter</bib>
<tr>Trad. de Memoirs of a Magdalen or the History of Louisa Mildmay, 1767. Une autre traduction de cet ouvrage a été publiée en 1800:</tr>
<ti>Les dangers d’un tête-à-tête ou histoire de miss</ti>
<ex>Mildmav (v. 00.88).</ex>
<res>
<r_st>Pp. 1-47, Les dangers d’une mauvaise éducation; 48-96. La jeunesse du François, anecdote: 97-119, L’orgueilleux corrigé par l’Amour.</r_st>
</res>
</entry>
</document>

<document>
<entry>
<id>73.24</id>
<au>LAISSE, madame de</au>
<ti>Recueil d’anecdotes par Mde de Laisse, épouse d’un capitaine de cavalerie au régiment d’Artois</ti>
<det>
<pl>Amsterdam,</pl>
<y>1773,</y>
<f>in-12,</f>
<p>8+ 119p.</p>
</det>
<bib>BNt 0</bib>
<res>
<r_p>0 donne l’adresse;</r_p>
<r_pl>Paris. Guillaume.</r_pl>
<r_n>A</r_n>
<r_c>u milieu de lettres, de poèmes, de chansons, il se trouve de petits contes en prose et de très courtes anecdotes:</r_c>
<r_st>I, 18, La veuve du vieux Simon; 20, Le voyageur ingénieux; 21. Le nouveau Samson; 22. A quelque chose malheur est bon; 24, Le comédien reconnaissant; 30, Imitation d’un fabliau du XlVe siècle: 34, Hacho. tradition lapponne; 42, Anecdote concernant Henri IV; 59, Moralité traduite librement de l’anglois; 64, Exemple singulier de justice turque; 70, Il ne faut désespérer de rien; 84. Le généreux cardinal; 90, L’amour et la jalousie, conte à la grecque; 101, Tout à son terme &amp; même le malheur, historiette angloise; 124, L’orgueilleux corrigé, traduction libre de Tanglois; 135, Grâces au Mercure de France, historiette; 151, Abdallah et Balsora, conte oriental tiré d’un manuscrit persan; 168, Il y a des loix dangereuses, anecdote historique; 186, A quelque chose malheur est bon, historiette angloise. II, 3, Les souhaits punis, conte arabe; 45, Combien il est dangereux de mentir, nouvelle angloise; 72, li ne faut jurer de rien, nouvelle angloise df espagnole; 100, Les deux nièces et les quatre cousins, historiette bourgeoise; 138, L’inconnue, nouvelle angloise; 198, Ibrahim et Gémille, anecdote turque. IU. aucun morceau se rapportant au genre romanesque.</r_st>
</res>
<ae>Autre édition: — ds Nouveaux contes moraux, t.II, Paris, Valade, 1774, 2 part, in-12 (v. 74.18)</ae>
</entry>
</document>

<document>
<entry>
<id>73.25</id>
<au>LA PLACE, Pierre-Antoine de</au>
<ti>Lettres à myladi *** et autres œuvres mêlées tant en prose qu’en vers par M. de La Place</ti>
<det>
<pl>Bruxelles,</pl>
<pb>j.L. de Boubers,</pb>
<y>1773,</y>
<f>3t. in-12,</f>
<p>251, 250, 245p.</p>
</det>
<bib>A BNt AL 1773 VIII 96-122; CatH xliü 1773 Cobb Delcro Momet Q</bib>
<res>
<r_p>3e personne, avec lettres;</r_p>
<r_pl>Allemagne, Angleterre;</r_pl>
<r_n>le colonel Stemheim, le baron de P., Sophie, Charlotte, milord Seymour;</r_n>
<r_c>intrigues mondaines et histoires sentimentales:</r_c>
<r_s>sensibilité.</r_s>
</res>
<ae>Autres éditions: - Certains de ces contes on été reproduits ds Collection de romans et contes, t. VIII. 1788 (v. 88.75).</ae>
</entry>
</document>

<document>
<entry>
<id>73.26</id>
<au>LA ROCHE, Maria Sophie Gutermann, Frau von trad. par t Marie-Elisabeth Bouée, madame de LAFITE</au>
<ti>Mémoires de mademoiselle de Stemheim publiés par Mr. Wieland et traduits de l’allemand par madame</ti>
<det>
<pl>La Haye,</pl>
<pb>Pierre Frédéric Gosse,</pb>
<y>1773.</y>
<f>2 part, in - 12,</f>
<p>xl + 381, 312 + 60p.</p>
</det>
<bib>A BNt AL 1773 1 236-252, 1774 IV 24-36; CoœL août 1774; LV Delcro Q</bib>
<tr>Trad. de Geschichte des Frâuleins von Stemheim, 1771.</tr>
<ex>Les soixante dernières pages du t.II consistent en la Petite anecdote allemande, écrite en français et déjà publiée en 1772 (v. 72.24). L’éditeur a cru devoir faire quelques changements de style. BUR 1778 sept., pp. 106-1 21, offre une analyse des deux ouvrages. Un recueil intitulé Bibliothèque anglaise et publié en 1787 contient un abrégé des Mémoires, fondé sur une traduction anglaise (v. 87.27).</ex>
<res>
<r_p>3e personne;</r_p>
<r_c>le Livre de Tobie arrangé en épopée en prose;</r_c>
<r_s>sensibilité, style élevé.</r_s>
</res>
<ae>Autres éditions: La Haye, Pierre Frédéric Gosse, 1774, 2 t. in-12 (A, BN) Paris, Saillant, Nyon, 1774, 2l. in-12 (0) La Haye, Pierre Frédéric Gosse, 1775, 2t. in-1 2 (A, BN)</ae>
</entry>
</document>

<document>
<entry>
<id>73.27</id>
<au>LECLERC, Louis-Claude</au>
<ti>Tobie, poème en quatre chants, dédié à N.S.P. le pape Clément XIV, par M. Le Clerc</ti>
<det>
<pl>Paris.</pl>
<pb>LeJay,</pb>
<y>1773,</y>
<f>in-12,</f>
<p>vi + 251p.</p>
</det>
<bib>BNt AL 1773 V 73-100; CatH xxix 1773; CorrL août 1773 Clayton</bib>
<res>
<r_p>3e personne, avec récits intercalés Ire personne;</r_p>
<r_pl>Angleterre;</r_pl>
<r_n>Arabeila, M. Hervey, Lucy, Glanville;</r_n>
<r_c>intrigues sentimentales et romanesques (les romans de Mlle de Scudéry ont tourné la tête à l’héroïne.. .):</r_c>
<r_s>ton satirique.</r_s>
</res>
</entry>
</document>

<document>
<entry>
<id>73.28</id>
<au>LE FUEL DE MER1COURT</au>
<s>*</s>
<ti>L’amour vengé, conte allégorique au sujet du mariage de monsieur le comte d’Artois</ti>
<det>
<y>1773.</y>
<f>in-4</f>
</det>
<bib>Q</bib>
</entry>
</document>

<document>
<entry>
<id>73.29</id>
<au>LENNOX, Charlotte Ramsay, Mrs trad. par Isaac- Mathicu CROMMELIN</au>
<s>t</s>
<ti>Donquichotte femelle, traduction libre de l’anglois</ti>
<det>
<pl>Lyon,</pl>
<pb>Libraires associés,</pb>
<y>1773,</y>
<f>2t. in-12,</f>
<p>vi + 226, 256p.</p>
</det>
<bib>At BN (t. II\ B Q Rocheaieu Streeter</bib>
<ex>Le titre de départ porte: Le Donquichotte femelle ou les aventures d’Arabella.</ex>
<tr>Trad. de The Female Quixote or the Adventures of Arabeila, 1752.</tr>
<ex>BUR 1781 juin. pp. 3-83, offre une version abrégée sous le titre: La fille romanesque. C’est une traduction différente, faite par ‘une femme de qualité ... qui ne songe point à la gloire’.</ex>
<res>
<r_p>3e personne;</r_p>
<r_pl>Angleterre;</r_pl>
<r_n>François Wills, Nancy, Charlotte, Mac-Grégoire;</r_n>
<r_c>histoires de famille, voyages;</r_c>
<r_s>observations sur les mœurs; ton léger.</r_s>
</res>
</entry>
</document>

<document>
<entry>
<id>73.30</id>
<au>PRATT, Samuel Jackson trad. par ?</au>
<s>t</s>
<ti>Histoire de François Wills ou le triomphe de la bienfaisance par l’auteur du Ministre de Wakefield, traduction de l’anglois</ti>
<det>
<pl>Amsterdam,</pl>
<pb>D.J. Changuion</pb>
<pl>&amp; Rotterdam,</pl>
<pb>H. Bentan, Bcnnet ct Hake,</pb>
<y>1773.</y>
<f>in-8.</f>
<p>187, 198p.</p>
</det>
<bib>A BM BNt AL 1774 1 237-259; CorrL janv. 1774; LV B Rochedieu Streeter</bib>
<ex>L’attribution à Oliver Goldsmith est fantaisiste. BUR 1787 sept.,pp. 3-101, offre une version abrégée.</ex>
<tr>Trad. de The Triumph of Benevolence or the History of Francis Wills, 1772.</tr>
<res>
<r_p>3e personne;</r_p>
<r_pl>France, Amérique;</r_pl>
<r_n>Félicité, Casellet, De-la-Soustraclionnaire, M. De-Combleval, Lucile, Durichemont;</r_n>
<r_c>aventures romanesques et galantes, suivies d’un roman d’éducation;</r_c>
<r_s>ton léger, intentions moralisatrices.</r_s>
</res>
<ae>Autre édition; - Neuchâtel, Société typographique, 1774, 2 part, in-8 (BN. Rochedieu)</ae>
</entry>
</document>

<document>
<entry>
<id>73.31</id>
<au>RÉTIF DE LA BRETONNE, Nicolas-Edme</au>
<ti>La femme dans les trois états de fille, d’épouse et de mère, histoire morale, comique &amp; véritable</ti>
<det>
<pl>Londres &amp; Paris,</pl>
<pb>De-llansy,</pb>
<y>1773,</y>
<f>3 part, in- 12,</f>
<p>232, 202, 202p.</p>
</det>
<bib>BM BNt AL 1773 II 70-71; CatH iii 1773: CorrL fév. 1773; LV B Gay 0 Rives Childs</bib>
<res>
<r_p>3e personne;</r_p>
<r_pl>Paris;</r_pl>
<r_n>Victoire-Déliée, Placide-Nicaise Sotentout, Mme de Galanville, Mme Du-Cœurvolant (petits bourgeois);</r_n>
<r_c>aventures galantes et comiques:</r_c>
<r_s>ton facétieux.</r_s>
</res>
<ae>Autres éditions: A possède un exemplaire où le premier tome porte la date de 1774, les deux autres 1773. La-Haie, 1773, 3 part, in-12, 234, 156, 184p. (DLC, Gay, Rives Childs). Selon Rives Childs cette édition a paru en fait en 1779.</ae>
</entry>
</document>

<document>
<entry>
<id>73.32</id>
<au>RÉTIF DE LA BRETONNE, Nicolas-Edme</au>
<ti>Le ménage parisien ou Déliée et Sotentout</ti>
<det>
<pl>La-Haie,</pl>
<y>1773,</y>
<f>2 part, in-12,</f>
<p>186 + xxxii, 186 + xxxiii + xciip.</p>
</det>
<bib>A BNt AL 1773 11 71-72; Catll xviü 1773; LV B Drujon Gay O Rives Childs</bib>
<res>
<r_p>3e personne:</r_p>
<r_pl>Cythère, Cyprès, Delphe;</r_pl>
<r_n>Vénus, Adonis, Diana;</r_n>
<r_c>jalouse de Diana, Vénus poursuit Adonis;</r_c>
<r_s>style poétique.</r_s>
</res>
</entry>
</document>

<document>
<entry>
<id>73.33</id>
<au>TSCHUDI, Jean-Baptiste-Louis-Théodore, baron de</au>
<ti>Vénus dans la vallée de Tempé</ti>
<det>
<pl>Larisse,</pl>
<y>1773,</y>
<f>in-8,</f>
<p>45p.</p>
</det>
<bib>DLCt B Delcro Gay O</bib>
<res>
<r_p>3e personne;</r_p>
<r_pl>Hongrie (époque des Croisades);</r_pl>
<r_n>Berthold, Eléonore, Bancbanus, Mélinda;</r_n>
<r_c>intrigues de cour, histoire sentimentale;</r_c>
<r_s>sensibilité.</r_s>
</res>
</entry>
</document>

<document>
<entry>
<id>73.34</id>
<au>USSIEUX, Louis d’</au>
<ti>Berthold, prince de Moravie, anecdote historique par M. d’Ussieux</ti>
<det>
<pl>Paris,</pl>
<pb>J.P. Costard,</pb>
<y>1773,</y>
<p>pp. 103-168</p>
</det>
<bib>At BMt BNt Q</bib>
<ex>C’est la troisième nouvelle du Décaméron françois (v. 72.33).</ex>
<res>
<r_p>3e personne;</r_p>
<r_pl>France (époque d’Henri IV);</r_pl>
<r_n>Clémence, d’Aubigny, Rosalie;</r_n>
<r_c>aventures guerrières, intrigue sentimentale;</r_c>
<r_s>sensibilité.</r_s>
</res>
<ae>Autres éditions: - V. 72.33.</ae>
</entry>
</document>

<document>
<entry>
<id>73.35</id>
<au>USSIEUX, Louis d’</au>
<ti>Clémence d’Entragucs ou le siège d’Aubigny, anecdote française par M. d’Ussieux</ti>
<det>
<pl>Paris,</pl>
<pb>Delalain,</pb>
<y>1773,</y>
<f>in-8,</f>
<p>pp.</p>
</det>
<bib>169-244 Af BMt BNt AL 1773 III 203-216</bib>
<ex>C’est la quatrième nouvelle du Décaméron françois (v. 72.33) BUR 1788 mai-juin, pp. 282-319, offre une version abrégée.</ex>
<res>
<r_p>3e personne;</r_p>
<r_pl>Constantinople;</r_pl>
<r_n>Ibrahim. Elizène, Osman, Axiane, Sélim;</r_n>
<r_c>intrigue sentimentale;</r_c>
<r_s>sensibilité.</r_s>
</res>
<ae>Autres éditions: - V. 72.33</ae>
</entry>
</document>

<document>
<entry>
<id>73.36</id>
<au>USSIEUX, Louis d’</au>
<ti>Elizène, anecdote ottomane, par M. d’Ussieux</ti>
<det>
<pl>Paris,</pl>
<pb>J.P. Costard,</pb>
<y>1773,</y>
<f>in-8,</f>
<p>pp. 245-322</p>
</det>
<bib>At BMt BNt AL 1773 VI 53-63; CatH xxxii 1773 Dufrenoy</bib>
<ex>C’est la cinquième nouvelle du Décaméron françois (v. 72.33).</ex>
<res>
<r_p>3e personne (la sultane Nurmahel raconte l’histoire au sultan</r_p>
<r_pl>Chah-Gebal, qui ajoute son commentaire): cadre orientai:</r_pl>
<r_n>le Roi du Chéchian, Lili, Gorgorix, Azor;</r_n>
<r_c>intrigues politiques;</r_c>
<r_s>ton satirique.</r_s>
</res>
<ae>Autres éditions: - V. 72.33</ae>
</entry>
</document>

<document>
<entry>
<id>73.37</id>
<au>WIELAND, Christoph Martin trad. par ?</au>
<s>t</s>
<ti>Le miroir d’or ou les rois du Chéchian, histoire véritable traduite de l’allemand</ti>
<det>
<pl>Francfort sur le Meyn,</pl>
<pb>Varrentrapp,</pb>
<y>1773.</y>
<f>in-8</f>
</det>
<bib>Goedeke Q Steinberger</bib>
<tr>Trad. de Der gotdne Spiegel oder die Konige von Scheschian, 1772.</tr>
<res>3e personne (la sultane Nurmahel raconte l’histoire au sultan Chah-Gebal, qui ajoute son commentaire): cadre orientai: le Roi du Chéchian, Lili, Gorgorix, Azor; intrigues politiques; ton satirique.</res>
<ae>Autres éditions: - Neuchâtel &amp; Berne, 1774, 4t. in-8 (Q, Steinberger) - Paris &amp; Neufchâtel, Société typographique, 1774. 4 part. in-8, 131, 136, 144, 132p. (At, LV, Steinberger)</ae>
</entry>
</document>

</root>