<root>

<document>
<entry>
<id>93.1</id>
<ti>Aventures et voyages d’un jeune militaire françois ou les amans infortunés</ti>
<det>
<y>1793,</y>
<f>4 part, in-18,</f>
<p>176, 213, 221, 190p.</p>
</det>
<bib>Oront</bib>
<res>
<r_p>Ire personne;</r_p>
<r_pl>France, Méditerranée, Alger, Turquie;</r_pl>
<r_n>le chevalier de Floricourt (fils du comte de Roger), Amédoc, Zerbine;</r_n>
<r_c>voyages et aventures romanesques (corsaires, esclavage).</r_c>
</res>
<ae>Autres éditions: - Mayence, Kupferberg, 1793, 4t. in-8 (Monglond) - Leipzig, Sommer, 1793, 4t. in-8 (Monglond)</ae>
</entry>
</document>

<document>
<entry>
<id>93.2</id>
<au>? éd. par Qaude-François-Xavier c MERCIER DE COMPIÈGNE</au>
<ti>Le bréviaire des jolies femmes, choix de contes, de nouvelles et de poésies galantes dans le portefeuille de la princesse de Lamballe. recueillis par Mercier de Compiègne</ti>
<det>
<pl>Paris,</pl>
<y>1793,</y>
<f>in-18,</f>
<p>177p.</p>
</det>
<bib>Gay Tricotel</bib>
<ex>Selon un avis de l’édition qui a paru en 1796, le contenu de la première version de 1793 diffère sensiblement de celui que nous reproduisons ci-dessous, d’après la réédition de 1796. Nous savons que le récit: Cythéride, au moins, a paru dans les deux.</ex>
<res>
<r_st>Pp. 170-173, un ‘Portrait’, sans éléments romanesques. Pp. 5-52, Les plaisirs de l’amour...; 53-112, Cythéride, histoire galante; 113-142. Première nouvelle /sans autre titre/; 143-146, Seconde nouvelle: L’aventure du bal; 147-148, Troisième nouvelle: On ne badine point avec l’amour; 149-152, Quatrième nouvelle: Le mari pacifique; 153-162, Miseys ou le visage qui prédit; 163-165, La défense irrite le désir, conte; 166-167, L’aurore, par M. le Prince de Galetzin; 168-169, Le vieillard philosophe.</r_st>
</res>
<ae>Autres éditions: - ... seconde édition, revue, corrigée, augmentée, Paris, 1796, in-18, 173p. (BMt, Gay) Paris, Mercier, an VII, in-18 (Gay, Monglond, Q) - Paris, an VIII. in-18 (Gay)</ae>
</entry>
</document>

<document>
<entry>
<id>93.3</id>
<ti>Décrets des sens sanctionnés par la volupté, ouvrage nouveau enrichi de gravures anglaise</ti>
<det>
<pl>(sic) Rome,</pl>
<pb>de l’imprimerie du Saint Père,</pb>
<y>1793,</y>
<f>in-8,</f>
<p>228 (pour 128) p.</p>
</det>
<bib>BN+ Gay</bib>
<ex>Selon le catalogue imprimé de l’Enfer de la BN (p. 312), ‘il y aurait une première édition sans date (vers 1790). Il paraît que l’ouvrage intitulé Histoires lubriques qui parut vers la même époque est à peu près le même que les Décrets. L’édi-tion de 1793 aurait été réimprimée en Allemagne vers 1860’. Anecdotes lubriques, entremêlées de vers: pp. 5-17, Le député cinique ou la dame Le ...</ex>
<res>
<r_st>foutue en rêve; 20-26, La trompette du jugement ou le moine débandant; 27-38, Après la panse vient la danse...; 41-49, Le gagne-petit retourné ou la véritable manière de foutre en brouette; 50-59, Les Meubles renversés...; 62-68, La tabatière de Vénus...; 69-78 Fou-terie de village ou Claudinette qui s’y prend par tous les bouts; 81-90, La double douleur ou la nymphe de Diane et l’Amour, allégorie voluptueuse; 91-101, Le baromètre ou les caprices amoureux du médecin G...; 104-113, Belles têtes et belles couilles ou tous les biens en abondance; 114-120, Les jambes en l’air ou manière plaisante dont la Sainte-H.... fit un enfant; 123-126, Aux mânes du défunt maréchal de Duras...; 227-228 (pour 127-128), Confidence entre le sieur de la R...., le sieur M... et la dame V.....</r_st>
</res>
</entry>
</document>

<document>
<entry>
<id>93.4</id>
<ti>Le degré des âges du plaisir ou jouissances voluptueuses de deux personnes de sexes différens aux différentes époques de la vie, recueillis sur des mémoires véridiques par Mirabeau, ami des plaisirs, ornés de gravures et de chansons, avec le portrait de chaques (sic) âges (sic) Paphos, de l’imprimerie de la mère des</ti>
<det>
<pl>Amours,</pl>
<y>1793,</y>
<f>in-18,</f>
<p>vi + 7-144p.</p>
</det>
<bib>BMt Apollinaire, Mirabeau Gay</bib>
<ex>Selon Apollinaire et Gay, l’attribution de cet ouvrage à Mirabeau est erronée.</ex>
<res>
<r_p>Ire personne;</r_p>
<r_pl>environs de Paris, Paris;</r_pl>
<r_n>le chevalier de Belleval, Constance, l’abbé de Gentille, Sophie, Louison, ....</r_n>
<r_c>aventures lubriques d’un jeune homme et d’une jeune femme, libertins tous deux;</r_c>
<r_s>précisions pornographiques.</r_s>
</res>
<ae>Autre édition: - Au Palais-Royal, chez la veuve Girouard très connue, 1798, 2t. in-18, 112, 126p. (Apollinaire, Gay). L’exemplaire de la BN est une réédition du XIXe siècle, vraisemblablement celle de 1863 citée par Gay.</ae>
</entry>
</document>

<document>
<entry>
<id>93.5</id>
<ex>Voyage du diable et de la folie ou causes des révolutions de France, Braband (sic), Liege &amp; autres Imprimé dans la lune, mai 1793, l’an quatrième du règne des cannibales &amp; se trouve chéz la pluspart (sic) des libraires en Europe, in-8, 112p. BNt Ire et</ex>
<res>
<r_p>3e personnes;</r_p>
<r_pl>Europe, Enfer;</r_pl>
<r_n>le Diable boiteux, Lucifer, la Folie;</r_n>
<r_c>les héros racontent leurs voyages;</r_c>
<r_s>satire politique, religieuse, médicale.</r_s>
</res>
<ae>Autre édition: - ... ou causes des révolutions de France, du Brabant, de Liège, et autres, Imprimé dans la lune, mai I 793, l’an quatrième du règne des cannibales &amp; se trouve chez la plupart des libraires en Europe, in-8, 96p. (Bruxellest)</ae>
</entry>
</document>

<document>
<entry>
<id>93.6</id>
<au>BARBA, Jean-Nicolas</au>
<ti>Vie politique de Marie-Louise de Parme, reine d’Espagne, contenant ses intrigues amoureuses avec le duc d’Alcudia et autres amans et sa jalousie contre la duchesse d’Alve, etc. etc., recueillie sur des mémoires authentiques, ornée de jolies gravures A la cour d’Espagne et se trouve à</ti>
<det>
<pl>Paris,</pl>
<pb>chez tous les libraires marchands de nouveautés,</pb>
<y>1793,</y>
<f>in-18,</f>
<p>192p.</p>
</det>
<bib>BN, Monglond</bib>
<res>
<r_p>3e personne;</r_p>
<r_pl>Espagne;</r_pl>
<r_n>Charles IH, Pépita, Marie-Louise;</r_n>
<r_c>aventures galantes, éléments historiques;</r_c>
<r_s>attaques contre les monarques.</r_s>
</res>
<ae>Autre édition: - A la cour d’Espagne &amp; Paris, marchands de nouveautés, 1793, in-18, 168p. (BNt, Gay, Monglond)</ae>
</entry>
</document>

<document>
<entry>
<id>93.7</id>
<au>BORDELON, Laurent adapt. par ? n</au>
<ti>Histoire de M. Oufle, par abbé Bordelon et la description du sabbat</ti>
<det>
<pl>Paris,</pl>
<pb>Gay et Gide, Belin,</pb>
<y>1793,</y>
<f>in-8,</f>
<p>360p.</p>
</det>
<bib>Bruxellest NICt</bib>
<ex>C’est une nouvelle version d’un ouvrage publié pour la première fois en 1710 ( v. 53.R7). Selon le nouvel éditeur, ‘c’est un nouveau roman, mais nous sommes redevables néanmoins à l’abbé Bordelon’.</ex>
</entry>
</document>

<document>
<entry>
<id>93.8</id>
<au>CHARRIÈRE, Isabelle-Agnès-Élisabeth van</au>
<ti>Tuyll van Serooskerken van Zuylen, dame de Lettres trouvées dans des porte-feuilles d’émigrés</ti>
<det>
<pl>Paris,</pl>
<pb>août</pb>
<y>1793,</y>
<f>in—12,</f>
<p>140p.</p>
</det>
<bib>Neuchâtel! Godet</bib>
<res>
<r_p>Lettres;</r_p>
<r_pl>Londres, France;</r_pl>
<r_n>Germaine, Alphonse;</r_n>
<r_c>intrigue sentimentale sur un fond d’actualité.</r_c>
</res>
</entry>
</document>

<document>
<entry>
<id>93.9</id>
<au>CHAUSSARD, Pierre-Jean-Baptiste, dit Publicola</au>
<ti>Histoire de la galanterie chez les différens peuples</ti>
<det>
<pl>Paris,</pl>
<pb>Maradan,</pb>
<y>1793,</y>
<f>2t. in-12,</f>
<p>203, ? p.</p>
</det>
<bib>BN (t. II mq.) Gay Q</bib>
<res>
<r_st>/, 1-4, Conte arabe: 5-12, Nouvelle gauloise; 13-137, Nouvelle française; 138-203, Nouvelle grecque. Le t. II de la seconde édition (v. ci-dessous, Autres éditions) comprend: 5-34, Nouvelle iroquoise; 36-115, Nouvelle espagnole; 115-178, morceaux en vers.</r_st>
</res>
<ae>Autres éditions: — ... seconde édition, Paris, Maradan, rue du cimetière des Arcs, n° 9, 2t., 182, 180p. (BMt :t.II seulement, DLC!). Les catalogues de DLC et du BM indiquent les dates de 1793 et de 1795, respectivement; mais selon Delalain, ce n’est qu’en 1796 que Maradan a occupé le magasin dont l’adresse paraît sur la page de titre de cette édition. Paris, Pigoreau, an V-1797, 2t. in-12. 190, 172p. (Reims, DLC!, Gay)</ae>
</entry>
</document>

<document>
<entry>
<id>93.10</id>
<au>DIDEROT, Denis trad. en allemand par Friedrich t SCHILLER et retraduit en français par Jean-Paul DORAY DE LONGRAIS</au>
<ti>Exemple singulier de la vengeance d’une femme, traduction de l’allemand, par J.P. Doray-Longrais</ti>
<det>
<pl>Paris,</pl>
<pb>Desenne,</pb>
<y>1793,</y>
<p>iv + 5-56p.</p>
</det>
<bib>BN! Avertissement:</bib>
<ti>‘Ce conte est de Diderot, et ne se trouve point imprimé dans ses œuvres. Il a été traduit en allemand par M. Schiller, d’après le manuscrit en français que lui a confié M. le baron de Dalberg; et l’on croit faire plaisir au public, en lui présentant ce conte dans la langue où Diderot l’a écrit’. L’épisode de madame de La Pommeraye, extrait de Jacques le fataliste (Mme de P...... le marquis d’A.....).</ti>
<ae>Autre édition: - Londres, 1793, 99p. (Oronf, MH)</ae>
</entry>
</document>

<document>
<entry>
<id>93.11</id>
<au>FEITH, Rhinjvis trad. par Hendrik JANSEN</au>
<s>t</s>
<ti>Ferdinand et Constance, roman sentimental par M. Rhynvis Feith, suivi de quelques autres morceaux du même auteur, le tout traduit du hollandois</ti>
<det>
<pl>Paris,</pl>
<pb>H.J. Jansen, an 1er de la République françoise,</pb>
<f>2 part, in-8,</f>
<p>116, 12</p>
</det>
<bib>l-266p. Besançon Oron! JP 12 bruni. IV; MF 27.vii.93; Mag. enc. I 1795 iv 288 Monglond</bib>
<tr>Trad. de Ferdinand en Constantia, 1785.</tr>
<ex>Les deux contes moraux indiqués ci-dessous ont paru en hollandais à la suite deJulia, 1783.</ex>
<res>
<r_pl>Lettres;</r_pl>
<r_n>le village de Z***; Ferdinand, Constance, Cécile, Guillaume, Digby;</r_n>
<r_c>intrigues d’amour, complots et méprises;</r_c>
<r_s>sensibilité</r_s>
<r_st>effrénée. Pp. 231-247. Thémire; 249-266, Le solitaire (deux contes moraux).</r_st>
</res>
<ae>Autre édition: ... seconde édition, Paris, H.J. Jansen et comp.. an IVe, 2t. in-18, 153, 142p. (Oron!). Monglond cite également une ‘seconde édition’, mais avec les précisions suivantes: 1795, 3t. in-8. Cette seconde édition ne comprend pas les contes moraux, qui paraissent la même année dans la traduction deJulia publiée par le même libraire (v. 96.24).</ae>
</entry>
</document>

<document>
<entry>
<id>93.12</id>
<au>KEIR, Mrs trad. par ?</au>
<s>t</s>
<ti>Histoire de miss Julie Greville, traduite de l’anglois par madame B***</ti>
<det>
<pl>Lausanne,</pl>
<pb>L. Luquiens,</pb>
<y>1793,</y>
<f>3t. in—12,</f>
<p>306, 316, 250p.</p>
</det>
<bib>Lausanne! Monglond</bib>
<tr>Trad. de The llistory of Miss Greville, 1787.</tr>
<res>
<r_p>Lettres;</r_p>
<r_pl>Angleterre;</r_pl>
<r_c>intrigues sentimentales;</r_c>
<r_s>ton moralisateur, sensibilité.</r_s>
</res>
<ae>Autre édition: - Leipsic, Sommers &amp; Lausanne, 1793, 2t. in-12 (Rochedieu)</ae>
</entry>
</document>

<document>
<entry>
<id>93.13</id>
<au>MERCIER DE COMPÏÈGNE, Claude-François-Xavier</au>
<ti>Ismaél et Christine, nouvelle africaine, par C.F.X.Mercier, d’après les lettres originales</ti>
<det>
<pl>Paris,</pl>
<pb>de l’imprimerie de Girouard,</pb>
<y>1793,</y>
<f>in-18,</f>
<p>180p.</p>
</det>
<bib>BNt Gay Monglond Q</bib>
<ex>Selon l’avis de l’éditeur dans l’édition de l’an III (v. ci-dessous, Autres éditions), ‘cet ouvrage, écrit en 1792, fut imprimé la même année, sous la date de 1793’. L’exemplaire de la première édition qu’on trouve à la BN a un faux titre, rajouté sans doute, qui porte: Œuvres de C.F.X. Mercier, tome V.</ex>
<res>
<r_p>3e personne;</r_p>
<r_pl>Guinée;</r_pl>
<r_n>Ismael, Lehlah, Saint-Clair, Christine, Odéjah;</r_n>
<r_c>aventures romanesques et guerrières, l’amour d’un prince africain pour une Française;</r_c>
<r_s>sensibilité.</r_s>
</res>
<ae>Autres éditions: — 1794, in-18 (Gay, Monglond, Q) — ... nouvelle historique, par C. Mercier de Compiègne, nouvelle édition augmentée d’un Essai sur le bonheur et autres pièces fugitives, Paris, Louis, l’an IIIe, in-18, iv+ 167p. (BM, BNt, Gay, Monglond). Comprend un nouveau conte moral, Zélindor (v. 95.29).</ae>
</entry>
</document>

<document>
<entry>
<id>93.14</id>
<au>MERCIER DE COMPÏÈGNE, Claude-François-Xavier</au>
<ti>Nouvelles galantes et tragiques recueillies et publiées par C. Mercier de Compiègne</ti>
<det>
<pl>Paris,</pl>
<pb>imprimerie de C. Mercier.</pb>
<y>1793,</y>
<f>in-12,</f>
<p>144p.</p>
</det>
<bib>Wachst JP 10.viii.93 Gay Q Slatkine</bib>
<res>
<r_st>Pp. 11-38, Philémon: 51-59, Les dangers de la sévérité; 65-83, Ligurie, nouvelle traduite du grec; 89-96, L "hirondelle de Carême; 97-125, L’actrice désintéressée; 126-131, Le filsbar-bare; 132-134, Le mort vivant; 135-139, A deux de jeu, conte; 140-143. La touriére, conte.</r_st>
</res>
<ae>Autre édition: - ... deuxième édition revue, corrigée et augmentée, Paris, de l’imprimerie de l’auteur, 1795, in-18, 173 (pour 176)p. (BMt). Pour de plus amples détails sur cette édition, v. 95.30.</ae>
</entry>
</document>

<document>
<entry>
<id>93.15</id>
<au>MERCIER DE COMPIÈGNE, Claude-François-Xavier</au>
<ti>Les veillées du couvent ou le noviciat d’amour, poème éroti-satyrique par un bâtard de Mirabeau l’aîné</ti>
<det>
<pl>A Saint-Cyr et à Paris,</pl>
<pb>rue du Coq St.-Honoré, n°.</pb>
<y>120, l’an de Vénus 5793,</y>
<f>in-18,</f>
<p>141 p.</p>
</det>
<bib>BMt BNt B Gay</bib>
<ex>Les exemplaires de BM et de BN ont un faux titre qui porte: Œuvres libres d’un citoyen qui ne l’est pas. Selon Gay, une seconde édition aurait paru avec ce titre en 1793, mais cette assertion semble douteuse.</ex>
<res>
<r_p>3e personne;</r_p>
<r_pl>province;</r_pl>
<r_n>Agnès, Louise, Colin;</r_n>
<r_c>aventures libertines de deux jeunes religieuses;</r_c>
<r_s>ton héroï-comique.</r_s>
</res>
<ae>Autres éditions: - ... seconde édition revue et corrigée. Paris, C. Mercier et Girouard. 1793, in-18, 24+ 115p. (Tricotel) - Lutipolis, 1796. in-18 (Gay) ... cinquième édition. Lutipolis, de l’imprimerie du libraire-auteur, l’an 2496, pet. in-18, 169p. (Gay)</ae>
</entry>
</document>

<document>
<entry>
<id>93.16</id>
<au>NERCIAT, André-Robert Andréa de</au>
<ti>Les Aphroditcs ou fragmens thali-priapiques pour servir à l’histoire du plaisir,</ti>
<det>
<pl>N° 1. Lampsaque,</pl>
<y>1793,</y>
<f>8 part. pet. in-8,</f>
<p>80, 80. 80, 79, 88, 75, 90, 82 + iiip.</p>
</det>
<bib>Stockholmt Apollinaire^Vercrar B Gay Monglond Q</bib>
<ex>Q donne aussi: 4t. in-12. Apollinaire cite deux éditions de 1864 (BM, BN). L’Enfer de la BN possède aussi une édition s.l.n.d., 4t. in-18, avec une réédition datant de 1925 (BNt).</ex>
<res>
<r_p>Dialogues;</r_p>
<r_pl>Paris;</r_pl>
<r_n>madame Durut, la Duchesse, le Chevalier, Trottignac, Célestine....;</r_n>
<r_c>tableaux du libertinage;</r_c>
<r_s>précisions pornographiques93.17</r_s>
</res>
</entry>
</document>

<document>
<entry>
<id>93.17</id>
<au>ROBINSON, Mary Darby trad.par?</au>
<s>t</s>
<ti>Vancenza ou les dangers de la crédulité</ti>
<det>
<pl>Paris,</pl>
<pb>Donné,</pb>
<y>1793,</y>
<f>2t. in-18,</f>
<p>154, 132p.</p>
</det>
<bib>Oront Pigoreau Q Rochedieu</bib>
<tr>Trad. de Vancenza or the Dangers of Credulity, 1792.</tr>
<res>
<r_p>3e personne, avec récit intercalé à la Ire personne;</r_p>
<r_pl>Espagne;</r_pl>
<r_n>le comte de Vancenza, le duc del Vero. la marquise de Vallorie, Elvire, le prince A Imanza;</r_n>
<r_c>intrigues amoureuses;</r_c>
<r_s>ton moral et sentimental.</r_s>
</res>
</entry>
</document>

<document>
<entry>
<id>93.18</id>
<au>SMITH, Charlotte Turner, Mrs trad.par?</au>
<s>t</s>
<ti>Desmond ou l’amant philanthrope, traduit de l’anglais de Charlotte Smith par L.C.D....</ti>
<det>
<pl>Paris,</pl>
<pb>Denné,</pb>
<y>1793,</y>
<f>4t. in-18,</f>
<p>xii + 256, 246, 264, 300p.</p>
</det>
<bib>BMt BNt Gay Monglond Q Rochedieu Streeter</bib>
<ex>Selon Rochedieu, il y aurait eu également une version in-12.</ex>
<tr>Trad. de Desmond, aNorel, 1792.</tr>
<res>
<r_p>Lettres;</r_p>
<r_pl>Angleterre, France (1790);</r_pl>
<r_n>Géraldine, Vemey, M. Waverly, Lionel Desmond, M. Bethel, miss Fairfax, Montfleuri;</r_n>
<r_c>intrigues mondaines et sentimentales, voyages, aventures</r_c>
</res>
</entry>
</document>

<document>
<entry>
<id>93.19</id>
<au>VILLETERQUE, Alexandre-Louis</au>
<ti>Les veillées d’un malade ou la fatalité, essai philosophique</ti>
<det>
<pl>Paris,</pl>
<pb>Belin,</pb>
<y>1793,</y>
<f>in-8</f>
</det>
<bib>0 Monglond</bib>
<ex>Cet ouvrage a été réédité par ‘le bibliophile Jacob’ (Paris, Librairie des bibliophiles, 1881), et c’est d’après cette version que nous décrivons l’ouvrage. Selon Q, ‘ce conte philosophique se trouve déjà sous le nom de Fatalita’, mais nous n’avons pu éclaircir cette référence.</ex>
<res>
<r_c>Claudine raconte à un malade deux contes moraux, qu’elle commente avec lui: La femme savante, conte un peu vrai;</r_c>
<r_s>Charles et Justine.</r_s>
</res>
<ae>Autre édition: - ds Essais dramatiques et autres ouvrages de A.L. Villeterque. Paris, Didot, Belin, Magimel, 1793, in-8 (BN, JP 28.viii.93, Q)</ae>
</entry>
</document>

<document>
<entry>
<id>93.20</id>
<au>WIESENHUETTEN, Frederike</au>
<ti>Henriette, baronne de Journal de Lolotte, par Me. la baronne de W....</ti>
<det>
<pl>Francfort,</pl>
<y>1793,</y>
<f>2 part. pet. in-8,</f>
<p>158, 150p.</p>
</det>
<bib>BMt Q</bib>
<res>
<r_p>Lettres;</r_p>
<r_pl>Allemagne;</r_pl>
<r_n>Marie, George, ma Tante, Henriette;</r_n>
<r_c>intrigue mondaine et sentimentale.</r_c>
</res>
<ae>Autre édition: - Paris, an VIII, 2t„ 158, 150p. (Wachs)</ae>
</entry>
</document>

</root>