<root>

<document>
<entry>
<id>95.1</id>
<ti>Apollon passant en revue les filles du Palais-Egalité</ti>
<det>
<pl>Paris,</pl>
<y>1795</y>
</det>
<ae>Gay L’ouvrage n’est essentiellement qu’un catalogue de prostituées, sans éléments romanesques, mais dans la seconde édition ‘augmentée’ - la seule que nous ayons pu voir - on trouve un conte libertin en prose: Pp- 32-47, Amours de Blanche et de Fanchette (éducation amoureuse dans un cadre allégorique). Autre édition: — ... seconde édition, revue, corrigée et considérablement augmentée, Paris, chez les marchands de nouveautés, l’an 111, in-24, vi + 7-47p. (BMf)</ae>
</entry>
</document>

<document>
<entry>
<id>95.2</id>
<ti>Ecole amusante des enfans, traduite du hollandois d’après t la troisième édition</ti>
<det>
<pl>Amsterdam,</pl>
<pb>la veuve J. Dôil,</pb>
<y>1795,</y>
<f>in-12,</f>
<p>vii + 146 + v p.</p>
</det>
<bib>Middelburgt</bib>
<ex>Univ. Amsterdam! NNC!</ex>
<tr>Trad. deAangenaam kinderschool, vers 1781.</tr>
<res>
<r_c>Une centaine de petits contes pour enfants: Le petit cavalier;</r_c>
<r_s>L’enfant trop empressé; La mangeuse de cerises; etc.</r_s>
</res>
<ae>Autres éditions: — ... traduite du hollandois, nouvelle édition, Paris, à la librairie classique, 1800, in-12, 208p. (JP 22 germ. VIII) — Amsterdam, la veuve J. Dôll, 1803, viii + 146 + v p. (Univ. Amsterdam!)</ae>
</entry>
</document>

<document>
<entry>
<id>95.3</id>
<ex>? trad. par J.-A. NICOD t? George et Lawrence, traduit de l’anglais par N***. d’Ar.... en B.....auteur de Léonci Genève, Luc Sestié et G.J. Manget, 1795, 2t. in-12, 273, 250p. Oron! Nous n’avons pu trouver d’original anglais. La forme fantaisiste de certains noms de personnage donnerait à croire qu’il s’agit peut-être d’une traduction supposée. Il en est de même avec deux autres ‘traductions’ publiées par Nicod (v. 95.4 et 98.20).</ex>
<res>
<r_p>Lettres;</r_p>
<r_pl>Angleterre, France;</r_pl>
<r_n>miss Cecily Wetherby, Poilswort, miss Ermance Skiptoit, le comte d’Astirg, sir biomptwich;</r_n>
<r_c>intrigues domestiques et amoureuses;</r_c>
<r_s>sensibilité, vertu.</r_s>
</res>
</entry>
</document>

<document>
<entry>
<id>95.4</id>
<au>? trad. par J.-A. NICOD t?</au>
<ti>Léonci, histoire véritable ou lettres contenant les principaux événemens de sa vie, recueillies par elle-même, traduit de l’anglais, sur la troisième édition, par N**</ti>
<det>
<pl>Lons-le-Saunier,</pl>
<pb>Claude-André Delhorme,</pb>
<y>1795,</y>
<f>in-8,</f>
<p>318, 368p.</p>
</det>
<bib>Nantes! JT 1 prair. VI</bib>
<ex>Ni Rochedieu, ni Streeter, qui citent l’édition de 1798, ne donnent un original anglais. S’agit-il d’une traduction supposée (v. 95.3 et 98.20)?</ex>
<res>
<r_p>Lettres;</r_p>
<r_pl>Angleterre;</r_pl>
<r_n>Léonci Weimouth, Wilhelmina, lord Broorne, le chevalier Hoi’ne, le docteur Sloop, miss Gementine;</r_n>
<r_c>aventures sombres;</r_c>
<r_s>sensibilité.</r_s>
</res>
<ae>Autres éditions: — Genève, J.J. Paschoud &amp; Paris, Maradan, 1798, 2 part. in-8, 318, 368p. (Oron!, Q, Rochedieu, Streeter) — Lyon, Robert et Gauthier, 1798, 2t. in-8, 318, 368p. (Aspin cat. no. 28)</ae>
</entry>
</document>

<document>
<entry>
<id>95.5</id>
<ti>La séduction ou histoire de lady Revel, nouvelle, trad. t? librement de l’anglais par M. D***</ti>
<det>
<pl>Lausanne,</pl>
<pb>J.P. Gieglcr,</pb>
<y>1795,</y>
<f>in-12,</f>
<p>274p.</p>
</det>
<bib>Oron! JLL x 1795; JP 4 therm. IV; MF 29.V.96; Mag. enc. II 1796 i 431; Moniteur 28 flor. IV Monglond</bib>
<ex>Rochedieu A en juger par les annonces parues dans les périodiques parisiens, cet ouvrage a été débité chez Fuchs dans le courant de 1796.95.5 Nous ne connaissons pas l’original de celte nouvelle. Selon Rochedieu, il s’agirait d’une version romanesque de la pièce en cinq actes de Thomas Holcroft, Séduction, a Comedy, 1787; mais cette pièce ne semble avoir aucun rapport avec la nouvelle de 1795.</ex>
<res>
<r_p>Lettres, avec une histoire intercalée Ire personne (Histoire de lady Revel).</r_p>
</res>
</entry>
</document>

<document>
<entry>
<id>95.6</id>
<au>? trad. par Antoine-Gilbert GRIFFET DE LA t BAUME</au>
<ti>Les souffrances maternelles ou histoire de Mme Haller, écrite par elle-même, traduite de l’allemand par le traducteur d’Evelina</ti>
<det>
<pl>Paris,</pl>
<pb>Lepetit, an III de la République.</pb>
<f>4t. in-18,</f>
<p>153, 196, 189. 158p.</p>
</det>
<bib>BNt JP 13 gémi. III Monglond</bib>
<ex>Monglond, qui cite Q, donne aussi une première édition de cet ouvrage datant de 1793, mais nous n’avons pu en trouver d’exemplaire. L’original allemand nous est inconnu. Griffet de La Baume a publié sa traduction d’Evelina par madame d’Arblay en 1784 (v.84.8). Renfner, à qui cette traduction des Souffrances maternelles est aussi attribuée, a donné une première version d’Evelina en 1779 (v. 79.7).</ex>
<res>
<r_p>Ire personne;</r_p>
<r_pl>Allemagne;</r_pl>
<r_n>mon père (pasteur de village), Annette, M. Ewald, madame Haller, Samuel, Albertine, Albert, Julie, Nina...;</r_n>
<r_c>les chagrins domestiques d’une mère de famille;</r_c>
<r_s>peinture des moeurs.</r_s>
</res>
</entry>
</document>

<document>
<entry>
<id>95.7</id>
<au>? trad. par Elisabeth-Jeanne-Pauline Polier de t Bottens, dite MONTOLIEU</au>
<ti>La sylphide ou l’ange gardien, nouvelle traduite de l’anglais</ti>
<det>
<pl>Lausanne &amp; Paris,</pl>
<y>1795,</y>
<f>in-18</f>
</det>
<bib>JP 5 vent. IV B Monglond Pigoreau Q Rochedieu Streeter</bib>
<ex>Selon Monglond, l’édition de Leipzig (v. Autres éditions, ci-dessous) serait la première, suivie de celle de Lausanne, et ensuite de celle de Lausanne &amp; Paris, décrite ci-dessus.</ex>
<tr>Trad. de The New Sylph or the Guardian Angel, 1788.</tr>
<ex>Cet ouvrage a été attribué très souvent à Gcorgiana Caven-dish, duchesse de Devonshire. auteur du Svlphe, 1784 (v. 84.15).</ex>
<res>
<r_c>Séparé de sa bien-aimée, le narrateur lui reste fidèle: elle apparaît mystérieusement chaque fois que cet amour est mis à l’épreuve.</r_c>
</res>
<ae>Autres éditions: - Leipzig, Wolf (Schmidt), 1795, in-32 (Monglond, Rochedieu) - Lausanne, Pott, 1795, in-18 (Monglond, qui cite également une version portant le nom de L. Luquiens en tant qu’éditeur) - Paris, 1796, 126p. (DLC: exemplaire perdu) — Alice ou la sylphide, Lausanne, 1796, pet. in-12 (B, Monglond, Q, Rochedieu, Streeter). Les bibliographes donnent ‘Alice’, mais le titre dans l’édition de 1813, ci-dessous, est Aline ou la sylphide. - ds Suite des nouvelles traduites ou imitées par madame de Montolieu, Paris, A. Bertrand, 1813, 2t., 209, 334p. (Neuchâtelt). Q donne: 3t. in-12.</ae>
</entry>
</document>

<document>
<entry>
<id>95.8</id>
<au>ARNAUD, François-Thomas-Marie de Baculard d’</au>
<ti>Belval ou l’amour égoïste, par d’Amaud, omé de figures, tome premier</ti>
<det>
<pl>Paris,</pl>
<pb>Lepetit, l’an III delà République,</pb>
<f>2t. in-18,</f>
<p>156, 141p.</p>
</det>
<bib>Oront JP 5 flor. IV Inklaar Q</bib>
<ex>Saint-Fargeau La page de litre du second tome porte: Selvile ou le véritable amour, par d’Arnaud, orné de figures, tome deuxième. Le faux titre de chaque volume porte: Les loisirs utiles. A la dernière page du l. II, on peut lire: ‘Les Personnes qui désireront se procurer les deux premières Anecdotes du même auteur, qui forment les deux premiers volumes de cet Ouvrage, les trouveront chez le même Libraire’. V. 94.3. Belval:</ex>
<res>
<r_p>3e personne;</r_p>
<r_pl>Erance;</r_pl>
<r_n>Belleval (sic), Monsieur Dorsoi, Sophie, Dervilliers;</r_n>
<r_c>amours malheureuses;</r_c>
<r_s>sensibilité effrénée, intentions</r_s>
<r_p>moralisatrices. Selvile: 3e personne;</r_p>
<r_pl>Paris, province;</r_pl>
<r_n>Selvile, Constance, Versieux, Lorimon;</r_n>
<r_c>intrigue sentimentale tournant autour du double thème de l’amour dans le mariage et du divorce;</r_c>
<r_s>sensibilité, intentions moralisatrices.</r_s>
</res>
</entry>
</document>

<document>
<entry>
<id>95.9</id>
<au>BARBAULT-ROYER, P.-F.</au>
<ti>Les loisirs de la liberté, nouvelles républicaines par le citoyen Barbault</ti>
<det>
<pl>Paris,</pl>
<pb>Bailly</pb>
<pl>&amp; Rochcfort,</pl>
<pb>Jousserant</pb>
<pl>&amp; La Rochelle,</pl>
<pb>Cappon,</pb>
<y>l’an 3 de la</y>
<f>République, in-18,</f>
<p>321p.</p>
</det>
<bib>BNt JP 17 therm. III Monglond Q</bib>
<res>
<r_st>Pp. 5-48, Démophon; 49-92, Dinocérès; 93-118, L’ombre d’Helvétius; 119-190, Eélix ou les trois opprimés; 191-200, Lycas, idylle 1; 201-210, La théorie, idylle H; 211-225, Amyntas, idylle 111; 226-321, Fernando ou le voyage en Espagne.</r_st>
</res>
</entry>
</document>

<document>
<entry>
<id>95.10</id>
<au>BOIELDIEU, Marie-Jacques-Amand</au>
<ti>Valmidor et Florella ou les heureux infortunés, conte moral et didactique destiné à l’éducation</ti>
<det>
<pl>Rouen,</pl>
<f>in-12</f>
</det>
<bib>Q: vers 1795</bib>
<res>
<r_p>3e personne, avec retour en arrière Ire personne;</r_p>
<r_pl>Indes, France, Italie;</r_pl>
<r_n>Valcindor, Mosapha, Florella, Delmando,...;</r_n>
<r_c>aventures romanesques, voyages, intrigue sentimentale;</r_c>
<r_s>épopée didactique.</r_s>
</res>
<ae>Autre édition: — Valcindor</ae>
<ti>et Florella ou les heureux infortunés, conte moral et didactique, où sont développés, par une méthode aussi agréable que nouvelle, les principes élémentaires des sciences et des arts, qui sont d’une utilité générale dans un cours d’éducation,... par Marie-Jacques-Armand Boyeldieu...,</ti>
<det>
<pl>Nancy &amp; Paris,</pl>
<pb>chez les marchands de nouveautés,</pb>
<y>1795,</y>
<f>in-8,</f>
<p>xii + 236p.</p>
</det>
<bib>(BNt)</bib>
</entry>
</document>

<document>
<entry>
<id>95.11</id>
<au>BOISGELIN DE KERDU, chevalier Pierre-Marie-Louis de et m Alphonse-Toussaint-Joseph-André-Marie Marseille, comte de FORTIA DE PILES</au>
<ti>Correspondance philosophique de Caillot Duval, rédigée d’après les pièces originales et publiée par une société de littérateurs lorrains</ti>
<det>
<pl>Se vend</pl>
<pb>chez Debrai, libraire, et à l’imprimerie des femmes, à Paris,</pb>
<f>in-8,</f>
<p>117p.</p>
</det>
<bib>BNt Q</bib>
<res>
<r_c>En marge: série de lettres qui auraient été écrites à divers personnages, avec les réponses de ceux-ci -le tout pour montrer la bêtise, l’ignorance et la suffisance des gens.</r_c>
</res>
</entry>
</document>

<document>
<entry>
<id>95.12</id>
<au>BOOSER, madame</au>
<ti>Triomphe de la saine philosophie ou la vraie politique des femmes, par la C. B***</ti>
<det>
<pl>+ 125,</pl>
<p>117, 137p.</p>
</det>
<bib>BNt JP 7 vend., 8 brum. III</bib>
<ex>Selon les références des périodiques, l’ouvrage a paru au début de l’an III. L’édition sans date de la BN que nous citons pourrait être la première ou celle qui aurait paru en 1797 (v. Autre édition, ci-dessous).</ex>
<res>
<r_p>Lettres;</r_p>
<r_pl>province, Paris;</r_pl>
<r_n>Eléonore, Cornélie, la citoyenne Renelle, le citoyen Germeuil, la citoyenne Discenteuil, Hippolite;</r_n>
<r_c>intrigue sentimentale (un mari infidèle ramené à sa femme);</r_c>
<r_s>vertu, sensibilité.</r_s>
</res>
<ae>Autre édition: Paris, Debray, an V-1797, in-8, 117p. (B, Q)</ae>
</entry>
</document>

<document>
<entry>
<id>95.13</id>
<ae>BRUGUIÈRE, J.-T. (du Gard) Martial, roman pastoral, imité d’Estelle de Florian par J.T. Bruguière Paris, à l’Imprimerie des sciences et arts, an IIle de la République, 3t. in-18, xx</ae>
<det>
<pl>Paris,</pl>
<pb>Maradan,</pb>
<y>an III / 1795 ère anc./,</y>
<f>in-18,</f>
<p>140p.</p>
</det>
<bib>BNt JG I 24; Mag. enc. I 1795 vi 143, Il</bib>
<ex>1796 ii 395-403 Monglond donne la date de 1790, suivant Q sans doute.</ex>
<res>
<r_p>3e personne, avec des vers et des récits intercalés Ire personne;</r_p>
<r_pl>Provence;</r_pl>
<r_n>Martial, Thélémi, Philtmon, Suzette;</r_n>
<r_c>amours et aventures pastorales;</r_c>
<r_s>prose poétique.</r_s>
</res>
</entry>
</document>

<document>
<entry>
<id>95.14</id>
<au>CONDREN-SUSANNE, A. -C. -L.</au>
<ti>Confidence d’un jeune homme, par A.C.L. Condren-Susanne</ti>
<det>
<pl>Paris,</pl>
<pb>de l’imprimerie de Cailleau,</pb>
<y>1795 (vieux style), l’an trois de l’ère républicaine,</y>
<f>in-8,</f>
<p>62p.</p>
</det>
<bib>BMt</bib>
<res>
<r_p>Ire personne;</r_p>
<r_pl>Paris, province, Grèce,</r_pl>
<r_n>Moyen-Orient;Sélima, Ebéne, Lascaris, Yezid;</r_n>
<r_c>amours d’un jeune homme;</r_c>
<r_s>prose poétique, peintures voluptueuses, sensibilité passionnée.</r_s>
</res>
<ae>Autres éditions: - Sélima ou confidence d’un jeune homme en cinq livres, par A.C.L. Condren-Susanne, seconde édition, Paris, J.J. Lucet, an IV j 1796/, in-18, 252p. (BN, JP 8 fruct. IV, Monglond) - Sélima..., Paris, J.J. Lucet, an IV f 1796/, in-8, 252p. (BN)</ae>
</entry>
</document>

<document>
<entry>
<id>95.15</id>
<au>CUVELIER DE TRIE, Jean-Guillaume-A.</au>
<ti>Le damoisel et la bergerette ou la femme vindicative, historiette du XVIe. siècle, divisée en trois chapitres, par le citoyen Cuvelier, de la Commission de l’Instruction publique</ti>
<det>
<pl>Paris,</pl>
<pb>Mercier,</pb>
<y>an III,</y>
<f>in-18,</f>
<p>72p.</p>
</det>
<bib>BMt JG I 212 Q</bib>
<ex>Selon un avis, l’intrigue du récit est celle d’une pantomime du même titre:’... j’ai divisé l’Historiette en trois Chapitres, correspondants aux Actes de la Pantomime’.</ex>
<res>
<r_p>3 e personne;</r_p>
<r_pl>Palatinat (XVIe siècle);</r_pl>
<r_n>le Damoisel, la Bergerette, Love, la princesse Wirtemgk, le vieux Gork;</r_n>
<r_c>aventures romanesques;</r_c>
<r_s>style ’ancien’.</r_s>
</res>
<ae>Autres éditions: — ... deuxième édition, Paris, 1796-IVe année républicaine, in-18, 134p. (Oront, JP 7 prair. IV) - Paris, 1818, in-8, 16p. (BM)</ae>
</entry>
</document>

<document>
<entry>
<id>95.16</id>
<au>DA Y, Thomas trad. par ?</au>
<s>t</s>
<ti>Histoire du petit Jacques, ouvrage moral, à la portée des enfans, traduit de l’anglais</ti>
<det>
<pl>Paris,</pl>
<pb>Aubry, veuve Girouard,</pb>
</det>
<bib>JP 25 vent. III</bib>
<tr>Trad. de History of Little Jack, 1788.</tr>
<ti>La première version française de cet ouvrage que nous ayons vue est celle traduite par T.-P. Bertin: Histoire du petit Jacques, par Thomas Day,</ti>
<ae>Paris, T.P. Bertin, an XI, in-18, 128p. (BNt, Streeter).</ae>
</entry>
</document>

<document>
<entry>
<id>95.17</id>
<au>DEFOE, Daniel adapt. par ?</au>
<s>nt</s>
<ti>Histoire corrigée de Robinson Crusoé dans son isle déserte, ouvrage rendu propre à l’instruction de la jeunesse sur l’avis et le plan de Jean-Jacques Rousseau</ti>
<det>
<pl>Paris,</pl>
<pb>Leprieur, l’an troisième de la République,</pb>
<f>4t. in-18,</f>
<p>211,203,213, 228p.</p>
</det>
<ti>an troisième de la République française une et</ti>
<det>
<y>1795,</y>
<f>in-8</f>
</det>
<bib>BNt Monglond Rochedieu</bib>
<ex>Selon la préface, il s’agit d’une version abrégée et simplifiée du roman. Il y est question de deux autres tentatives d’adapter le roman de Defoe: Histoire de Robinson, 1775 (sans doute la réédition de la version de Feutry parue cette année, v. 66.17) et le Nouveau Robinson (probablement une réédition de l’ouvrage de Campe; v. 83.19 et 87.28).</ex>
<tr>Trad. de The Life and Surprising Adventures of Robinson Crusoe, 1719.</tr>
<ex>Pour d’autres détails sur les différentes versions de cet ouvrage, v. 5l.R 15 et 66.17.</ex>
</entry>
</document>

<document>
<entry>
<id>95.18</id>
<au>DUCRAY-DUMINIL, François-Guillaume</au>
<ti>Les soirées de la chaumière ou les leçons du vieux père, ouvrage orné de gravures, par le citoyen Ducray-Duminil</ti>
<det>
<pl>Paris,</pl>
<pb>Lemierre&amp; Hambourg, P.F. Fauche,</pb>
<y>1795,</y>
<f>3t. in-8,</f>
<p>xxiv + 381, 406, 434p.</p>
</det>
<bib>BNt JP 16 vend. IV B Monglond Q</bib>
<ex>Saint-Fargeau Q et Saint-Fargeau donnent la date de 1794 pour cette première édition. Quatre nouveaux volumes ont paru en 1798 (v. 98.43).</ex>
<res>
<r_st>Contes moraux sensibles: I, 13-31, Le travail: la paie des ouvriers: 32-58, La bienfaisance: avantures du vieux mendiant; 59-88, Histoire du poète Hilaire; 89-114, L’amitié: les deux écoliers ou l’héritier; 115-143, La piété filiale: le petit joueur de vielle; 144-167, L’ingratitude: suite de l’histoire des deux écoliers; 168-199, Le désintéressement: le petit joueur de vielle termine son récit; 200-211, Histoire de la marmotte en vie. H, 5-41, L’oubli des injures: fin de l’histoire des deux écoliers; 42-74, Les duels: le père puni, le père récompensé; 75-111, La reconnaissance: histoire des trois pèlerins; 112-142, La confiance: suite de l’histoire des trois pèlerins; 143-203, Suite et fin de l’histoire des trois pèlerins. III, 5-58, L’aumône: histoire du petit Emilion; 59-84, Histoire du charbonnier; 85-118, L’oubli des injures; 119-120, L intrigue, plan de comédie; 121-148, Les deux aventuriers de Milan; 149-174, Le pont des deux amans, nouvelle; 175-213, Bénéditte ou la maison souterraine. IV, 5-35, La désobéissance: effroi des enfans de Palamène; 36-73, L’indulgence: histoire de l’homme invisible; 112-143, L’orgueil: Gros-Jean et son fils; 144-182, Le repentir: suite de l’histoire de Gros-Jean et de son fils; 183-204, L’hospitalité: madame Dumont; 205-225, L’humilité: leçon aux maris.</r_st>
</res>
<ae>Autres éditions: — JG II 210(1799) annonce une nouvelle édition chez. Leprieur, 8t. in-18, qui doit comprendre les contes publiés en 1798 (v. 98.43). - Paris. 1806, 8t. in-8 (B) - 5e édition, Paris, Belin fils, 1810, 7t. in-18, 249, 247, 240, 260, 290, 268, 277p. (DLCt, Gumuchian) - 8e édition, Paris, 1826 (Q)</ae>
</entry>
</document>

<document>
<entry>
<id>95.19</id>
<au>DULAURENT</au>
<s>*</s>
<ti>Contes moraux à la portée des enfants et des adolescents de l’un et de l’autre sexe</ti>
<det>
<pl>Paris,</pl>
<pb>Lepetit, Dugrit à Niort, Plas-Mame à Tours, l’an III de la République,</pb>
<f>3t. in-18,</f>
<p>147, 146, 133p.</p>
</det>
<bib>Q</bib>
</entry>
</document>

<document>
<entry>
<id>95.20</id>
<au>GENLIS, Stéphanie-Félicité Ducrest de Saint-Aubin, marquise de Sillery, comtesse de</au>
<ti>Les chevaliers du cygne ou la cour de Charlemagne, conte historique et moral, pour servir de suite aux Veillées du château et dont tous les traits qui peuvent faire allusion à la révolution française, sont tirés de l’histoire, par madame de Genlis, auteur du Théâtre d’éducation, d’Adèle et Théodore, etc.</ti>
<det>
<pl>Neuchâtel,</pl>
<pb>Louis Fauche-Borel,</pb>
<y>1795,</y>
<f>4t. in-12,</f>
<p>xxiv + 267, 256,384, xxiv + 271p.</p>
</det>
<bib>BNt JP 21 frim., 7 pluv. IV Monglond Q Saint-Fargeau</bib>
<res>
<r_p>3e personne;</r_p>
<r_pl>France, Constantinople (époque de Charlemagne);</r_pl>
<r_n>Isambard, Olivier. Célanire, Vitikind, Ogier le Danois;</r_n>
<r_c>aventures chevaleresques;</r_c>
<r_s>sensibilité.</r_s>
</res>
<ae>Autres éditions: Hambourg, Pierre François Fauche, 1795, 3t. in-12, xx + 387, 310, 514p. (BMt. Monglond) - Hambourg, P.F. Fauche, 1797, 3t., xxiv + 347, vi + 364, vi + 376p. (MiUt) - ... nouvelle édition. Paris, Maradan, an XIII- 1805, 3t. in-8, 406, 435, 452p. (BN, BMt, Monglond, Q) — Paris, Maradan, 1811,3t. in-12 (BN, Monglond, Q) - ... nouvelle édition, Paris, Maradan, 1818, 3t. in-12, xx + 335, 356, 72 (pour 372)p. (Bibl. Monglondt) - Paris, Maradan, 1819, 3t. in-12 (Q) Pour les éditions données comme collections des Œuvres de madame de Genlis, v. 82.20, Autres éditions.</ae>
</entry>
</document>

<document>
<entry>
<id>95.21</id>
<au>JÛNGER, Johann Friedrich trad. par Antoine-Gilbert t GRIFFET DE LA BAUME Marianne et</au>
<ti>Charlotte ou l’apparence est trompeuse, traduit de l’allemand de J.F. Junger</ti>
<det>
<pl>Lausanne,</pl>
<pb>Vincent,</pb>
<y>1795,</y>
<f>in-12</f>
</det>
<bib>Oront95.21 JH 16 niv. IV; MF 20.1.96 B Gay Monglond Q</bib>
<ex>Les bibliographes donnent la date de 1794 pour cet ouvrage, mais l’édition de l’an III que nous décrivons est la première que nous ayons pu retrouver. Il s’agit peut-être d’une traduction de Die Geschwister vom Lande, 1794, mais il ne nous a pas été possible de comparer les deux textes.</ex>
<res>
<r_p>Ire personne;</r_p>
<r_pl>Allemagne;</r_pl>
<r_n>M. Berger, Marianne, Charlotte;</r_n>
<r_c>aventures et amours;</r_c>
<r_s>ton</r_s>
<r_st>comique. L’ouvrage comprend plusieurs contes lus à haute voix par différents personnages. Par exemple: III, 22-51, L’amour vainqueur de la raison; . 106-121, Antonio et Gianette, nouvelle italienne de M. Spiess, l’auteur du Petit Pierre; 122-133, Le vieillard de 30 ans et le jeune homme de 80, conte de Wieland.</r_st>
</res>
<ae>Autre édition; - Berlin, 1795, 3t. in-18 (Monglond, qui cite Kayser)</ae>
</entry>
</document>

<document>
<entry>
<id>95.22</id>
<au>KLOPSTOCK, Friedrich Gottlieb trad. par Louis-Frédéric mnt PETIT-PIERRE</au>
<ti>Le Messie, poème, traduction nouvelle &amp; seule complète de l’original allemand de Klopstock, par feu M. Louis-Frédéric Petit-Pierre, pasteur à Neuchâtel</ti>
<det>
<pl>Paris,</pl>
<pb>Lebastier frères jeunes, Brunet, marchands de nouveautés, an IIIe,</pb>
<f>2t. in-18,</f>
<p>151, 178p.</p>
</det>
<bib>BMî BNf Q</bib>
<tr>Trad. en prose d’un original en vers: Der Messias, 1751-1773. Pour d’autres détails, v. la version incomplète publiée en 1769 (69.42).</tr>
</entry>
</document>

<document>
<entry>
<id>95.23</id>
<au>LA ROCHE, Maria Sophie Gutermann,,Frau von trad. par t Marie-Élisabeth de POLIER</au>
<ti>Eugénie ou la résignation, anecdote traduite de l’allemand</ti>
<det>
<pl>Londres,</pl>
<y>1795,</y>
<f>in-8,</f>
<p>294p.</p>
</det>
<bib>J LL xii 1795 B Monglond Q</bib>
<tr>Trad. de Schônes Bild der Résignation, 1795.</tr>
<res>
<r_p>Ire personne;</r_p>
<r_pl>Angleterre;</r_pl>
<r_n>Eugénie, Edouard, sir George, le docteur Leyris;</r_n>
<r_c>intrigue sentimentale.</r_c>
</res>
<ae>Autre édition: — Lausanne, 1797, in-12, 340p. (Lausannet, Q)</ae>
</entry>
</document>

<document>
<entry>
<id>95.24</id>
<au>LEBASTIER, C. -B.</au>
<ti>Dorbeuil et Céliane de Valran, leurs amours et leurs malheurs pendant la tyrannie de Robespierre</ti>
<det>
<pl>Paris,</pl>
<pb>chez l’auteur, André,</pb>
<y>an III (1795),</y>
<f>3 part, in-18,</f>
<p>198, 124, 125-195p.</p>
</det>
<bib>BNt JP 3 vend. IV; Mag. enc. I 1795 iv 566-67; MF 21.xi.95 Gay Monglond Q</bib>
<res>
<r_p>Ire personne;</r_p>
<r_pl>Paris, province, Amérique (période révolutionnaire);</r_pl>
<r_n>Dorbeuil (né à Philadelphie), le citoyen Leleu, Céliane de Valran, la bonne Lacroix, Wilson, M. Kinson;</r_n>
<r_c>intrigue sentimentale, voyages, aventures, malheurs.</r_c>
</res>
<ae>Autres éditions: Berlin, 1796 (Monglond, qui cite Kayser) Basle, 1796 (Monglond, qui cite Kayser). Gay donne également une édition de 1796, 2t. in— 12.</ae>
</entry>
</document>

<document>
<entry>
<id>95.25</id>
<au>LEGROING-LA-MAISONNEUVE, mademoiselle F.-T.-A.</au>
<ti>Zénobie, reine d’Arménie</ti>
<det>
<pl>Paris,</pl>
<pb>chez l’éditeur, André, Déroy, an III-1795,</pb>
<f>2t. in-18,</f>
<p>178, 140p.</p>
</det>
<bib>Nantes! DeGet B Monglond</bib>
<res>
<r_c>Histoire très romancée de Zénobie, reine de Palmyre, en 24 livres.</r_c>
</res>
<ae>Autre édition: 2e édition, Paris, Delance, an VII, 300p. (Monglond, 0)</ae>
</entry>
</document>

<document>
<entry>
<id>95.26</id>
<au>MATON DE LA VARENNE, Pierre-Anne-Louis de</au>
<ti>Camille et Formose, histoire italienne, par P.A.L. Maton (de la Varennc)</ti>
<det>
<pl>Paris,</pl>
<pb>Louis,</pb>
<y>l’an III de l’ère républicaine (1795),</y>
<f>in-18,</f>
<p>xvi + 176p.</p>
</det>
<bib>BNt Monglond Q</bib>
<res>
<r_p>3e personne;</r_p>
<r_pl>Italie, (le déserte;</r_pl>
<r_n>Camille, Formose, Gardini, Amulem;</r_n>
<r_c>amours malheureuses, voyages, naufrage;</r_c>
<r_s>sensibilité.</r_s>
</res>
<ae>Autre édition: — Seconde édition, Paris, Rochette, an VI, 2t. in-18 (JG I 219, JT 16 mess. VI, Q)</ae>
</entry>
</document>

<document>
<entry>
<id>95.27</id>
<au>MATON DE LA VARENNE, Pierre-Anne-Louis de n</au>
<ti>Valdeuil ou les malheurs d’un habitant de St. Domingue, publiés par P.A.L. Maton (de-la-Varenne)</ti>
<det>
<pl>Paris,</pl>
<pb>Louis,</pb>
<y>l’an IIIe (1795),</y>
<f>in-18,</f>
<p>iv + 167p.</p>
</det>
<bib>BNt Monglond</bib>
<ex>Avertissement: ‘L’histoire intéressante qu’on va lire a paru il y a long tems, intitulée Mémoires d’un Américain... Je /la/ remets aujourd’hui sous les yeux du public avec des change-mens sans nombre...’ Il s’agit d’une version entièrement réécrite d’un roman de Jacques-Vincent Delacroix, publié en 1771 (v. 71.24).</ex>
<res>
<r_p>Ire personne;</r_p>
<r_pl>isle de Saint-Domingue, Brest, Paris, A llemagne;</r_pl>
<r_n>Valdeuil, madame de Florville, Aglaé, Melcourt;</r_n>
<r_c>voyages et malheurs d’un jeune homme;</r_c>
<r_s>sensibilité passionnée.</r_s>
</res>
<ae>Autre édition: — 2de édition, Paris, Rochette, an VI (1798), 2t. in-18 (JT 30 germ., 1 mess. VI, Q). Selon JT le titre de cette édition serait: Valdeuil ou l’infortuné colon...</ae>
</entry>
</document>

<document>
<entry>
<id>95.28</id>
<au>MERCIER DE COMPÏÈGNE, Claude-François-Xavier</au>
<ti>Gérard de Velsen, nouvelle historique en VII. livres, par le C. Mercier de Compiègne</ti>
<det>
<pl>Paris,</pl>
<pb>de l’imprimerie de l’auteur,</pb>
<y>1795,</y>
<f>in-18,</f>
<p>173 (pour 176)p.</p>
</det>
<bib>BNt Clayton Monglond Q</bib>
<res>
<r_p>3e personne;</r_p>
<r_pl>Pays-Bas, Angleterre (XlIIe siècle);</r_pl>
<r_n>Gérard de Velsen, Engisberthe, Bertholde;</r_n>
<r_c>intrigues politiques, histoire d’amour;</r_c>
<r_s>sensibilité, mélancolie.</r_s>
</res>
<ae>Autre édition: — ... nouvelle édition,</ae>
<det>
<pl>Paris,</pl>
<pb>veuve Girouard, et au bureau de la librairie,</pb>
<y>l’an III (1795),</y>
<f>in-18,</f>
<p>140p.</p>
</det>
<bib>JG 1 150; JP 29.iii.97; Mag. enc. II 1797 vi 286; Q)</bib>
</entry>
</document>

<document>
<entry>
<id>95.29</id>
<au>MERCIER DE COMPIÈGNE, Claude-François-Xavier</au>
<ti>Ismaël et Christine, nouvelle historique, par C. Mercier de Compiègne, nouvelle édition, augmentée d’un essai sur le bonheur et autres pièces fugitives</ti>
<det>
<pl>Paris,</pl>
<pb>Mercier,</pb>
<y>IIIe année républicaine,</y>
<f>in-18,</f>
<p>180p.</p>
</det>
<bib>BM BNt Gay Monglond</bib>
<ex>La nouvelle d’Ismaël et Christine a été publiée en 1793 (v. 93.13). Cette nouvelle édition comporte un conte moral qui n’avait pas encore paru: Zélindor (pp. 127-154).</ex>
</entry>
</document>

<document>
<entry>
<id>95.30</id>
<au>MERCIER DE COMPIÈGNE, Claude-François-Xavier n</au>
<ti>Nouvelles galantes et tragiques, fragmens pour servir à l’histoire du siècle qui a précédé la révolution, recueillis par C. Mercier de Compiègne, deuxième édition, revue, corrigée et augmentée</ti>
<det>
<pl>Versailles,</pl>
<pb>de l’imprimerie de M.-D. Cosson,</pb>
<y>1795,</y>
<f>6 part. in-18,</f>
<p>141, 142, 136, 137, 139, 107p.</p>
</det>
<bib>BMt Monglond</bib>
<ex>La première version de ce recueil a paru en 1793 (v. 93.14). L’édition augmentée reproduit les neuf récits publiés en 1793, suivis des titres donnés ci-dessous:</ex>
<res>
<r_st>Pp. 118-125, L’héroïne galloise; 125-127, Paschal; 127-133, L’infanticide; 133-137, Jacques; 137-144, La nymphe dupée; 144-147, Le père juge et bourreau; 147-152, La bohémienne; 152-154, La vocation; 154-156, L’habitude; 156-159, La bonne mère; 159-163, Le laconisme; 163-168, Le chemin des emplois; 168-171, Le fratricide; 171-174, L’amour conjugal.</r_st>
</res>
</entry>
</document>

<document>
<entry>
<id>95.31</id>
<au>MERCIER DE COMPÏÈGNE, Claude-François-Xavier</au>
<ti>Les nuits de la Conciergerie, rêveries mélancoliques et poésies d’un proscrit, fragmens échappés au vandalisme</ti>
<det>
<pl>Berne,</pl>
<pb>chez Emanuel Haller,</pb>
<y>1795,</y>
<f>in-8.</f>
<p>120p.</p>
</det>
<bib>BNt Monglond Q</bib>
<res>
<r_st>Opéra-comique, poèmes, dissertations, avec des ‘visions’ en prose: pp. 1-7, La buvette: 8-16, Le transfèrement du 20 germinal: 17-25, La raison; 26-30, Les bords de la Seine; 31-40, La reproduction des êtres; 41-51, La métempsychose.</r_st>
</res>
<ae>Autres éditions: - Leipzig, Sommer, 1795, in-18 (Monglond, qui cite Kayser) — Les nuits de mélancolie, variétés philosophiques et sentimentales par C.F. Mercier, Paris, marchands de nouveautés, 1797, 2t. in-18, 140, 18Ôp. (Bibl. Monglondt, Monglond). Comprend aussi 95.32.</ae>
</entry>
</document>

<document>
<entry>
<id>95.32</id>
<au>MERCIER DE COMPÏÈGNE, Claude-François-Xavier</au>
<ti>Les nuits d’hiver, variétés philosophiques et sentimentales, contes et nouvelles en prose et en vers, recueillies par Mercier de Compiègne</ti>
<det>
<pl>Paris,</pl>
<y>(1795),</y>
<f>in-8</f>
</det>
<bib>BM BNt JP 23 pluv. III Gay Monglond Q</bib>
<res>
<r_st>Pp. 11-20, Pérès et Zimiska, nouvelle espagnole; 33-37, Philotès et Sara ou la prédiction accomplie; 166-170, Les chants de Sélim ou la morale du berger, idylle orientale; avec des poèmes et des dissertations.</r_st>
</res>
<ae>Autre édition: — Les nuits de mélancolie, variétés philosophiques et sentimentales par C.F. Mercier. Paris, marchands de nouveautés, 1797, 2t. in-18, 140, 180p. (Bibl. Monglondt, Monglond). Comprend aussi 95.31.</ae>
</entry>
</document>

<document>
<entry>
<id>95.33</id>
<au>NOGARET, François-Félix</au>
<ti>Contes et historiettes en prose de Félix Nogaret</ti>
<det>
<pl>Paris.</pl>
<pb>Girouard,</pb>
<y>1793,</y>
<f>8t. en 4 v. in-18,</f>
<p>xiv + 315, 503, 575, 374p.</p>
</det>
<bib>BNt Gay Monglond</bib>
<ex>Presque tous les morceaux publiés ici semblent avoir été reproduits sous le titre de VAristénète français en 1797; et Nogaret prétend s’être inspiré des lettres de l’auteur grec. Dans l’édition de VAristénète français de 1807, on trouve la notice suivante (III, 5): ’Félix Nogaret a publié en 1797 l’Aristénète français, deux volumes in-18: il a imité toutes les lettres d’Aristénète. On peut même dire qu’il a fait un ouvrage nouveau ... Il a même augmenté l’ouvrage grec de plus d’un tiers, et il est difficile de distinguer les morceaux qu’il a imités de ceux que son imagination lui a fournis’. Pour les Lettres d’Aristénète, v. aussi 52.10, 83.R52. Delcro, Gay et Q donnent une première édition de VAristénète français en 1780, lt. in-18, mais nous n’avons pu en trouver aucun exemplaire.</ex>
<res>
<r_st>I, 9-16, Portrait de ma maîtresse; 17-20, La douce violence; 21-43, Les plaisirs multiples; 44-48, Le dégourdi et les nigauds; 49- 56, Le cocu radouci; 57-61, Le futur n’y connaîtra rien; 62-70, L’amorceur attrapé; 71-76, Les goûts opposés; 77-81, Le rendez-vous donné; 82?98, Les amours de Cydippe et d’Aconce; 99-113, La femme vendue et livrée; 114-122. La beauté incomparable: 123-133, Le malade d’amour. 134-141, Le galant rebuté. H, 3-15, La paix conclue pour un pucelage; 16-22, Le fruit de la prière; 23-28, Le barbon goguenard; 29-38, Le retour à la vertu; 39-44, L’encorné; 45-49, La complaisance et les refus; 50- 61, L’inconstant corrigé; 62-70, Le galant mal bâti; 71-74, La double infortune; 75-84, La grand-sœur abandonnée; 85-96, L’illustre pantomime; 97-105, Le fat puni; 106-111, L’inexplicable; 112-122, Les prodiges de l’éloquence; 123- 129, La déclaration d’amour en peinture; 130-137, La femme mal mariée; 138-142, L’échange. III, 3-16, Le bilboquet et la balançoire; 17-24, La confidence sans succès; 25-30, L’amant cru débusqué; 31-40, Le gendre amoureux de sa belle-mère; 41-55, La colère de Poly-trupa; 56-59, L’amoureux de bonne pâte; 60-69, Le peintre amoureux de son ouvrage; 70-79, La double chaîne; 80-98, L’imbécille et lesfiloux; 99-104, Le galant évadé; 105-111, La soubrette occupée; 112-118, L’amante abandonnée; 119-123, Le raccommodement; 124-129, La femme au repentir; 130-136, Le galant sans peur. IV- 3-11, Simonide et Glycerie; 12-38, La prodigue et l’avare; 39-80, Les philosophes; 81-98, Les deux rusées ou les plaisirs interrompus; 99-122, L’évidence et les ténèbres; 123-129, L’amoureux qui perd son temps; 130-137, L’amante incomparable. V, 3-15, L’enfant de sa mère; 16-123, Aglaonice ou la belle au concours (v. 90.54); 124-139, Le réveil du dieu de Lampsaque. VI, 3-11, Strophonide; 12-34, Stésicore avait raison; 35-107, La terre est un animal.</r_st>
</res>
<ae>Autres éditions: - L’Aristénète français, par Félix Nogaret. Versailles, 1797, 2t. in-18, xix + 228, 244p. (Gay. 0). Cette référence est donnée également, t. III, p.7 de l’édition de 1807 (v. ci-dessous). JP 2.vi.97 donne: Paris, Deroy, 2t. in-8. — Œuvres, Versailles, de l’imprimerie de Cosson, 1797, 2t. in-18, 228, 244p. (NNt, Tricotel). Dans IM vis du t. I de l’édition de L’Aristénète français, 1807, on lit: ‘Je n’ai pas vu sans une extreme surprise, dans un nouveau catalogue de livres, que M. Bossange distribue dans ce moment, qu’il parle encore d’une vieille édition de cet opuscule (2 vol. 1797) et que, pour appâter le lecteur, il annonce ces babioles sous le titre: Œuvres philosophiques de Félix Nogaret, titre fastueux auquel je n’eus jamais l’audace de prétendre...’ - L’Aristénète..., Paris, 1805 (Monglond) - L ’Aristènète français ou recueil de folies amoureuses, quatrième édition, Paris, Léopold Collin, 1807, 3t. in-18, xxxvi + 214, xvii + 232, 294p. (BNf, Gay). Les t.I et II reproduisent à de légères différences près les morceaux des Contes et historiettes ... ; le t.III est une réédition de L’antipode de Marmontel, 1800 (v. 00.112).</ae>
</entry>
</document>

<document>
<entry>
<id>95.34</id>
<au>PONT-WULLYAMOZ, Marie-Louise-Françoise de</au>
<ti>La recette du médecin Nicoclès, anecdote orientale du règne de Cyrus</ti>
<det>
<pl>Londres,</pl>
<pb>aux dépens de la Compagnie,</pb>
<y>1795,</y>
<f>2t. in—</f>
<p>18. 180, 214p.</p>
</det>
<bib>BMf Monglond Q</bib>
<res>
<r_p>3e personne;</r_p>
<r_pl>Perse (règne de Cyrus);</r_pl>
<r_n>Zarté, Nadir, Mandane, Nicoclès, Zambys;</r_n>
<r_c>intrigues de cour.</r_c>
</res>
<ae>Autre édition: - ds Mélanges..., t.I, Vienne, veuve Albert, 1799, 2t. in-8, 343, 318p. (Lausannet). V. 99.143.</ae>
</entry>
</document>

<document>
<entry>
<id>95.35</id>
<au>QUESNÉ, Jacques Salbigoton</au>
<ti>Le naufrage</ti>
<det>
<pl>Paris,</pl>
<pb>F. Buisson, Tan 3e de la République,</pb>
<f>4t. in-12,</f>
<p>321, 316, 368, 427p.</p>
</det>
<bib>Monglond Q</bib>
<res>
<r_c>Saint-Fargeau</r_c>
</res>
</entry>
</document>

<document>
<entry>
<id>95.36</id>
<au>SADE, Donatien-Alphonse-François, marquis de</au>
<ti>Aline et Valcour ou le roman philosophique, écrit à la Bastille un an avant la Révolution de France, orné de quatorze gravures, par le citoyen S***</ti>
<det>
<pl>Paris,</pl>
<pb>Gueffier, Massot, an III,</pb>
<f>3t. in-18,</f>
<p>x+ 177, 154, 171p.</p>
</det>
<bib>JP 9 frim. IV Apollinaire, Sade B Gay Lely Valençay Q</bib>
<ex>Bien que portant la date de 1793, cet ouvrage ne fut publié qu’en 1795. ’ll en existe théoriquement trois éditions, mais qui proviennent du même tirage, commencé en 1791, interrompu en 1794 par le meurtre légal de Girouard /l’éditeur, qui a été guillotiné/, repris et achevé en 1795. Ces trois éditions... ne diffèrent entre elles que par le contenu des pages de titre... et par le nombre des eaux fortes qui, de quatorze dans les éditions A et B, passent à seize dans l’édition C’ (Lely, p.491 ). Deux contrefaçons de l’épisode de Sainville et de Léonore.95.36 dénoncées par Sade lui-même (Lely, p. 492), ont paru en 1799 (v. ci-dessous, Autres éditions).</ex>
<res>
<r_p>Lettres, avec récits intercalés Ire personne:</r_p>
<r_pl>Paris, province, royaume de Butua;</r_pl>
<r_n>Déterville, Valcour. Eugénie, Aline:</r_n>
<r_c>aventures romanesques, voyages, libertinage;</r_c>
<r_s>horreur et cruauté.</r_s>
</res>
<ae>Autres éditions: Paris, veuve Girouard, 1795, 8t. in—1S (Apollinaire, Lely, Valençay) - Aline et Valcour ou le roman philosophique écrit à la Bastille un an avant la Révolution de France, orné de seize gravures, Paris, veuve Girouard, 1795, 8t. in—18, xiv + 150, 151-315, 234, 261-503, 267, 269-575, 204. 205-374p. (BMt, BNt, Apollinaire, Gay. Lely, Mong-lond, Valençay) Paris, Maradan, 1795, 8 part, in—18 (Dufrenoy, Q) Editions de l’épisode de Sainville et de Léonore: - Valmor et Lydia ou voyage autour du monde de deux amans qui se cherchaient. Paris, Pigoreau, Leroux, an Vil, 2t. in-12, 191 (pour 195), 111 (pour 194)p. (BNt, JP 10 frim. VII, B, Gay, Monglond, Q) - Alzonde et Koradin, Paris, Cérioux, Moutardier et Ouvrier &amp; Versailles, Blaizot, an Vil, 2t. in-12, 228, 225p. (Oront, DeGet, JG II 51, JP 20 pluv. VII, JT 16 niv., 20 germ. VII, Apollinaire, B, Delcro, Gay, Lely, Monglond, Q)</ae>
</entry>
</document>

<document>
<entry>
<id>95.37</id>
<au>SADE, Donatien-Alphonse-François, marquis de</au>
<ti>La philosophie dans le boudoir, ouvrage posthume de l’auteur de Justine</ti>
<det>
<pl>Paris,</pl>
<pb>Leprieur,</pb>
<y>1795,</y>
<f>Tan</f>
<pb>troisième de la République,</pb>
<f>4 part. in-18,</f>
<p>173, 178, 167, 187p.</p>
</det>
<bib>BMt BNt Apollinaire, Sade Gay Lely Monglond Valençay</bib>
<ex>Q donne: vers 1793. La date est donnée sur la page de titre sous la forme suivante: M.DCC.XCXV.</ex>
<res>
<r_p>Dialogues; dans le boudoir d’une libertine;</r_p>
<r_s>madame de</r_s>
<r_n>Saint-Ange, le chevalier de Mirvel, Eugénie, Dohnancé;</r_n>
<r_c>cours de libertinage, précisions pornographiques.</r_c>
</res>
<ae>Autres éditions: - Londres, aux dépens de la Compaanie, 1795, 2t. in-24, 172,216p. (Bérard) Londres, Compagnie, 1805, 2t. in-8, 203, 191p. (Lely, Valençay)</ae>
</entry>
</document>

<document>
<entry>
<id>95.38</id>
<au>SENANCOUR. Etienne-Jean-Baptiste-Pierre-Ignace Pivert de</au>
<ae>Aldomen ou le bonheur dans l’obscurité, par le citoyen Pivert Paris. Leprieur, Tan troisième de la République, in-l 8, vii + 155p.</ae>
<bib>BNt JP 29 vend. III Monglond</bib>
<res>
<r_st>Pp. 9-118, Aldomen: lettres; province; Aldomen, Spittwead, Julie de ***: réflexions sur la nature et la philosophie, intrigue sentimentale; sensibilité. 119-150, Ynares: cadre</r_st>
<r_p>3e personne, avec récit Ire personne;</r_p>
<r_pl>Mongolie;</r_pl>
<r_n>Ynares, Zophilie: réflexions philosophiques.</r_n>
</res>
<ae>Autre édition: - Paris, Leprieur, 1795, in-l2, 96p. (Q)</ae>
</entry>
</document>

<document>
<entry>
<id>95.39</id>
<au>SMITH, Charlotte Turner, Mrs trad. par madame de t ROME, née Marné de</au>
<ti>Morville Célestine ou la victime des préjugés par Charlotte Smith, traduit de l’anglais sur la seconde édition, par la citoyenne R.....</ti>
<det>
<pl>Lausanne,</pl>
<pb>Durand, Ravanel et Compe.</pb>
<pl>&amp; Paris,</pl>
<pb>Fuchs,</pb>
<y>1795,</y>
<f>in-8,</f>
<p>203p.</p>
</det>
<bib>BM BNt MF I3.vii.95 Gay Monglond Q Rochedieu Saint-Fargeau Strccter</bib>
<tr>Trad. de Celestina, a Novel, 1791.</tr>
<res>
<r_p>3e personne;</r_p>
<r_pl>Angleterre, France;</r_pl>
<r_n>lady Mortimer, George, Mathilde, Célestine, lord Ossory. lord Molyneux;</r_n>
<r_c>amours contrariées, intrigues mondaines;</r_c>
<r_s>sensibilité.</r_s>
</res>
</entry>
</document>

<document>
<entry>
<id>95.40</id>
<au>SMITH, John trad. par Antoine-Gilbert GRIFFET DE LA mt BAUME et Jean-Joseph-Alexis DAVID DE SAINT-GEORGES</au>
<ti>Poèmes d’Ossian et de quelques autres bardes, pour servir de suite à TOsstan de Le Tourneur</ti>
<det>
<pl>Paris,</pl>
<pb>Denné, an III de la République,</pb>
<f>2 part, in-1</f>
<p>8, 235, 204p.</p>
</det>
<bib>Bibl. Monglondt BN (t. Il) B Q Rochedieu Van Tieghem</bib>
<tr>Trad. de Galic Antiquities, 1780.</tr>
<res>
<r_st>/, 1-47. Gaul: 48-91, Dargo; 92-127, Dennid; 128-177, Cathula. fl. 1-34, Manos; 35-68, Duthona; 69-103, Finan et Lorma; 104-121. Trathal; 122-154, Dargo, fils de Druivel. III. 1-41, Colhtil, fils de Dargo: 42-95, L’incendie de Tura; 96-124, Cathlava; 125-138, La mort d’Artho; 139-171, Cathluina.</r_st>
</res>
<ae>Autres éditions: - Les poèmes d’Ossian, Orran, Ullin et d’Ardar, ou les délassements des âmes sensibles dans les beautés de la nature, traduction nouvelle de l’anglais par Hill, Paris, Dufart, an IV, 3t. in-18 (Van Tieghem, selon qui seul le titre diffère de la première édition) — Poésies galliques, Paris, Dufart, an VI-1798, 7t. in-16 (Rochedieu, Van Tieghem). Comprend YOssian de Le Tourneur (v. 77.49) et cette traduction du recueil de Smith.</ae>
</entry>
</document>

<document>
<entry>
<id>95.41</id>
<au>SPIESS, Christian Heinrich trad. par ?</au>
<s>t</s>
<ti>Le petit Pierre ou aventures de Rodolphe de Westerbourg, tra duit de l’allemand</ti>
<det>
<pl>Paris,</pl>
<pb>de l’imprimerie du Magazin encyclopédique, l’an IIIe de la République,</pb>
<f>2t. in— 18,</f>
<p>180, 18l-348p.</p>
</det>
<bib>BNt JP 24 therm. III Monglond</bib>
<tr>Trad. de Das Petenndnnchen, Geistergeschichte aus dem 13. Jahrhundert, 1791-1792.</tr>
<ex>Une autre version a été publiée en 1796, avec le titre: Pétrillon (v. 96.59). L’édition sans date que possède BN est une traduction différente qui semble dater d’environ 1820.</ex>
<res>
<r_p>3e personne, avec large utilisation des dialogues;</r_p>
<r_pl>Allemagne (13e siècle). Arabie;</r_pl>
<r_n>Rodolphe de Westerbourg, le petit Pierre (nain fantôme), Régine, Waldeichen, Euphrosine;</r_n>
<r_c>voyages, aventures romanesques et merveilleuses.</r_c>
</res>
</entry>
</document>

<document>
<entry>
<id>95.42</id>
<au>STAEL-HOLSTEIN, Anne-Louise-Germaine Necker, baronne de</au>
<ti>Recueil de morceaux détachés par Mad- la Bne- Staël de Holstein</ti>
<det>Lausanne, Durand, Ravanel et Compe. &amp; Paris, Fuchs, 1795, in-8, 203p.</det>
<bib>BNt Longchamp Staël Q</bib>
<ex>Schazmann Les pp. 13-60 comportent YEssai sur les fictions.</ex>
<res>
<r_st>Pp. 61-203, Trois nouvelles: 65-91, Mirza ou lettre d’un voyageur; 95-140, Adelaide et Théodore; 143-203, Histoire de Pauline.</r_st>
</res>
<ae>Autres éditions: Pour les autres éditions des Trois nouvelles, voir Zulma (94. 14).</ae>
</entry>
</document>

<document>
<entry>
<id>95.43</id>
<au>TOMLINS, Elizabeth Sophia et Sophia LEE trad. par ct Antoine-Gilbert GRIFFET DE LA BAUME et François NOTARIS</au>
<ti>La victime de l’imagination ou l’enthousiaste de Werther, traduit de l’anglais</ti>
<det>Paris, Denné, an III de la République, 2 part, in-1 8, 235, 204p.</det>
<bib>BMt Streeter</bib>
<ex>0 donne ‘1794’; Appell, B, Monglond donnent ‘Paris, 1794’; Rochedieu donne ‘Paris, an II (1794)’; mais les seuls exemplaires que nous ayons pu voir portent ‘an HT ou ‘1795’.</ex>
<tr>Trad. de The Victim of Fancy (Tomlins), 1787,</tr>
<ex>avec une version en prose du poème A llermit’s Taie (Lee), 1787. La victime... est parfois attribuée à J. Hill, mais selon Q ce nom serait le pseudonyme de François Notaris.</ex>
<res>
<r_p>Lettres;</r_p>
<r_pl>Angleterre;</r_pl>
<r_n>Frédéric Burell, miss Morven, Franck;</r_n>
<r_c>les mésaventures d’une ieune fille exaltée, dont les lectures lui ont tourné la tête. H, 181-204, Histoire d’un hermite trouvée dans sa cellule, par miss Sophie Lee.</r_c>
</res>
<ae>Autre édition: — ... de Werther, suivie de l’Histoire d’un hermite trouvée dans sa cellule, par miss Sophie Lee, Paris, Louis, 1795, 2t. in-18, 235, 204p. (CtYt)</ae>
</entry>
</document>

<document>
<entry>
<id>95.44</id>
<au>WIELAND, Christoph Martin trad. par Antoine-Gilbert t GRIFFET DE LA BAUME Peregrinus</au>
<ti>Protee ou les dangers de l’enthousiasme, traduit de l’allemand de Wieland</ti>
<det>Paris, de l’imprimerie du Magazin encyclopédique, l’an IIIe de la République, 2t. in— 18, 180, 18l-348p.</det>
<bib>BMt JP 7.V.97; Mag. enc. II 1796 iv 431, Il 1797 v 513; MF I9.iii.97 Monglond Q Saint-Fargeau Steinberger</bib>
<tr>Trad. de Geheime Geschichte des Philosophen Peregrinus Proteus, 1791.</tr>
<res>
<r_p>Ire personne;</r_p>
<r_pl>Grèce antique;</r_pl>
<r_n>Pérégrinus, Calippe, Théoclée, Hégésias;</r_n>
<r_c>voyages et aventures d’un jeune homme; arrière-plan historique et philosophique.</r_c>
</res>
<ae>Autre édition: — Paris, an V, 1797, imprimerie du Magasin encyclopédique, 2t. in-18 (Steinberger, qui cite Mag. enc. Il</ae>
<ex>1797 v 513). Cf. les autres références à des périodiques sortis en 1797, données ci-dessus.</ex>
</entry>
</document>

</root>